Frequency (Hz),Power (dBm)
10000000,-77.02307129
10312197.26,-139.5628729
10624394.51,-77.32952118
10936591.77,-135.9646063
11248789.02,-76.66733551
11560986.28,-133.9729223
11873183.54,-77.58158112
12185380.79,-138.0400457
12497578.05,-77.10312653
12809775.31,-137.1478186
13121972.56,-77.82923126
13434169.82,-135.7308416
13746367.07,-77.63665771
14058564.33,-135.9792395
14370761.59,-78.44287109
14682958.84,-132.5698614
14995156.1,-78.30690002
15307353.35,-140.9157934
15619550.61,-78.46562958
15931747.87,-141.6470404
16243945.12,-78.19368744
16556142.38,-134.1264105
16868339.64,-78.59642029
17180536.89,-135.098731
17492734.15,-77.50797272
17804931.4,-141.9108343
18117128.66,-78.45602417
18429325.92,-153.2126837
18741523.17,-78.79555511
19053720.43,-137.1197577
19365917.68,-79.15124512
19678114.94,-135.9938269
19990312.2,-79.13065338
20302509.45,-130.713294
20614706.71,-78.1678772
20926903.97,-136.1187353
21239101.22,-78.36115265
21551298.48,-128.3945379
21863495.73,-79.79499817
22175692.99,-134.1343908
22487890.25,-79.10855865
22800087.5,-128.8369513
23112284.76,-79.31947327
23424482.02,-130.9204779
23736679.27,-80.06394959
24048876.53,-130.8528509
24361073.78,-79.86843872
24673271.04,-129.6049109
24985468.3,-79.66558838
25297665.55,-130.9096746
25609862.81,-79.39420319
25922060.06,-137.5452642
26234257.32,-79.41536713
26546454.58,-129.4909582
26858651.83,-79.76211548
27170849.09,-134.7316351
27483046.35,-79.95526123
27795243.6,-136.4027472
28107440.86,-81.63150024
28419638.11,-143.4800329
28731835.37,-79.77711487
29044032.63,-134.2512884
29356229.88,-79.39774323
29668427.14,-133.9321814
29980624.39,-80.05462646
30292821.65,-131.1738195
30605018.91,-81.1877594
30917216.16,-132.2665319
31229413.42,-79.88015747
31541610.68,-133.2129889
31853807.93,-80.15414429
32166005.19,-146.5732489
32478202.44,-80.39579773
32790399.7,-136.6066351
33102596.96,-80.4801712
33414794.21,-133.520484
33726991.47,-80.06331635
34039188.72,-130.2858801
34351385.98,-80.41300201
34663583.24,-131.8261633
34975780.49,-80.33200836
35287977.75,-140.7863684
35600175.01,-80.04597473
35912372.26,-135.6005163
36224569.52,-81.04681397
36536766.77,-142.6292944
36848964.03,-80.65421295
37161161.29,-142.7673254
37473358.54,-80.42697144
37785555.8,-129.8389044
38097753.05,-80.51281738
38409950.31,-130.210639
38722147.57,-80.53472137
39034344.82,-134.7891455
39346542.08,-81.0578537
39658739.34,-135.362998
39970936.59,-80.04716492
40283133.85,-132.1408911
40595331.1,-81.30670166
40907528.36,-131.5248632
41219725.62,-80.81047821
41531922.87,-132.3302069
41844120.13,-80.77064514
42156317.38,-130.8638678
42468514.64,-81.21587372
42780711.9,-132.3887091
43092909.15,-80.91734314
43405106.41,-131.5874853
43717303.67,-80.55854797
44029500.92,-140.3139868
44341698.18,-82.22009277
44653895.43,-136.5928564
44966092.69,-82.68516541
45278289.95,-140.2394629
45590487.2,-81.54072571
45902684.46,-133.709403
46214881.72,-80.18315125
46527078.97,-135.2114782
46839276.23,-80.68643951
47151473.48,-130.3137121
47463670.74,-81.51309967
47775868,-140.3528051
48088065.25,-83.18273163
48400262.51,-134.8273993
48712459.76,-81.63848114
49024657.02,-135.2094183
49336854.28,-81.42740631
49649051.53,-132.9052496
49961248.79,-81.84544373
50273446.05,-136.6748571
50585643.3,-82.61671448
50897840.56,-138.3206396
51210037.81,-81.26027679
51522235.07,-136.0675879
51834432.33,-82.86196137
52146629.58,-135.2285376
52458826.84,-81.29606628
52771024.09,-135.6058111
53083221.35,-82.03566742
53395418.61,-140.5602789
53707615.86,-83.53887177
54019813.12,-137.0585699
54332010.38,-83.2936554
54644207.63,-133.6913366
54956404.89,-82.23854065
55268602.14,-129.270957
55580799.4,-82.24246979
55892996.66,-135.396903
56205193.91,-82.25889587
56517391.17,-132.173728
56829588.42,-82.95513916
57141785.68,-145.7394476
57453982.94,-84.16215515
57766180.19,-139.1458502
58078377.45,-82.62860107
58390574.71,-139.9934912
58702771.96,-83.09113312
59014969.22,-133.6071386
59327166.47,-83.88217926
59639363.73,-136.5199499
59951560.99,-83.35181427
60263758.24,-133.8038702
60575955.5,-82.24360657
60888152.75,-131.0918951
61200350.01,-83.81337738
61512547.27,-139.0916204
61824744.52,-82.35447693
62136941.78,-132.9056005
62449139.04,-83.57514954
62761336.29,-132.8761511
63073533.55,-82.95700836
63385730.8,-133.7161322
63697928.06,-84.93687439
64010125.32,-141.8018408
64322322.57,-84.16587067
64634519.83,-137.0864325
64946717.08,-85.23955536
65258914.34,-132.6150274
65571111.6,-83.08099365
65883308.85,-137.5272894
66195506.11,-84.05252838
66507703.37,-136.7217474
66819900.62,-84.85355378
67132097.88,-134.1148748
67444295.13,-85.82949067
67756492.39,-139.7098913
68068689.65,-83.2226181
68380886.9,-130.1336126
68693084.16,-83.7355423
69005281.42,-138.8704748
69317478.67,-83.73769379
69629675.93,-132.0590277
69941873.18,-88.43315129
70254070.44,-128.8546515
70566267.7,-83.83018494
70878464.95,-136.5714331
71190662.21,-85.9599762
71502859.46,-131.3393621
71815056.72,-84.07701111
72127253.98,-153.8768682
72439451.23,-85.85109711
72751648.49,-137.1084967
73063845.75,-84.46054077
73376043,-139.9085608
73688240.26,-84.1613617
74000437.51,-138.4136419
74312634.77,-85.54960633
74624832.03,-140.6551428
74937029.28,-84.68820191
75249226.54,-136.5019598
75561423.79,-85.15557099
75873621.05,-147.115119
76185818.31,-88.29736333
76498015.56,-137.3808355
76810212.82,-86.10572816
77122410.08,-136.4966497
77434607.33,-85.33031464
77746804.59,-139.2188025
78059001.84,-86.7192917
78371199.1,-135.9908972
78683396.36,-87.21752169
78995593.61,-130.9153662
79307790.87,-87.11972048
79619988.12,-130.4008551
79932185.38,-88.99154671
80244382.64,-138.7151861
80556579.89,-86.44116212
80868777.15,-133.9884558
81180974.41,-86.97805025
81493171.66,-133.2245092
81805368.92,-88.08892063
82117566.17,-145.4887762
82429763.43,-85.8653946
82741960.69,-132.1493292
83054157.94,-87.21438601
83366355.2,-130.0117865
83678552.45,-89.14103707
83990749.71,-138.0406256
84302946.97,-86.54636384
84615144.22,-138.798728
84927341.48,-86.4298935
85239538.74,-142.7133856
85551735.99,-87.24679567
85863933.25,-131.6706152
86176130.5,-92.88561401
86488327.76,-134.6327887
86800525.02,-87.80905154
87112722.27,-137.922019
87424919.53,-88.19748692
87737116.78,-132.1252203
88049314.04,-87.24318697
88361511.3,-136.6741247
88673708.55,-90.76538879
88985905.81,-140.3954992
89298103.07,-92.83242182
89610300.32,-138.1293402
89922497.58,-90.06356066
90234694.83,-132.4119177
90546892.09,-90.12641925
90859089.35,-134.5362768
91171286.6,-89.40289317
91483483.86,-136.9083014
91795681.12,-92.5730603
92107878.37,-136.3266211
92420075.63,-92.56682708
92732272.88,-134.7975988
93044470.14,-88.30090337
93356667.4,-134.3695135
93668864.65,-89.57346356
93981061.91,-139.4402227
94293259.16,-91.63681853
94605456.42,-132.4021215
94917653.68,-92.81898647
95229850.93,-136.601203
95542048.19,-91.2796788
95854245.45,-131.6128302
96166442.7,-93.43563318
96478639.96,-134.7609625
96790837.21,-91.67731538
97103034.47,-133.5508947
97415231.73,-92.18847748
97727428.98,-140.1201544
98039626.24,-95.22489347
98351823.49,-135.0649023
98664020.75,-93.64956947
98976218.01,-140.0194921
99288415.26,-98.87831014
99600612.52,-138.0076208
99912809.78,-92.85440217
100225007,-133.2021551
100537204.3,-93.73939055
100849401.5,-133.0839148
101161598.8,-98.70986835
101473796.1,-132.4717932
101785993.3,-99.73298548
102098190.6,-138.2021704
102410387.8,-98.41458785
102722585.1,-129.9702368
103034782.3,-94.8222879
103346979.6,-139.3267889
103659176.8,-99.19599052
103971374.1,-132.2780981
104283571.4,-95.34279157
104595768.6,-132.9337378
104907965.9,-97.26914809
105220163.1,-133.4916449
105532360.4,-95.95075339
105844557.6,-131.5360632
106156754.9,-100.7801046
106468952.2,-135.5503607
106781149.4,-97.03201094
107093346.7,-133.5741949
107405543.9,-99.8145666
107717741.2,-139.683814
108029938.4,-92.35501969
108342135.7,-132.28234
108654332.9,-100.2865591
108966530.2,-135.007575
109278727.5,-101.5867453
109590924.7,-131.605628
109903122,-101.0672293
110215319.2,-140.3213263
110527516.5,-100.6322241
110839713.7,-134.4059057
111151911,-100.8307409
111464108.3,-136.7857122
111776305.5,-98.14683419
112088502.8,-145.7909765
112400700,-101.3571234
112712897.3,-133.9394751
113025094.5,-97.12103088
113337291.8,-134.0123053
113649489,-100.8817816
113961686.3,-132.3918524
114273883.6,-99.81400202
114586080.8,-137.0345373
114898278.1,-98.54190721
115210475.3,-138.1509924
115522672.6,-95.50669563
115834869.8,-129.0319738
116147067.1,-91.42345482
116459264.4,-135.3282537
116771461.6,-100.6073294
117083658.9,-136.2506933
117395856.1,-93.7203019
117708053.4,-132.149085
118020250.6,-100.2569265
118332447.9,-136.439002
118644645.1,-94.66559488
118956842.4,-137.5701513
119269039.7,-95.83791408
119581236.9,-132.6292486
119893434.2,-94.03445074
120205631.4,-132.1908331
120517828.7,-95.72592872
120830025.9,-134.1584082
121142223.2,-98.27705274
121454420.5,-132.6174078
121766617.7,-92.32126726
122078815,-137.1080236
122391012.2,-93.66268462
122703209.5,-132.8308477
123015406.7,-94.46833602
123327604,-131.5007849
123639801.2,-96.85264365
123951998.5,-133.5308294
124264195.8,-88.74054725
124576393,-130.6316595
124888590.3,-92.05600827
125200787.5,-136.362113
125512984.8,-91.77761913
125825182,-136.6150885
126137379.3,-94.63595462
126449576.5,-133.9687414
126761773.8,-90.88498724
127073971.1,-141.0316381
127386168.3,-94.18280485
127698365.6,-132.9974737
128010562.8,-90.55531339
128322760.1,-129.3736639
128634957.3,-91.0456776
128947154.6,-135.4230719
129259351.9,-92.32608905
129571549.1,-134.7537146
129883746.4,-90.48963955
130195943.6,-134.4371099
130508140.9,-91.44080409
130820338.1,-137.9936285
131132535.4,-92.06124968
131444732.6,-133.1233587
131756929.9,-94.52638842
132069127.2,-129.6840124
132381324.4,-88.71687324
132693521.7,-132.6467047
133005718.9,-89.09331522
133317916.2,-136.617713
133630113.4,-91.18436478
133942310.7,-133.9559393
134254508,-88.54830939
134566705.2,-136.3020086
134878902.5,-88.0810471
135191099.7,-137.1150122
135503297,-89.10791025
135815494.2,-138.6151648
136127691.5,-90.02967854
136439888.7,-132.4374456
136752086,-87.14520266
137064283.3,-137.3146429
137376480.5,-87.18284609
137688677.8,-132.9176702
138000875,-88.04434971
138313072.3,-130.3617315
138625269.5,-92.48793156
138937466.8,-134.7310858
139249664.1,-86.91139223
139561861.3,-132.7476416
139874058.6,-85.36597443
140186255.8,-135.5946722
140498453.1,-84.47516632
140810650.3,-128.2521734
141122847.6,-88.02075199
141435044.8,-134.8095312
141747242.1,-89.38430798
142059439.4,-127.4391012
142371636.6,-87.99846653
142683833.9,-134.0611334
142996031.1,-85.12290955
143308228.4,-142.8659124
143620425.6,-85.94187928
143932622.9,-136.3957891
144244820.2,-88.24027257
144557017.4,-135.3017187
144869214.7,-87.40857699
145181411.9,-139.8056555
145493609.2,-86.35198976
145805806.4,-138.9151678
146118003.7,-85.13150788
146430200.9,-134.5873632
146742398.2,-86.33411409
147054595.5,-137.6964025
147366792.7,-86.83853151
147678990,-130.8073492
147991187.2,-85.89511872
148303384.5,-139.9744635
148615581.7,-86.67807771
148927779,-130.0729132
149239976.2,-86.85912325
149552173.5,-131.3835669
149864370.8,-84.98896027
150176568,-133.2652502
150488765.3,-83.42967224
150800962.5,-131.9778814
151113159.8,-83.62982941
151425357,-134.1880865
151737554.3,-84.24889374
152049751.6,-131.6733923
152361948.8,-85.21264649
152674146.1,-136.851264
152986343.3,-83.73052979
153298540.6,-138.1273718
153610737.8,-84.41352844
153922935.1,-133.1895819
154235132.3,-82.18618774
154547329.6,-130.0406256
154859526.9,-84.99316407
155171724.1,-139.2525702
155483921.4,-82.85474396
155796118.6,-137.5654058
156108315.9,-83.84863281
156420513.1,-135.3799505
156732710.4,-83.70703888
157044907.7,-139.4473333
157357104.9,-84.8780365
157669302.2,-134.9821234
157981499.4,-82.60218811
158293696.7,-129.2968969
158605893.9,-82.67299652
158918091.2,-130.0725012
159230288.4,-83.38760376
159542485.7,-144.8501196
159854683,-84.96649933
160166880.2,-139.0110693
160479077.5,-83.45209503
160791274.7,-131.6221075
161103472,-83.37355042
161415669.2,-132.9664068
161727866.5,-82.53214264
162040063.8,-140.0432043
162352261,-83.30391693
162664458.3,-138.7182074
162976655.5,-82.51542664
163288852.8,-133.8346472
163601050,-82.61621094
163913247.3,-134.1345892
164225444.5,-82.81767273
164537641.8,-136.8539495
164849839.1,-82.91771698
165162036.3,-132.6031713
165474233.6,-83.07215118
165786430.8,-130.2477942
166098628.1,-82.46077728
166410825.3,-129.9869909
166723022.6,-83.96896362
167035219.9,-128.7156439
167347417.1,-82.29266357
167659614.4,-129.6498327
167971811.6,-80.91769409
168284008.9,-137.6136999
168596206.1,-81.75415039
168908403.4,-142.9678106
169220600.6,-82.73390961
169532797.9,-137.6271276
169844995.2,-82.58481598
170157192.4,-135.6722937
170469389.7,-81.70519257
170781586.9,-129.9053411
171093784.2,-81.43482971
171405981.4,-137.4547033
171718178.7,-82.69166565
172030375.9,-134.2548742
172342573.2,-80.56925964
172654770.5,-133.6582098
172966967.7,-81.9150238
173279165,-132.3295355
173591362.2,-81.72550201
173903559.5,-129.2355413
174215756.7,-81.58522797
174527954,-136.8113623
174840151.3,-81.66249085
175152348.5,-137.3516302
175464545.8,-81.53102875
175776743,-134.2502966
176088940.3,-81.95077515
176401137.5,-148.593421
176713334.8,-81.39305115
177025532,-133.5662603
177337729.3,-81.16017151
177649926.6,-129.3559027
177962123.8,-80.50543213
178274321.1,-133.1005011
178586518.3,-81.662323
178898715.6,-138.8117895
179210912.8,-81.36035156
179523110.1,-135.31359
179835307.4,-80.31757355
180147504.6,-139.3213415
180459701.9,-82.02649689
180771899.1,-132.2933264
181084096.4,-80.88017273
181396293.6,-127.3672247
181708490.9,-81.18755341
182020688.1,-132.8566351
182332885.4,-80.64093781
182645082.7,-139.3690863
182957279.9,-80.86306763
183269477.2,-130.9226446
183581674.4,-81.0072937
183893871.7,-138.9034948
184206068.9,-80.7546463
184518266.2,-141.8713446
184830463.5,-81.1759491
185142660.7,-132.2173986
185454858,-80.81526947
185767055.2,-129.6291265
186079252.5,-81.17777252
186391449.7,-131.7745886
186703647,-80.67598724
187015844.2,-132.394309
187328041.5,-80.94074249
187640238.8,-133.2227697
187952436,-80.29122925
188264633.3,-144.5541906
188576830.5,-80.29361725
188889027.8,-133.3032293
189201225,-80.08654022
189513422.3,-132.0047674
189825619.6,-79.79273987
190137816.8,-146.9322424
190450014.1,-79.85832977
190762211.3,-132.4365301
191074408.6,-80.69853973
191386605.8,-143.106513
191698803.1,-80.18720245
192011000.3,-129.0238409
192323197.6,-80.64744568
192635394.9,-139.5291967
192947592.1,-79.77966309
193259789.4,-135.6893377
193571986.6,-80.36779022
193884183.9,-137.0675116
194196381.1,-80.87213135
194508578.4,-145.1608191
194820775.6,-79.40317535
195132972.9,-140.2508764
195445170.2,-80.13828278
195757367.4,-144.0448065
196069564.7,-80.23767853
196381761.9,-140.8318396
196693959.2,-79.60801697
197006156.4,-131.7886267
197318353.7,-79.83822632
197630551,-134.0737066
197942748.2,-79.64732361
198254945.5,-141.983283
198567142.7,-80.22222137
198879340,-142.7911444
199191537.2,-79.48084259
199503734.5,-131.2263708
199815931.7,-80.01017761
200128129,-131.2825384
200440326.3,-79.24945831
200752523.5,-142.2155981
201064720.8,-79.63544464
201376918,-134.7671728
201689115.3,-79.06748199
202001312.5,-136.481925
202313509.8,-80.44636536
202625707.1,-131.477149
202937904.3,-80.08566284
203250101.6,-143.9124212
203562298.8,-78.69089508
203874496.1,-132.0492163
204186693.3,-78.4896698
204498890.6,-128.3923254
204811087.8,-78.89329529
205123285.1,-132.3662634
205435482.4,-78.59799957
205747679.6,-134.0707312
206059876.9,-80.01216125
206372074.1,-131.921195
206684271.4,-79.89103699
206996468.6,-130.3720922
207308665.9,-80.08300781
207620863.2,-138.5057745
207933060.4,-79.12993622
208245257.7,-135.0796423
208557454.9,-79.2631073
208869652.2,-134.7284918
209181849.4,-79.17064667
209494046.7,-136.1301641
209806243.9,-79.59191132
210118441.2,-135.8943853
210430638.5,-80.0227356
210742835.7,-130.5346441
211055033,-79.98465729
211367230.2,-136.1438208
211679427.5,-79.63864899
211991624.7,-133.127799
212303822,-79.83722687
212616019.3,-129.5620184
212928216.5,-79.44491577
213240413.8,-134.6229467
213552611,-80.13369751
213864808.3,-135.6299505
214177005.5,-79.53928375
214489202.8,-137.1903753
214801400,-79.54824829
215113597.3,-134.9790869
215425794.6,-79.42271423
215737991.8,-135.4202032
216050189.1,-79.07524109
216362386.3,-140.3826361
216674583.6,-78.51316071
216986780.8,-132.3962317
217298978.1,-78.54122925
217611175.3,-144.537528
217923372.6,-79.56293488
218235569.9,-141.9132147
218547767.1,-79.1500473
218859964.4,-131.5838232
219172161.6,-79.16415405
219484358.9,-132.4989691
219796556.1,-79.77870941
220108753.4,-132.6245337
220420950.7,-79.30388641
220733147.9,-133.1186438
221045345.2,-79.2151947
221357542.4,-131.4321966
221669739.7,-79.37270355
221981936.9,-132.5436621
222294134.2,-79.29797363
222606331.4,-132.2807837
222918528.7,-79.70829773
223230726,-131.1521521
223542923.2,-79.49686432
223855120.5,-133.0852728
224167317.7,-79.06495667
224479515,-130.4889746
224791712.2,-79.41869354
225103909.5,-138.6492071
225416106.8,-78.79055023
225728304,-133.1454992
226040501.3,-80.06149292
226352698.5,-136.055335
226664895.8,-78.81306458
226977093,-136.0438147
227289290.3,-78.93529511
227601487.5,-138.3157263
227913684.8,-79.11044312
228225882.1,-134.7412329
228538079.3,-79.10773468
228850276.6,-137.4460363
229162473.8,-79.92668915
229474671.1,-132.9579992
229786868.3,-79.55210114
230099065.6,-136.0861273
230411262.9,-79.03934479
230723460.1,-133.3825293
231035657.4,-77.73139191
231347854.6,-134.191184
231660051.9,-78.62898254
231972249.1,-142.8320684
232284446.4,-79.00770569
232596643.6,-129.4035406
232908840.9,-80.02509308
233221038.2,-131.8650732
233533235.4,-79.28230286
233845432.7,-138.1931067
234157629.9,-79.70144653
234469827.2,-135.5549231
234782024.4,-79.01377869
235094221.7,-143.8467016
235406419,-79.85697937
235718616.2,-148.5769873
236030813.5,-78.68278503
236343010.7,-140.9213934
236655208,-79.45470428
236967405.2,-139.1790838
237279602.5,-78.77952576
237591799.7,-132.330451
237903997,-78.97084045
238216194.3,-138.5600042
238528391.5,-78.45294189
238840588.8,-134.3159704
239152786,-79.18370056
239464983.3,-134.1023321
239777180.5,-78.70622253
240089377.8,-136.4003668
240401575,-80.42316437
240713772.3,-138.7572851
241025969.6,-80.38860321
241338166.8,-135.7866583
241650364.1,-80.90157318
241962561.3,-131.1124487
242274758.6,-78.93266296
242586955.8,-132.695487
242899153.1,-79.43313599
243211350.4,-138.0957861
243523547.6,-79.20970154
243835744.9,-141.0737371
244147942.1,-79.1891098
244460139.4,-127.9095297
244772336.6,-79.33681488
245084533.9,-132.9335394
245396731.1,-79.17363739
245708928.4,-140.2608404
246021125.7,-79.98058319
246333322.9,-132.3470221
246645520.2,-79.71598816
246957717.4,-131.5562201
247269914.7,-79.43743134
247582111.9,-136.6743078
247894309.2,-79.94893646
248206506.5,-133.9366522
248518703.7,-81.17993927
248830901,-134.3893499
249143098.2,-80.54419708
249455295.5,-129.6306219
249767492.7,-79.2720108
250079690,-134.5767279
250391887.2,-80.13333893
250704084.5,-130.995368
251016281.8,-78.82954407
251328479,-132.3711462
251640676.3,-80.58676147
251952873.5,-134.6251898
252265070.8,-79.44171143
252577268,-135.9230719
252889465.3,-80.04654694
253201662.6,-143.2694769
253513859.8,-79.89954376
253826057.1,-136.4279394
254138254.3,-80.07811737
254450451.6,-134.2267828
254762648.8,-79.58128357
255074846.1,-132.6518011
255387043.3,-79.6973877
255699240.6,-135.6018133
256011437.9,-80.70644379
256323635.1,-134.5618658
256635832.4,-81.53249359
256948029.6,-131.0106421
257260226.9,-79.94354248
257572424.1,-138.7237768
257884621.4,-80.40801239
258196818.7,-143.1326513
258509015.9,-80.41093445
258821213.2,-130.3579626
259133410.4,-79.33276367
259445607.7,-129.0666723
259757804.9,-79.65979767
260070002.2,-133.0349188
260382199.4,-80.64499664
260694396.7,-141.9005651
261006594,-81.28890991
261318791.2,-138.0503454
261630988.5,-80.45927429
261943185.7,-131.5278845
262255383,-79.90671539
262567580.2,-133.9576941
262879777.5,-79.60255432
263191974.7,-136.544776
263504172,-81.91183472
263816369.3,-131.9125891
264128566.5,-81.02120209
264440763.8,-131.0263586
264752961,-80.57447052
265065158.3,-140.4263067
265377355.5,-80.47168732
265689552.8,-126.328124
266001750.1,-80.34465027
266313947.3,-135.8074408
266626144.6,-79.44005585
266938341.8,-128.0819006
267250539.1,-80.16847992
267562736.3,-133.3948736
267874933.6,-80.58015442
268187130.8,-136.8844519
268499328.1,-80.83676147
268811525.4,-141.0545874
269123722.6,-82.19796753
269435919.9,-137.1742315
269748117.1,-80.30782318
270060314.4,-136.3879614
270372511.6,-80.81209564
270684708.9,-146.9182348
270996906.2,-79.61278534
271309103.4,-131.293601
271621300.7,-80.48820496
271933497.9,-128.876502
272245695.2,-80.58164978
272557892.4,-134.8420935
272870089.7,-82.31327057
273182286.9,-137.9245214
273494484.2,-81.01621246
273806681.5,-131.3917761
274118878.7,-80.3923645
274431076,-139.8473272
274743273.2,-80.1896286
275055470.5,-132.7920446
275367667.7,-81.22893524
275679865,-129.2247839
275992062.3,-80.92771912
276304259.5,-138.2168341
276616456.8,-80.47216797
276928654,-139.3649206
277240851.3,-82.53450775
277553048.5,-130.9367743
277865245.8,-81.49394989
278177443,-128.9716558
278489640.3,-81.82331085
278801837.6,-136.2909918
279114034.8,-80.88343048
279426232.1,-131.530921
279738429.3,-82.30197144
280050626.6,-135.1479864
280362823.8,-81.74002838
280675021.1,-133.367774
280987218.4,-82.36672211
281299415.6,-136.5777655
281611612.9,-83.4946518
281923810.1,-134.405097
282236007.4,-82.02310181
282548204.6,-131.5033636
282860401.9,-81.57312012
283172599.1,-138.0022039
283484796.4,-80.54253387
283796993.7,-132.5325994
284109190.9,-81.49481201
284421388.2,-130.3121557
284733585.4,-82.3118515
285045782.7,-128.6583471
285357979.9,-82.59386444
285670177.2,-135.6334143
285982374.4,-81.38395691
286294571.7,-140.9438696
286606769,-82.05033875
286918966.2,-133.2701941
287231163.5,-82.47713471
287543360.7,-132.5027227
287855558,-83.03180695
288167755.2,-137.8337469
288479952.5,-83.57766724
288792149.8,-134.714469
289104347,-82.90499115
289416544.3,-144.7711401
289728741.5,-83.24065399
290040938.8,-136.0229864
290353136,-82.1667099
290665333.3,-132.7265844
290977530.5,-83.56803131
291289727.8,-147.6235418
291601925.1,-82.21554565
291914122.3,-142.3817816
292226319.6,-84.67002869
292538516.8,-131.2134771
292850714.1,-83.20803833
293162911.3,-137.7887487
293475108.6,-84.84086609
293787305.9,-134.2410192
294099503.1,-82.86515045
294411700.4,-138.3395452
294723897.6,-84.18048859
295036094.9,-135.1394262
295348292.1,-84.68885804
295660489.4,-132.2024298
295972686.6,-83.73470307
296284883.9,-139.8676062
296597081.2,-84.44078064
296909278.4,-135.8980169
297221475.7,-83.84968567
297533672.9,-135.2466497
297845870.2,-85.09446717
298158067.4,-140.1815557
298470264.7,-83.82943726
298782462,-139.0510168
299094659.2,-83.5602417
299406856.5,-132.3386297
299719053.7,-84.00762177
300031251,-130.4643011
300343448.2,-84.55894471
300655645.5,-137.7693701
300967842.7,-84.56682587
301280040,-133.5175543
301592237.3,-83.9433899
301904434.5,-129.3502569
302216631.8,-85.93853761
302528829,-130.2591772
302841026.3,-84.583107
303153223.5,-132.9370794
303465420.8,-85.97634126
303777618.1,-142.9621344
304089815.3,-84.52610779
304402012.6,-138.0966558
304714209.8,-86.51978304
305026407.1,-136.4509192
305338604.3,-85.78758241
305650801.6,-136.1582098
305962998.8,-85.82852937
306275196.1,-132.0181036
306587393.4,-86.21710207
306899590.6,-133.1305914
307211787.9,-87.33326725
307523985.1,-150.4903173
307836182.4,-86.32252504
308148379.6,-141.6539679
308460576.9,-85.38380433
308772774.1,-131.7820959
309084971.4,-84.95659638
309397168.7,-131.1505804
309709365.9,-85.43042756
310021563.2,-134.1430426
310333760.4,-87.27197269
310645957.7,-131.130332
310958154.9,-86.1083603
311270352.2,-129.7330084
311582549.5,-86.39845278
311894746.7,-132.0405035
312206944,-87.22357944
312519141.2,-132.886939
312831338.5,-86.64350893
313143535.7,-139.1329565
313455733,-88.53576669
313767930.2,-135.9835577
314080127.5,-89.30283371
314392324.8,-130.5293798
314704522,-88.1311341
315016719.3,-137.6984777
315328916.5,-88.40873726
315641113.8,-140.9018621
315953311,-88.36884316
316265508.3,-134.4790411
316577705.6,-87.21478275
316889902.8,-134.7228308
317202100.1,-86.48258211
317514297.3,-134.3588324
317826494.6,-86.29276277
318138691.8,-132.3515234
318450889.1,-88.11152655
318763086.3,-135.4520178
319075283.6,-87.90627294
319387480.9,-136.5483313
319699678.1,-88.9188081
320011875.4,-140.9930334
320324072.6,-86.72087099
320636269.9,-139.8347387
320948467.1,-89.37175004
321260664.4,-138.5323858
321572861.7,-87.78572087
321885058.9,-130.1232061
322197256.2,-91.40892107
322509453.4,-134.9017248
322821650.7,-93.76509571
323133847.9,-133.678031
323446045.2,-89.32382981
323758242.4,-132.3154211
324070439.7,-89.33040635
324382637,-140.4863958
324694834.2,-92.57879067
325007031.5,-130.228858
325319228.7,-88.55717477
325631426,-135.444663
325943623.2,-90.30188022
326255820.5,-132.7003698
326568017.8,-89.65289327
326880215,-130.4492254
327192412.3,-94.2991328
327504609.5,-131.1084204
327816806.8,-93.26062333
328129004,-136.7820959
328441201.3,-93.27969686
328753398.5,-135.223258
329065595.8,-94.98398266
329377793.1,-129.0218267
329689990.3,-92.79823528
330002187.6,-130.876029
330314384.8,-89.98485591
330626582.1,-134.2045202
330938779.3,-91.75895792
331250976.6,-135.5192785
331563173.8,-93.35667
331875371.1,-135.4729376
332187568.4,-94.94557589
332499765.6,-146.3852453
332811962.9,-90.6527638
333124160.1,-129.5389929
333436357.4,-94.41119391
333748554.6,-137.3087072
334060751.9,-92.68699088
334372949.2,-130.8772345
334685146.4,-91.76313883
334997343.7,-131.67974
335309540.9,-92.33414615
335621738.2,-143.4438391
335933935.4,-96.87971341
336246132.7,-131.5554724
336558329.9,-94.86814442
336870527.2,-133.5875311
337182724.5,-91.68361758
337494921.7,-134.4657354
337807119,-91.90111653
338119316.2,-135.3351355
338431513.5,-91.73278144
338743710.7,-141.5754461
339055908,-92.7513678
339368105.3,-134.4898748
339680302.5,-95.67418188
339992499.8,-134.3626928
340304697,-98.33149617
340616894.3,-139.776557
340929091.5,-95.5324344
341241288.8,-134.3170385
341553486,-91.24659033
341865683.3,-131.3974524
342177880.6,-90.29222139
342490077.8,-134.6946936
342802275.1,-93.7379272
343114472.3,-143.8978796
343426669.6,-92.22059773
343738866.8,-130.6803656
344051064.1,-88.85269939
344363261.4,-134.4134283
344675458.6,-98.45645041
344987655.9,-134.1146307
345299853.1,-95.35753662
345612050.4,-136.6710577
345924247.6,-92.35930028
346236444.9,-130.7448492
346548642.1,-90.86916401
346860839.4,-133.459281
347173036.7,-89.37168137
347485233.9,-131.0379858
347797431.2,-88.99938977
348109628.4,-136.9383764
348421825.7,-92.15773144
348734022.9,-136.0729437
349046220.2,-90.67126508
349358417.5,-138.3265753
349670614.7,-88.94522106
349982812,-136.867301
350295009.2,-90.99748285
350607206.5,-129.1529913
350919403.7,-88.42625435
351231601,-135.5744543
351543798.2,-90.87979176
351855995.5,-132.3439856
352168192.8,-88.68853006
352480390,-139.9700079
352792587.3,-88.73294077
353104784.5,-140.1996222
353416981.8,-91.71122074
353729179,-133.4730749
354041376.3,-88.53514107
354353573.5,-140.2186346
354665770.8,-87.09571841
354977968.1,-133.7809057
355290165.3,-88.98409283
355602362.6,-140.4816351
355914559.8,-88.32810981
356226757.1,-137.5253057
356538954.3,-88.46806343
356851151.6,-137.4785833
357163348.9,-86.21286012
357475546.1,-131.3363104
357787743.4,-89.2403871
358099940.6,-133.6965094
358412137.9,-89.18631758
358724335.1,-143.5236578
359036532.4,-85.86913301
359348729.6,-136.9213018
359660926.9,-90.69651075
359973124.2,-129.0026922
360285321.4,-88.57283791
360597518.7,-132.2996588
360909715.9,-86.22308351
361221913.2,-150.023963
361534110.4,-86.56761171
361846307.7,-132.643302
362158505,-88.44080361
362470702.2,-137.2203131
362782899.5,-86.64519503
363095096.7,-137.5016394
363407294,-85.31626893
363719491.2,-132.8192053
364031688.5,-85.34992219
364343885.7,-133.6362982
364656083,-86.39483644
364968280.3,-135.9085608
365280477.5,-84.73004914
365592674.8,-134.4833593
365904872,-85.2458191
366217069.3,-129.7854834
366529266.5,-85.94605256
366841463.8,-136.5967169
367153661.1,-85.25431824
367465858.3,-137.3175268
367778055.6,-85.75097657
368090252.8,-129.5094061
368402450.1,-84.89608765
368714647.3,-137.3451452
369026844.6,-85.21121216
369339041.8,-133.4263067
369651239.1,-84.20860291
369963436.4,-133.141715
370275633.6,-84.16434479
370587830.9,-137.1050787
370900028.1,-86.12646486
371212225.4,-129.7298193
371524422.6,-84.9584961
371836619.9,-134.6111212
372148817.2,-83.32089996
372461014.4,-140.9483099
372773211.7,-83.92779541
373085408.9,-133.8236761
373397606.2,-85.39236451
373709803.4,-131.6326818
374022000.7,-82.31356049
374334197.9,-131.2760687
374646395.2,-83.57528687
374958592.5,-132.8766088
375270789.7,-84.91123963
375582987,-128.2676611
375895184.2,-84.48040772
376207381.5,-146.5887365
376519578.7,-83.33448029
376831776,-132.6240454
377143973.2,-85.15476227
377456170.5,-137.9088202
377768367.8,-82.66390228
378080565,-132.1496954
378392762.3,-83.14512634
378704959.5,-136.1689062
379017156.8,-82.88259888
379329354,-132.8152227
379641551.3,-83.33295441
379953748.6,-136.1531439
380265945.8,-83.85902405
380578143.1,-136.7152472
380890340.3,-82.10900116
381202537.6,-144.5311651
381514734.8,-83.43543244
381826932.1,-137.1691656
382139129.3,-84.4590683
382451326.6,-137.0073462
382763523.9,-83.02507019
383075721.1,-144.555747
383387918.4,-82.12978363
383700115.6,-137.4112921
384012312.9,-83.0534668
384324510.1,-129.8361731
384636707.4,-81.76131439
384948904.7,-142.1528387
385261101.9,-82.98265076
385573299.2,-137.253623
385885496.4,-81.99770355
386197693.7,-138.4051428
386509890.9,-81.69403839
386822088.2,-132.6651525
387134285.4,-80.8560791
387446482.7,-130.0493841
387758680,-81.55487061
388070877.2,-141.0490332
388383074.5,-82.64979553
388695271.7,-136.6054754
389007469,-80.71971893
389319666.2,-144.5029669
389631863.5,-81.43981934
389944060.8,-135.3565588
390256258,-82.38922882
390568455.3,-137.6023932
390880652.5,-82.02015686
391192849.8,-140.222312
391505047,-80.52663422
391817244.3,-139.7709265
392129441.5,-81.15119171
392441638.8,-136.8714666
392753836.1,-82.57830811
393066033.3,-134.3431463
393378230.6,-81.82486725
393690427.8,-133.4280157
394002625.1,-80.0704422
394314822.3,-136.1089392
394627019.6,-81.30059052
394939216.9,-129.8949194
395251414.1,-80.77350616
395563611.4,-139.5996161
395875808.6,-79.97890472
396188005.9,-138.137702
396500203.1,-81.33693695
396812400.4,-133.7433844
397124597.6,-80.50706482
397436794.9,-131.474494
397748992.2,-80.72006226
398061189.4,-137.279624
398373386.7,-80.65525055
398685583.9,-138.1261358
398997781.2,-80.07893372
399309978.4,-129.3832006
399622175.7,-80.38232422
399934372.9,-129.8931189
400246570.2,-80.57307434
400558767.5,-131.686347
400870964.7,-80.43983459
401183162,-134.3767462
401495359.2,-80.41022491
401807556.5,-141.3892889
402119753.7,-79.75004578
402431951,-132.9644995
402744148.3,-79.69470978
403056345.5,-130.2398901
403368542.8,-80.83364868
403680740,-132.2842627
403992937.3,-79.19747162
404305134.5,-134.8137121
404617331.8,-79.6676178
404929529,-136.2547064
405241726.3,-80.00914764
405553923.6,-141.6570044
405866120.8,-79.62750244
406178318.1,-135.1158667
406490515.3,-79.21058655
406802712.6,-134.0720434
407114909.8,-80.1319809
407427107.1,-146.1505041
407739304.4,-80.11560059
408051501.6,-140.2921209
408363698.9,-79.70235443
408675896.1,-139.9303198
408988093.4,-79.62570953
409300290.6,-135.1588964
409612487.9,-79.19629669
409924685.1,-131.6207037
410236882.4,-79.87883759
410549079.7,-136.4798956
410861276.9,-79.06726074
411173474.2,-136.2092199
411485671.4,-80.38625336
411797868.7,-135.2822485
412110065.9,-79.07197571
412422263.2,-134.8160925
412734460.5,-79.05118561
413046657.7,-137.7357855
413358855,-78.43583679
413671052.2,-140.8377447
413983249.5,-78.97579956
414295446.7,-135.4511786
414607644,-79.2467804
414919841.2,-138.2635717
415232038.5,-79.28037262
415544235.8,-130.186408
415856433,-79.57413483
416168630.3,-139.2009192
416480827.5,-78.90366364
416793024.8,-138.2452917
417105222,-78.76528168
417417419.3,-134.7445745
417729616.6,-78.30206299
418041813.8,-140.4504156
418354011.1,-78.87657166
418666208.3,-131.8345404
418978405.6,-78.05249023
419290602.8,-141.6633673
419602800.1,-78.85997772
419914997.3,-136.9823523
420227194.6,-79.31337738
420539391.9,-132.4754095
420851589.1,-78.49394989
421163786.4,-135.5041113
421475983.6,-79.50598907
421788180.9,-132.9487677
422100378.1,-79.25466919
422412575.4,-133.8976049
422724772.6,-77.67237854
423036969.9,-131.1732244
423349167.2,-78.27725983
423661364.4,-132.2242193
423973561.7,-78.12589264
424285758.9,-133.638999
424597956.2,-78.49192047
424910153.4,-134.6135473
425222350.7,-77.95030212
425534548,-141.3206091
425846745.2,-78.05543518
426158942.5,-129.8931189
426471139.7,-79.03954315
426783337,-130.2775183
427095534.2,-79.08807373
427407731.5,-128.6077642
427719928.7,-78.4281311
428032126,-137.6386938
428344323.3,-77.79978943
428656520.5,-135.0826178
428968717.8,-78.71187592
429280915,-145.35044
429593112.3,-77.66462708
429905309.5,-137.2272253
430217506.8,-78.12252045
430529704.1,-135.754447
430841901.3,-78.5796814
431154098.6,-133.7664709
431466295.8,-77.8837204
431778493.1,-131.5249395
432090690.3,-78.82741547
432402887.6,-136.0168982
432715084.8,-78.67016602
433027282.1,-134.6389227
433339479.4,-77.27748871
433651676.6,-137.2288733
433963873.9,-78.28218079
434276071.1,-141.5444403
434588268.4,-77.89562988
434900465.6,-130.0272894
435212662.9,-78.11026001
435524860.2,-139.1434698
435837057.4,-77.65977478
436149254.7,-136.5844488
436461451.9,-78.28450012
436773649.2,-131.7258215
437085846.4,-77.57752228
437398043.7,-130.4749823
437710240.9,-78.21841431
438022438.2,-142.3273382
438334635.5,-77.01829529
438646832.7,-135.0683966
438959030,-78.2706604
439271227.2,-136.6198797
439583424.5,-77.32188416
439895621.7,-135.9143591
440207819,-77.4938736
440520016.3,-136.2278051
440832213.5,-77.97303009
441144410.8,-133.9553595
441456608,-77.79515076
441768805.3,-129.1473913
442081002.5,-77.94947052
442393199.8,-140.9541235
442705397,-77.56801605
443017594.3,-134.0971441
443329791.6,-77.27255249
443641988.8,-133.6465979
443954186.1,-77.4937439
444266383.3,-141.6155004
444578580.6,-77.9126358
444890777.8,-132.7264166
445202975.1,-77.49369812
445515172.3,-137.9936895
445827369.6,-77.27172852
446139566.9,-134.0551367
446451764.1,-77.99562073
446763961.4,-140.5850286
447076158.6,-77.70823669
447388355.9,-132.0024176
447700553.1,-78.17195892
448012750.4,-139.3980627
448324947.7,-77.17095947
448637144.9,-132.3940954
448949342.2,-77.09450531
449261539.4,-137.224082
449573736.7,-77.54279327
449885933.9,-139.2715826
450198131.2,-77.70078278
450510328.4,-137.3651495
450822525.7,-76.99227905
451134723,-135.8445349
451446920.2,-77.63680267
451759117.5,-133.1178961
452071314.7,-77.41703033
452383512,-133.7506628
452695709.2,-77.49344635
453007906.5,-133.2663183
453320103.8,-77.61836243
453632301,-132.4806433
453944498.3,-77.73078156
454256695.5,-143.4708624
454568892.8,-76.63350677
454881090,-136.0928106
455193287.3,-77.2743454
455505484.5,-132.4460363
455817681.8,-77.13468933
456129879.1,-134.1856146
456442076.3,-76.65401459
456754273.6,-130.6189489
457066470.8,-77.77624512
457378668.1,-130.6622839
457690865.3,-78.8977356
458003062.6,-132.8597174
458315259.9,-76.91485596
458627457.1,-131.3427954
458939654.4,-77.52336121
459251851.6,-132.8471899
459564048.9,-77.51158142
459876246.1,-129.9845953
460188443.4,-76.94635773
460500640.6,-132.6508093
460812837.9,-77.01087952
461125035.2,-140.2374182
461437232.4,-77.90588379
461749429.7,-137.4966955
462061626.9,-77.27589417
462373824.2,-131.6427679
462686021.4,-77.67481995
462998218.7,-139.1272192
463310416,-76.98309326
463622613.2,-132.7963324
463934810.5,-77.37393188
464247007.7,-132.3802099
464559205,-77.31131744
464871402.2,-134.6884832
465183599.5,-77.32880402
465495796.7,-131.7985754
465807994,-77.62630463
466120191.3,-137.3971624
466432388.5,-77.70773315
466744585.8,-146.1736364
467056783,-77.39670563
467368980.3,-131.9348211
467681177.5,-77.18783569
467993374.8,-130.9381018
468305572,-77.22076416
468617769.3,-134.342185
468929966.6,-76.90679169
469242163.8,-133.3594275
469554361.1,-77.53942871
469866558.3,-139.4239721
470178755.6,-78.2720108
470490952.8,-131.38729
470803150.1,-77.34584045
471115347.4,-137.3143988
471427544.6,-77.07597351
471739741.9,-132.9428473
472051939.1,-77.52266693
472364136.4,-139.9429693
472676333.6,-77.81355286
472988530.9,-129.386939
473300728.1,-77.12329865
473612925.4,-133.7045355
473925122.7,-78.1138382
474237319.9,-137.9346838
474549517.2,-77.48458862
474861714.4,-138.6973944
475173911.7,-77.03907013
475486108.9,-145.4763098
475798306.2,-77.9017334
476110503.5,-133.1931677
476422700.7,-76.84915924
476734898,-133.6758642
477047095.2,-76.52122498
477359292.5,-140.6759863
477671489.7,-78.1621933
477983687,-142.1912756
478295884.2,-77.54616547
478608081.5,-130.7753668
478920278.8,-77.31010437
479232476,-132.1980505
479544673.3,-78.01255798
479856870.5,-130.7750616
480169067.8,-78.26094818
480481265,-136.3732977
480793462.3,-77.37935638
481105659.6,-131.6766577
481417856.8,-78.18517303
481730054.1,-133.6760168
482042251.3,-78.252388
482354448.6,-135.8458776
482666645.8,-77.19955444
482978843.1,-132.5544195
483291040.3,-76.94780731
483603237.6,-135.1145391
483915434.9,-77.72422791
484227632.1,-135.0656347
484539829.4,-77.49011993
484852026.6,-135.8854284
485164223.9,-78.30402374
485476421.1,-135.3485174
485788618.4,-77.94056702
486100815.7,-143.8814611
486413012.9,-77.43525696
486725210.2,-134.2026739
487037407.4,-77.60021973
487349604.7,-138.1312475
487661801.9,-78.25244141
487973999.2,-134.5347967
488286196.4,-77.4730072
488598393.7,-133.8986731
488910591,-77.42262268
489222788.2,-132.6731329
489534985.5,-78.3526535
489847182.7,-131.03971
490159380,-78.14720154
490471577.2,-132.7561102
490783774.5,-77.75801849
491095971.7,-142.5443335
491408169,-79.09519959
491720366.3,-132.4018011
492032563.5,-78.46569061
492344760.8,-134.4761267
492656958,-78.30654144
492969155.3,-135.1187963
493281352.5,-77.90707397
493593549.8,-138.0956182
493905747.1,-78.1205368
494217944.3,-131.1669683
494530141.6,-77.47118378
494842338.8,-140.88169
495154536.1,-77.74123383
495466733.3,-131.4285345
495778930.6,-77.37630463
496091127.8,-148.7616186
496403325.1,-77.68751526
496715522.4,-131.1117163
497027719.6,-78.56389618
497339916.9,-135.1909399
497652114.1,-78.53482819
497964311.4,-133.1665258
498276508.6,-78.42712402
498588705.9,-134.3802404
498900903.2,-78.47375488
499213100.4,-144.6637945
499525297.7,-78.5189209
499837494.9,-133.1300421
500149692.2,-78.63128662
500461889.4,-133.5913153
500774086.7,-78.47250366
501086283.9,-134.1035223
501398481.2,-78.34017181
501710678.5,-133.6052008
502022875.7,-78.80461121
502335073,-135.0875311
502647270.2,-78.8868866
502959467.5,-135.2719488
503271664.7,-78.10193634
503583862,-135.4879827
503896059.3,-79.31968689
504208256.5,-134.9411535
504520453.8,-79.23586273
504832651,-130.1103735
505144848.3,-78.30466461
505457045.5,-136.4116888
505769242.8,-78.58022308
506081440,-137.0988073
506393637.3,-78.3001709
506705834.6,-134.9674597
507018031.8,-78.67053986
507330229.1,-128.4441137
507642426.3,-79.0357666
507954623.6,-134.0398932
508266820.8,-78.60799408
508579018.1,-141.2194433
508891215.4,-78.53739929
509203412.6,-128.9503698
509515609.9,-78.79238129
509827807.1,-140.8643866
510140004.4,-79.62208557
510452201.6,-142.6090918
510764398.9,-78.49980164
511076596.1,-137.3042822
511388793.4,-79.01641846
511700990.7,-131.5291052
512013187.9,-78.75695038
512325385.2,-134.3218298
512637582.4,-79.24637604
512949779.7,-134.549613
513261976.9,-79.43301392
513574174.2,-139.56919
513886371.4,-79.27128601
514198568.7,-131.3555059
514510766,-78.81925964
514822963.2,-138.1528997
515135160.5,-79.30574799
515447357.7,-133.05828
515759555,-79.83560181
516071752.2,-141.3439093
516383949.5,-79.94286346
516696146.8,-144.3975286
517008344,-79.51435852
517320541.3,-139.2147131
517632738.5,-80.51676941
517944935.8,-132.5150061
518257133,-80.28595734
518569330.3,-129.7486639
518881527.5,-79.57523346
519193724.8,-138.3525152
519505922.1,-80.95761108
519818119.3,-135.2797155
520130316.6,-80.4116745
520442513.8,-134.2260351
520754711.1,-79.53137207
521066908.3,-129.8467016
521379105.6,-80.7427063
521691302.9,-130.8103552
522003500.1,-80.24530029
522315697.4,-135.7037115
522627894.6,-79.31135559
522940091.9,-134.1840124
523252289.1,-79.56800079
523564486.4,-135.8627691
523876683.6,-81.2592392
524188880.9,-141.1015387
524501078.2,-80.30544281
524813275.4,-132.8792181
525125472.7,-79.3950119
525437669.9,-139.7194281
525749867.2,-80.41966248
526062064.4,-133.6291723
526374261.7,-80.83872986
526686459,-140.076911
526998656.2,-80.44863129
527310853.5,-130.543479
527623050.7,-80.50390625
527935248,-131.186698
528247445.2,-80.60033417
528559642.5,-137.0465002
528871839.7,-80.49980164
529184037,-135.0204229
529496234.3,-81.4752121
529808431.5,-137.9346075
530120628.8,-80.16130066
530432826,-132.0670233
530745023.3,-80.33783722
531057220.5,-133.6634588
531369417.8,-81.23093414
531681615.1,-143.1141577
531993812.3,-80.25141907
532306009.6,-133.8372107
532618206.8,-81.47891235
532930404.1,-131.2400885
533242601.3,-81.55476379
533554798.6,-129.7314215
533866995.8,-80.25040436
534179193.1,-133.0843573
534491390.4,-81.86888886
534803587.6,-139.6768866
535115784.9,-81.8984375
535427982.1,-142.7226171
535740179.4,-80.90569305
536052376.6,-133.2736883
536364573.9,-81.53127289
536676771.1,-142.1945105
536988968.4,-82.59120941
537301165.7,-132.5442114
537613362.9,-81.0898819
537925560.2,-134.7939978
538237757.4,-82.66353607
538549954.7,-133.524909
538862151.9,-82.0316391
539174349.2,-147.7335882
539486546.5,-81.73855591
539798743.7,-132.9152288
540110941,-81.07188416
540423138.2,-145.8382025
540735335.5,-82.77695465
541047532.7,-141.1654882
541359730,-81.35119629
541671927.2,-136.7992468
541984124.5,-81.7473526
542296321.8,-139.6375952
542608519,-81.70327759
542920716.3,-142.5825109
543232913.5,-80.9360199
543545110.8,-140.5798254
543857308,-82.3544693
544169505.3,-140.0896368
544481702.6,-82.48457337
544793899.8,-133.8353491
545106097.1,-82.09066773
545418294.3,-135.7043219
545730491.6,-82.18475342
546042688.8,-134.8275518
546354886.1,-83.67301941
546667083.3,-132.2758703
546979280.6,-83.10493469
547291477.9,-141.7484961
547603675.1,-81.8482132
547915872.4,-132.0348577
548228069.6,-82.15690613
548540266.9,-139.4805212
548852464.1,-81.65276337
549164661.4,-143.8975134
549476858.7,-84.16773224
549789055.9,-134.1133184
550101253.2,-82.20033264
550413450.4,-146.487464
550725647.7,-83.7811966
551037844.9,-135.3553991
551350042.2,-83.28219605
551662239.4,-139.6761084
551974436.7,-82.8486023
552286634,-130.5041265
552598831.2,-83.5754776
552911028.5,-143.7829809
553223225.7,-84.07157898
553535423,-137.7793036
553847620.2,-84.33617402
554159817.5,-132.3341742
554472014.8,-83.19042969
554784212,-135.8302832
555096409.3,-83.26173401
555408606.5,-134.5110998
555720803.8,-83.99081421
556033001,-137.8131781
556345198.3,-83.0133667
556657395.5,-133.1000586
556969592.8,-83.28457642
557281790.1,-133.6145391
557593987.3,-83.06338501
557906184.6,-139.4492102
558218381.8,-84.3098526
558530579.1,-137.7941504
558842776.3,-83.67782593
559154973.6,-135.8164587
559467170.8,-83.54335785
559779368.1,-135.2417669
560091565.4,-83.46479798
560403762.6,-131.0102758
560715959.9,-83.77682495
561028157.1,-133.7468481
561340354.4,-84.22407532
561652551.6,-131.8680334
561964748.9,-83.6909256
562276946.2,-131.877265
562589143.4,-83.57154083
562901340.7,-140.82479
563213537.9,-83.13613892
563525735.2,-131.6451178
563837932.4,-83.35556793
564150129.7,-132.2592077
564462326.9,-83.6955185
564774524.2,-129.393363
565086721.5,-82.96687317
565398918.7,-131.9168158
565711116,-83.54641724
566023313.2,-133.4422216
566335510.5,-84.16858673
566647707.7,-135.3791876
566959905,-83.53621674
567272102.3,-145.7517614
567584299.5,-83.69097138
567896496.8,-132.2219915
568208694,-83.47383881
568520891.3,-130.7628241
568833088.5,-85.14035798
569145285.8,-132.4043493
569457483,-82.66550446
569769680.3,-132.7788458
570081877.6,-83.04808045
570394074.8,-143.19625
570706272.1,-83.36378479
571018469.3,-129.4687872
571330666.6,-83.2267685
571642863.8,-129.8454809
571955061.1,-84.36706543
572267258.4,-140.6016912
572579455.6,-83.216568
572891652.9,-138.6934729
573203850.1,-83.86592865
573516047.4,-132.3477087
573828244.6,-83.50328064
574140441.9,-134.2516088
574452639.1,-82.86650849
574764836.4,-138.1927557
575077033.7,-82.37304688
575389230.9,-137.5354071
575701428.2,-82.42269898
576013625.4,-132.38906
576325822.7,-82.77294159
576638019.9,-134.0724707
576950217.2,-84.67830659
577262414.5,-135.7375097
577574611.7,-82.09248352
577886809,-133.0995092
578199006.2,-83.38638306
578511203.5,-134.9402075
578823400.7,-85.0550995
579135598,-132.2198858
579447795.2,-83.04399109
579759992.5,-134.1913977
580072189.8,-82.54446411
580384387,-136.2479162
580696584.3,-83.17606354
581008781.5,-141.7807989
581320978.8,-83.8150177
581633176,-148.0633307
581945373.3,-82.10804749
582257570.5,-130.9506292
582569767.8,-82.68305206
582881965.1,-139.1314917
583194162.3,-83.09784699
583506359.6,-136.0207891
583818556.8,-82.52415466
584130754.1,-130.1570196
584442951.3,-82.67436981
584755148.6,-135.8824682
585067345.9,-83.20674896
585379543.1,-129.5527411
585691740.4,-82.63158417
586003937.6,-131.481513
586316134.9,-82.94642639
586628332.1,-128.1760473
586940529.4,-80.99472046
587252726.6,-131.6077642
587564923.9,-82.03054047
587877121.2,-138.3290472
588189318.4,-83.29785919
588501515.7,-131.6943274
588813712.9,-82.40151978
589125910.2,-139.6209021
589438107.4,-81.55883789
589750304.7,-133.5234289
590062502,-81.52238464
590374699.2,-133.8007879
590686896.5,-81.67626953
590999093.7,-131.9659338
591311291,-82.02051544
591623488.2,-137.4679632
591935685.5,-82.46176148
592247882.7,-135.3751593
592560080,-81.67346191
592872277.3,-131.888175
593184474.5,-81.47899628
593496671.8,-133.9911108
593808869,-81.64096832
594121066.3,-132.4414129
594433263.5,-81.36345673
594745460.8,-132.5600348
595057658.1,-80.75668335
595369855.3,-149.6299505
595682052.6,-81.3794632
595994249.8,-135.4386206
596306447.1,-80.75653076
596618644.3,-133.4097509
596930841.6,-81.09047699
597243038.8,-143.8725958
597555236.1,-81.12898254
597867433.4,-135.0779028
598179630.6,-80.00702667
598491827.9,-138.325141
598804025.1,-80.30863953
599116222.4,-138.146842
599428419.6,-81.22098541
599740616.9,-138.414649
600052814.2,-80.23149872
600365011.4,-131.2718725
600677208.7,-80.48970032
600989405.9,-134.623435
601301603.2,-80.69205475
601613800.4,-141.5607519
601925997.7,-79.96618652
602238194.9,-133.8838415
602550392.2,-79.49827576
602862589.5,-136.5497046
603174786.7,-80.00195313
603486984,-130.3492956
603799181.2,-79.24888611
604111378.5,-137.188117
604423575.7,-79.9414444
604735773,-146.9946203
605047970.2,-79.48235321
605360167.5,-132.53794
605672364.8,-79.32091522
605984562,-130.9073553
606296759.3,-79.25280762
606608956.5,-132.7478857
606921153.8,-79.06785584
607233351,-135.904685
607545548.3,-79.53330994
607857745.6,-131.0139227
608169942.8,-79.59529114
608482140.1,-135.2760687
608794337.3,-79.81748962
609106534.6,-140.0048895
609418731.8,-79.36060333
609730929.1,-141.9100866
610043126.3,-79.50857544
610355323.6,-130.0705175
610667520.9,-79.6212616
610979718.1,-137.5729895
611291915.4,-79.35105133
611604112.6,-136.9691229
611916309.9,-78.84860229
612228507.1,-136.8495703
612540704.4,-78.52547455
612852901.7,-131.9323492
613165098.9,-78.7939682
613477296.2,-127.9044104
613789493.4,-79.08231354
614101690.7,-136.2858801
614413887.9,-79.10166931
614726085.2,-127.1133795
615038282.4,-79.26947784
615350479.7,-133.4473028
615662677,-78.93164825
615974874.2,-133.3351049
616287071.5,-78.97819519
616599268.7,-140.3018103
616911466,-78.33831787
617223663.2,-131.7172613
617535860.5,-77.82778168
617848057.8,-132.1856604
618160255,-77.69794464
618472452.3,-133.8395147
618784649.5,-77.77241516
619096846.8,-133.124671
619409044,-77.79250336
619721241.3,-133.1675482
620033438.5,-78.8216629
620345635.8,-140.0695715
620657833.1,-77.60409546
620970030.3,-134.9443426
621282227.6,-77.44778442
621594424.8,-136.3843145
621906622.1,-78.71871948
622218819.3,-138.1234045
622531016.6,-77.31595612
622843213.9,-136.9278936
623155411.1,-78.00775909
623467608.4,-135.2524633
623779805.6,-78.23067474
624092002.9,-139.867362
624404200.1,-77.96264648
624716397.4,-137.2078619
625028594.6,-76.96851349
625340791.9,-131.1301641
625652989.2,-77.46408844
625965186.4,-131.8190222
626277383.7,-77.16960144
626589580.9,-132.596076
626901778.2,-76.48193359
627213975.4,-133.2856817
627526172.7,-77.21121979
627838369.9,-135.2790594
628150567.2,-77.38269043
628462764.5,-141.6254644
628774961.7,-77.57546997
629087159,-132.7946997
629399356.2,-77.27584839
629711553.5,-135.0269232
630023750.7,-76.54334259
630335948,-130.644721
630648145.3,-77.40859222
630960342.5,-133.7515326
631272539.8,-76.71136475
631584737,-127.5194998
631896934.3,-77.32967377
632209131.5,-137.3619909
632521328.8,-76.57953644
632833526,-136.1488409
633145723.3,-77.21768951
633457920.6,-138.3678503
633770117.8,-76.67626953
634082315.1,-139.831336
634394512.3,-77.00794983
634706709.6,-133.2862158
635018906.8,-76.20489502
635331104.1,-134.905509
635643301.4,-76.78793335
635955498.6,-138.935401
636267695.9,-76.91824341
636579893.1,-132.8003759
636892090.4,-76.51351929
637204287.6,-127.9786901
637516484.9,-76.08748627
637828682.1,-133.2756109
638140879.4,-76.54043579
638453076.7,-138.3806982
638765273.9,-76.35913849
639077471.2,-134.7518225
639389668.4,-76.36157227
639701865.7,-131.7299871
640014062.9,-76.13607025
640326260.2,-129.6554022
640638457.5,-75.7857666
640950654.7,-129.0603704
641262852,-75.78235626
641575049.2,-130.4643621
641887246.5,-76.1184845
642199443.7,-136.6939459
642511641,-75.41394043
642823838.2,-137.0366888
643136035.5,-75.24958038
643448232.8,-130.5672979
643760430,-75.5599823
644072627.3,-132.8789282
644384824.5,-76.39072418
644697021.8,-137.5695562
645009219,-75.31650543
645321416.3,-129.3554449
645633613.6,-76.02818298
645945810.8,-132.8745794
646258008.1,-75.41992188
646570205.3,-131.751853
646882402.6,-75.65021515
647194599.8,-139.6938391
647506797.1,-75.59461975
647818994.3,-140.4187536
648131191.6,-75.5302124
648443388.9,-128.5203924
648755586.1,-75.55913544
649067783.4,-131.1443701
649379980.6,-74.94572449
649692177.9,-150.3860083
650004375.1,-75.23261261
650316572.4,-134.2720556
650628769.6,-75.35928345
650940966.9,-139.5035925
651253164.2,-74.96561432
651565361.4,-134.808341
651877558.7,-75.09228516
652189755.9,-135.7537298
652501953.2,-75.46221924
652814150.4,-133.4183569
653126347.7,-75.61461639
653438545,-145.3363562
653750742.2,-75.20257568
654062939.5,-135.6060553
654375136.7,-74.8794632
654687334,-132.4482946
654999531.2,-74.81578827
655311728.5,-134.3682165
655623925.7,-75.26435852
655936123,-136.7026281
656248320.3,-75.39396667
656560517.5,-138.9863348
656872714.8,-74.3212204
657184912,-133.8956976
657497109.3,-75.27323151
657809306.5,-133.160285
658121503.8,-74.83766937
658433701.1,-135.1529608
658745898.3,-74.5983429
659058095.6,-135.6059484
659370292.8,-74.79042053
659682490.1,-134.0268316
659994687.3,-74.78553772
660306884.6,-148.174964
660619081.8,-74.68143463
660931279.1,-130.0972815
661243476.4,-74.48403168
661555673.6,-132.4457006
661867870.9,-74.55339813
662180068.1,-130.821784
662492265.4,-74.12669373
662804462.6,-136.1657934
663116659.9,-74.44815063
663428857.2,-133.5335302
663741054.4,-74.94599152
664053251.7,-136.2508917
664365448.9,-74.03275299
664677646.2,-146.8416052
664989843.4,-74.56513214
665302040.7,-129.9273291
665614237.9,-74.58747101
665926435.2,-130.1605902
666238632.5,-74.57894135
666550829.7,-133.8245459
666863027,-74.45722961
667175224.2,-138.4167242
667487421.5,-74.50969696
667799618.7,-136.3694677
668111816,-74.25717163
668424013.3,-128.428031
668736210.5,-74.71900177
669048407.8,-138.5241461
669360605,-73.78077698
669672802.3,-132.6184912
669984999.5,-74.42707062
670297196.8,-131.335578
670609394,-74.55156708
670921591.3,-136.1923285
671233788.6,-74.80908203
671545985.8,-137.1149664
671858183.1,-74.48893738
672170380.3,-140.4878759
672482577.6,-74.37899017
672794774.8,-134.2265081
673106972.1,-74.53948975
673419169.3,-139.031806
673731366.6,-74.17892456
674043563.9,-135.7969122
674355761.1,-73.95726776
674667958.4,-132.7361822
674980155.6,-73.75251007
675292352.9,-136.2751989
675604550.1,-73.85715485
675916747.4,-141.7823553
676228944.7,-73.89125061
676541141.9,-139.7446661
676853339.2,-73.87905121
677165536.4,-138.9762182
677477733.7,-73.85361481
677789930.9,-141.6649084
678102128.2,-74.21842957
678414325.4,-132.2308111
678726522.7,-73.87624359
679038720,-139.1564093
679350917.2,-73.89343262
679663114.5,-127.8813009
679975311.7,-74.14286804
680287509,-129.9680395
680599706.2,-73.77339172
680911903.5,-134.781333
681224100.8,-73.91029358
681536298,-141.0791998
681848495.3,-73.52024078
682160692.5,-131.0335455
682472889.8,-73.97315979
682785087,-135.3955908
683097284.3,-74.63626862
683409481.5,-130.0050421
683721678.8,-73.99486542
684033876.1,-142.8350286
684346073.3,-73.64302826
684658270.6,-135.3792944
684970467.8,-73.73950958
685282665.1,-128.8899908
685594862.3,-73.76174927
685907059.6,-136.8172216
686219256.9,-73.5929184
686531454.1,-137.7985601
686843651.4,-73.5409317
687155848.6,-137.3335485
687468045.9,-73.67195129
687780243.1,-134.3065405
688092440.4,-73.71550751
688404637.6,-129.9397497
688716834.9,-73.97146606
689029032.2,-146.7001715
689341229.4,-73.54099274
689653426.7,-134.484992
689965623.9,-73.89836884
690277821.2,-134.3073339
690590018.4,-73.9522171
690902215.7,-132.9890509
691214413,-73.45559692
691526610.2,-138.7151403
691838807.5,-73.53884888
692151004.7,-131.0440741
692463202,-73.8315506
692775399.2,-135.0408545
693087596.5,-73.67300415
693399793.7,-134.384757
693711991,-73.8642807
694024188.3,-139.3163824
694336385.5,-73.3037262
694648582.8,-132.4125891
694960780,-73.72871399
695272977.3,-134.6580114
695585174.5,-73.61940765
695897371.8,-132.0315466
696209569,-73.94445038
696521766.3,-129.7968054
696833963.6,-73.62789154
697146160.8,-129.5441809
697458358.1,-73.34440613
697770555.3,-134.1722784
698082752.6,-73.11309814
698394949.8,-139.1472692
698707147.1,-73.69463348
699019344.4,-131.454154
699331541.6,-73.08483124
699643738.9,-137.7615728
699955936.1,-73.30110168
700268133.4,-131.3241644
700580330.6,-73.35934448
700892527.9,-137.0441961
701204725.1,-73.4651947
701516922.4,-128.4755926
701829119.7,-73.06394196
702141316.9,-142.7818823
702453514.2,-74.01276398
702765711.4,-141.2995367
703077908.7,-73.82390594
703390105.9,-135.129035
703702303.2,-73.57992554
704014500.5,-129.3972845
704326697.7,-73.2705307
704638895,-133.8414526
704951092.2,-73.19338226
705263289.5,-138.0342932
705575486.7,-73.3925705
705887684,-137.0120153
706199881.2,-73.60572052
706512078.5,-131.9894781
706824275.8,-73.17433167
707136473,-135.5179205
707448670.3,-73.47493744
707760867.5,-135.206336
708073064.8,-73.30371857
708385262,-134.1671515
708697459.3,-73.54626465
709009656.6,-135.7267065
709321853.8,-73.79689789
709634051.1,-129.95893
709946248.3,-73.29568481
710258445.6,-135.0388403
710570642.8,-73.04141998
710882840.1,-142.2044897
711195037.3,-73.6198349
711507234.6,-131.5155859
711819431.9,-73.30529785
712131629.1,-133.8424139
712443826.4,-73.4420166
712756023.6,-137.8419561
713068220.9,-73.85212708
713380418.1,-138.6298285
713692615.4,-73.60741425
714004812.7,-132.0911169
714317009.9,-73.03858948
714629207.2,-136.7227087
714941404.4,-73.04301453
715253601.7,-139.3324804
715565798.9,-73.02760315
715877996.2,-143.254859
716190193.4,-73.62806702
716502390.7,-138.7945471
716814588,-73.0254364
717126785.2,-128.0983038
717438982.5,-73.06734467
717751179.7,-133.5067205
718063377,-73.03943634
718375574.2,-138.4682989
718687771.5,-73.04680634
718999968.7,-134.6091528
719312166,-73.24598694
719624363.3,-135.1772833
719936560.5,-73.93317413
720248757.8,-130.2826147
720560955,-73.37919617
720873152.3,-137.1722479
721185349.5,-73.67939758
721497546.8,-136.1804266
721809744.1,-73.43869019
722121941.3,-133.5100164
722434138.6,-73.68083191
722746335.8,-130.1686163
723058533.1,-73.80464935
723370730.3,-135.8838263
723682927.6,-73.24938202
723995124.8,-136.6139746
724307322.1,-73.42611694
724619519.4,-132.8896551
724931716.6,-73.71676636
725243913.9,-131.1335058
725556111.1,-73.25189209
725868308.4,-141.6669683
726180505.6,-73.11260223
726492702.9,-134.7949133
726804900.2,-73.26361847
727117097.4,-128.763648
727429294.7,-73.59174347
727741491.9,-132.3416662
728053689.2,-73.1724472
728365886.4,-135.2045813
728678083.7,-73.44471741
728990280.9,-134.8602514
729302478.2,-73.20915222
729614675.5,-135.827033
729926872.7,-73.52625275
730239070,-133.0449133
730551267.2,-73.43473816
730863464.5,-138.1758642
731175661.7,-73.39833832
731487859,-130.5857763
731800056.3,-73.35459137
732112253.5,-132.2566442
732424450.8,-73.6577301
732736648,-140.4684362
733048845.3,-73.18772125
733361042.5,-129.7181311
733673239.8,-73.84657288
733985437,-133.4005041
734297634.3,-73.14211273
734609831.6,-135.7291327
734922028.8,-73.59003448
735234226.1,-131.0141363
735546423.3,-73.46030426
735858620.6,-134.3577032
736170817.8,-73.59220123
736483015.1,-131.6476049
736795212.4,-73.24639893
737107409.6,-128.9580908
737419606.9,-73.84056854
737731804.1,-141.7896948
738044001.4,-73.54473877
738356198.6,-130.1295385
738668395.9,-73.16732788
738980593.1,-131.4366064
739292790.4,-73.30143738
739604987.7,-135.1072149
739917184.9,-73.54284668
740229382.2,-132.284934
740541579.4,-74.13199615
740853776.7,-144.1770239
741165973.9,-73.97554779
741478171.2,-128.2422247
741790368.4,-73.72355652
742102565.7,-131.4569311
742414763,-73.47671509
742726960.2,-131.6973486
743039157.5,-73.73697662
743351354.7,-132.8373327
743663552,-73.78263092
743975749.2,-131.6600561
744287946.5,-73.76508331
744600143.8,-132.8661718
744912341,-73.38521576
745224538.3,-132.2937536
745536735.5,-73.66532135
745848932.8,-133.9577398
746161130,-73.91308594
746473327.3,-141.4755011
746785524.5,-73.4148941
747097721.8,-132.673255
747409919.1,-73.81993103
747722116.3,-131.5239019
748034313.6,-73.2217865
748346510.8,-130.3877935
748658708.1,-73.87670898
748970905.3,-132.9197454
749283102.6,-73.67028046
749595299.9,-136.0631475
749907497.1,-73.63730621
750219694.4,-133.5181646
750531891.6,-73.83215332
750844088.9,-133.5866003
751156286.1,-73.79550171
751468483.4,-129.0734472
751780680.6,-73.42003632
752092877.9,-135.93859
752405075.2,-74.03012848
752717272.4,-130.9087744
753029469.7,-73.70170593
753341666.9,-132.8718786
753653864.2,-74.40807343
753966061.4,-130.4577093
754278258.7,-74.00027466
754590456,-129.4347601
754902653.2,-73.71080017
755214850.5,-136.6563482
755527047.7,-73.74029541
755839245,-133.7857733
756151442.2,-74.22985077
756463639.5,-134.6494207
756775836.7,-73.41490173
757088034,-135.2771521
757400231.3,-74.06320953
757712428.5,-129.5484076
758024625.8,-74.18162537
758336823,-135.0987463
758649020.3,-73.58053589
758961217.5,-142.0065069
759273414.8,-73.78862
759585612.1,-131.8005285
759897809.3,-74.23554993
760210006.6,-136.0090857
760522203.8,-74.32658386
760834401.1,-133.5705786
761146598.3,-73.73717499
761458795.6,-130.8395605
761770992.8,-73.90769196
762083190.1,-137.9030523
762395387.4,-73.61004639
762707584.6,-141.7004766
763019781.9,-74.06497955
763331979.1,-132.3792791
763644176.4,-73.87096405
763956373.6,-137.9765692
764268570.9,-74.01649475
764580768.1,-133.660285
764892965.4,-73.95697021
765205162.7,-127.171546
765517359.9,-73.94963074
765829557.2,-131.8597174
766141754.4,-74.20392609
766453951.7,-127.7205572
766766148.9,-74.01064301
767078346.2,-132.9562597
767390543.5,-73.67699432
767702740.7,-133.8984594
768014938,-73.97097778
768327135.2,-134.3276587
768639332.5,-73.38744354
768951529.7,-135.8761816
769263727,-74.27599335
769575924.2,-135.0611486
769888121.5,-74.15620422
770200318.8,-138.1287756
770512516,-73.98791504
770824713.3,-130.8507147
771136910.5,-73.95925903
771449107.8,-139.7258215
771761305,-73.69763184
772073502.3,-133.8081121
772385699.6,-74.03276825
772697896.8,-142.1173162
773010094.1,-73.84095764
773322291.3,-147.7293005
773634488.6,-73.43307495
773946685.8,-137.0051184
774258883.1,-74.65013885
774571080.3,-133.8566504
774883277.6,-74.00414276
775195474.9,-141.461051
775507672.1,-73.99385834
775819869.4,-135.3610907
776132066.6,-73.69033813
776444263.9,-135.6095037
776756461.1,-74.45027161
777068658.4,-143.0309057
777380855.7,-74.20333862
777693052.9,-137.1109991
778005250.2,-74.12471008
778317447.4,-137.8966436
778629644.7,-73.98581696
778941841.9,-135.6683264
779254039.2,-74.48778534
779566236.4,-136.0188971
779878433.7,-73.75947571
780190631,-132.3220587
780502828.2,-73.70622253
780815025.5,-149.7425756
781127222.7,-73.88513947
781439420,-134.9684668
781751617.2,-74.02288818
782063814.5,-136.3063726
782376011.8,-73.89753723
782688209,-131.0540991
783000406.3,-73.68546295
783312603.5,-134.1345434
783624800.8,-73.8327713
783936998,-131.2781591
784249195.3,-73.69860077
784561392.5,-132.7556982
784873589.8,-73.7106781
785185787.1,-135.3591681
785497984.3,-73.31633759
785810181.6,-139.4626379
786122378.8,-73.90240479
786434576.1,-135.3105688
786746773.3,-74.00193787
787058970.6,-131.9110785
787371167.8,-74.26463318
787683365.1,-135.0620642
787995562.4,-74.15765381
788307759.6,-138.3049383
788619956.9,-73.63616943
788932154.1,-139.2959509
789244351.4,-74.03629303
789556548.6,-130.8996191
789868745.9,-73.97267914
790180943.2,-135.5439978
790493140.4,-73.89950562
790805337.7,-132.5207891
791117534.9,-73.97405243
791429732.2,-131.2136602
791741929.4,-73.75830078
792054126.7,-130.1652288
792366323.9,-73.79684448
792678521.2,-129.5026464
792990718.5,-74.06247711
793302915.7,-135.7264013
793615113,-73.56671143
793927310.2,-150.0175695
794239507.5,-73.77796173
794551704.7,-136.8662024
794863902,-73.65481567
795176099.3,-141.2239599
795488296.5,-73.33617401
795800493.8,-142.7470617
796112691,-73.12997437
796424888.3,-131.678504
796737085.5,-73.51319885
797049282.8,-129.8686743
797361480,-73.94933319
797673677.3,-137.2139502
797985874.6,-74.09590912
798298071.8,-132.5797644
798610269.1,-73.20695496
798922466.3,-142.239356
799234663.6,-73.75848389
799546860.8,-132.2643805
799859058.1,-73.54199219
800171255.4,-134.6611395
800483452.6,-73.34555054
800795649.9,-133.0262671
801107847.1,-73.50392151
801420044.4,-138.9075994
801732241.6,-73.29262543
802044438.9,-137.3263769
802356636.1,-74.11904907
802668833.4,-137.4105139
802981030.7,-73.79750824
803293227.9,-130.9720984
803605425.2,-73.39218903
803917622.4,-140.2598486
804229819.7,-73.37417603
804542016.9,-130.8273077
804854214.2,-73.07835388
805166411.5,-138.4269018
805478608.7,-73.17499542
805790806,-136.8192358
806103003.2,-73.30617523
806415200.5,-137.7647161
806727397.7,-73.15513611
807039595,-137.3623419
807351792.2,-73.33996582
807663989.5,-135.0219183
807976186.8,-73.11691284
808288384,-131.6570044
808600581.3,-73.09228516
808912778.5,-138.2894354
809224975.8,-73.17422485
809537173,-137.3527594
809849370.3,-72.70863342
810161567.5,-131.7389441
810473764.8,-72.60904694
810785962.1,-138.9056616
811098159.3,-72.62998199
811410356.6,-139.1992712
811722553.8,-72.93167114
812034751.1,-132.3705969
812346948.3,-72.71448517
812659145.6,-131.1759558
812971342.9,-73.41377258
813283540.1,-134.79
813595737.4,-72.88645172
813907934.6,-139.8842077
814220131.9,-72.51273346
814532329.1,-138.2721167
814844526.4,-72.75121307
815156723.6,-132.3503485
815468920.9,-72.47670746
815781118.2,-135.2456274
816093315.4,-72.68358612
816405512.7,-135.9640265
816717709.9,-72.30765533
817029907.2,-148.0268927
817342104.4,-72.56745148
817654301.7,-136.2918005
817966499,-72.60676575
818278696.2,-134.0109167
818590893.5,-72.27126312
818903090.7,-137.204566
819215288,-72.8000412
819527485.2,-133.0393133
819839682.5,-72.31534576
820151879.7,-130.0139685
820464077,-72.43627167
820776274.3,-137.4048834
821088471.5,-72.43666077
821400668.8,-134.480216
821712866,-72.621521
822025063.3,-133.0437994
822337260.5,-72.13905334
822649457.8,-134.7279272
822961655.1,-72.29010773
823273852.3,-138.6396551
823586049.6,-72.06486511
823898246.8,-133.8129797
824210444.1,-71.96383667
824522641.3,-134.2682867
824834838.6,-71.89440155
825147035.8,-146.828742
825459233.1,-72.34603882
825771430.4,-142.317359
826083627.6,-72.01056671
826395824.9,-134.3899908
826708022.1,-71.83089447
827020219.4,-142.8605108
827332416.6,-71.91653442
827644613.9,-130.1736975
827956811.2,-71.68909454
828269008.4,-129.7294531
828581205.7,-71.49839783
828893402.9,-132.4270544
829205600.2,-71.76335907
829517797.4,-130.2240973
829829994.7,-71.26472473
830142191.9,-131.9170446
830454389.2,-71.76193237
830766586.5,-137.715354
831078783.7,-71.51464844
831390981,-137.7517462
831703178.2,-71.59073639
832015375.5,-130.931922
832327572.7,-71.36255646
832639770,-135.4771643
832951967.2,-71.18435669
833264164.5,-134.7330542
833576361.8,-71.38538361
833888559,-130.205512
834200756.3,-71.44456482
834512953.5,-135.5510931
834825150.8,-71.17082214
835137348,-142.8163214
835449545.3,-70.97939301
835761742.6,-131.9874182
836073939.8,-70.89305878
836386137.1,-145.8060827
836698334.3,-70.86037445
837010531.6,-136.5896368
837322728.8,-71.04008484
837634926.1,-134.2654181
837947123.3,-70.96183014
838259320.6,-127.4764624
838571517.9,-70.79171753
838883715.1,-128.9614172
839195912.4,-70.65099335
839508109.6,-131.985343
839820306.9,-70.99680328
840132504.1,-136.684104
840444701.4,-70.62726593
840756898.7,-132.5457067
841069095.9,-70.29656982
841381293.2,-132.5200109
841693490.4,-70.55309296
842005687.7,-140.771903
842317884.9,-70.23636627
842630082.2,-134.3992987
842942279.4,-70.23124695
843254476.7,-137.4008093
843566674,-70.14382172
843878871.2,-131.5705938
844191068.5,-69.89470673
844503265.7,-134.9461737
844815463,-70.36876678
845127660.2,-131.8984289
845439857.5,-70.28868866
845752054.8,-141.3299017
846064252,-69.92198944
846376449.3,-132.4724646
846688646.5,-70.2769928
847000843.8,-133.2265387
847313041,-69.84854889
847625238.3,-136.338294
847937435.5,-69.73613739
848249632.8,-138.3902655
848561830.1,-69.77364349
848874027.3,-129.3086767
849186224.6,-69.76044464
849498421.8,-133.8880987
849810619.1,-69.70755768
850122816.3,-134.3731909
850435013.6,-69.9567337
850747210.9,-128.952323
851059408.1,-69.49007416
851371605.4,-137.9567938
851683802.6,-69.67163086
851995999.9,-134.0756292
852308197.1,-69.5856781
852620394.4,-135.1552801
852932591.6,-69.85616302
853244788.9,-134.3909674
853556986.2,-69.15358734
853869183.4,-131.9216223
854181380.7,-69.40864563
854493577.9,-139.4745855
854805775.2,-69.29181671
855117972.4,-142.439353
855430169.7,-69.05886841
855742366.9,-133.290885
856054564.2,-69.10740662
856366761.5,-132.5140905
856678958.7,-69.08318329
856991156,-139.5151281
857303353.2,-68.96929932
857615550.5,-132.4509497
857927747.7,-69.15673065
858239945,-133.2123632
858552142.3,-68.7826767
858864339.5,-138.7773352
859176536.8,-68.8312149
859488734,-140.0921698
859800931.3,-68.90988159
860113128.5,-133.7377996
860425325.8,-68.61012268
860737523,-133.3090277
861049720.3,-68.73622131
861361917.6,-130.8172827
861674114.8,-68.43531799
861986312.1,-136.0629339
862298509.3,-68.20644379
862610706.6,-140.4244757
862922903.8,-68.37296295
863235101.1,-135.433219
863547298.4,-68.37999725
863859495.6,-141.2021551
864171692.9,-68.5112381
864483890.1,-130.7760229
864796087.4,-68.15154266
865108284.6,-134.4261541
865420481.9,-68.47901154
865732679.1,-135.0240698
866044876.4,-68.25086975
866357073.7,-135.4029913
866669270.9,-68.21381378
866981468.2,-132.9737158
867293665.4,-68.03417969
867605862.7,-132.7948065
867918059.9,-67.95449066
868230257.2,-136.8403234
868542454.5,-67.9365387
868854651.7,-134.9086065
869166849,-67.9127121
869479046.2,-138.7483282
869791243.5,-67.81685638
870103440.7,-134.957221
870415638,-67.80331421
870727835.2,-131.5196142
871040032.5,-67.66925049
871352229.8,-140.0857153
871664427,-67.74095917
871976624.3,-136.8333044
872288821.5,-67.81855011
872601018.8,-129.0838232
872913216,-67.56468201
873225413.3,-132.6214972
873537610.6,-67.46736145
873849807.8,-135.9555883
874162005.1,-67.63829041
874474202.3,-130.3469763
874786399.6,-67.50495148
875098596.8,-133.3988562
875410794.1,-67.66412354
875722991.3,-136.7851324
876035188.6,-67.25151062
876347385.9,-136.377677
876659583.1,-67.14463806
876971780.4,-153.0170507
877283977.6,-67.15387726
877596174.9,-133.324851
877908372.1,-67.22117615
878220569.4,-139.8853216
878532766.6,-66.96731567
878844963.9,-142.5969305
879157161.2,-67.10369873
879469358.4,-130.4745703
879781555.7,-66.895401
880093752.9,-132.1262732
880405950.2,-66.65962219
880718147.4,-130.9173956
881030344.7,-66.67588806
881342542,-138.7408972
881654739.2,-66.77372742
881966936.5,-132.5880957
882279133.7,-66.58862305
882591331,-135.9755163
882903528.2,-66.6982193
883215725.5,-133.0336676
883527922.7,-66.51237488
883840120,-130.7209082
884152317.3,-66.35372925
884464514.5,-133.121314
884776711.8,-66.52212524
885088909,-134.8132238
885401106.3,-66.54794312
885713303.5,-135.7018652
886025500.8,-66.27243805
886337698.1,-134.1335974
886649895.3,-66.38276672
886962092.6,-134.8399725
887274289.8,-66.3431778
887586487.1,-135.6191015
887898684.3,-66.15733337
888210881.6,-130.6348486
888523078.8,-66.22283936
888835276.1,-131.2515631
889147473.4,-66.13915253
889459670.6,-129.6281805
889771867.9,-66.12601471
890084065.1,-131.9425879
890396262.4,-65.83066559
890708459.6,-131.7839422
891020656.9,-65.96011353
891332854.2,-131.9479284
891645051.4,-65.78529358
891957248.7,-140.9318914
892269445.9,-65.86476135
892581643.2,-132.0120611
892893840.4,-65.74359131
893206037.7,-140.3595648
893518234.9,-65.60625458
893830432.2,-136.751853
894142629.5,-65.5659256
894454826.7,-127.9069891
894767024,-65.53147888
895079221.2,-137.8088751
895391418.5,-65.42207336
895703615.7,-133.5448828
896015813,-65.52285004
896328010.3,-135.0758429
896640207.5,-65.31275177
896952404.8,-138.1237249
897264602,-65.34738922
897576799.3,-134.1206121
897888996.5,-65.30412292
898201193.8,-130.5621557
898513391,-65.34684753
898825588.3,-142.294776
899137785.6,-65.26904297
899449982.8,-138.1388006
899762180.1,-65.23973846
900074377.3,-143.2395697
900386574.6,-65.09541321
900698771.8,-132.7685766
901010969.1,-65.14063263
901323166.3,-138.2376318
901635363.6,-64.90879059
901947560.9,-131.6860723
902259758.1,-64.93490601
902571955.4,-137.0794287
902884152.6,-64.72951508
903196349.9,-139.6535711
903508547.1,-64.78356171
903820744.4,-134.1801672
904132941.7,-64.64211273
904445138.9,-135.1323004
904757336.2,-64.49772644
905069533.4,-134.9724798
905381730.7,-64.44299316
905693927.9,-133.6764441
906006125.2,-64.26480103
906318322.4,-135.3760138
906630519.7,-64.4202652
906942717,-132.0941687
907254914.2,-64.47283936
907567111.5,-134.7329931
907879308.7,-64.3130188
908191506,-136.8279486
908503703.2,-64.29871368
908815900.5,-132.7347479
909128097.8,-64.35055542
909440295,-140.265296
909752492.3,-64.13707733
910064689.5,-129.6488104
910376886.8,-63.98607635
910689084,-134.5953131
911001281.3,-63.96001053
911313478.5,-133.6821814
911625675.8,-63.99347687
911937873.1,-135.2310858
912250070.3,-63.93066788
912562267.6,-138.2623663
912874464.8,-63.85168839
913186662.1,-133.5716619
913498859.3,-63.77270889
913811056.6,-134.9552069
914123253.9,-63.62538147
914435451.1,-140.6013861
914747648.4,-63.71617126
915059845.6,-133.9829321
915372042.9,-63.55487823
915684240.1,-136.7533026
915996437.4,-63.42665863
916308634.6,-130.1186895
916620831.9,-63.51965332
916933029.2,-129.8045263
917245226.4,-63.29148102
917557423.7,-147.7946997
917869620.9,-63.30363464
918181818.2,-138.6620398
918494015.4,-63.14969254
918806212.7,-135.4786901
919118410,-63.23166275
919430607.2,-135.6922064
919742804.5,-63.19163513
920055001.7,-131.6004095
920367199,-63.09156036
920679396.2,-130.9149542
920991593.5,-62.97789001
921303790.7,-130.5932989
921615988,-62.93844986
921928185.3,-137.2594213
922240382.5,-62.82037354
922552579.8,-132.2356329
922864777,-62.86030579
923176974.3,-131.7486181
923489171.5,-62.70989227
923801368.8,-143.4130468
924113566,-62.76966858
924425763.3,-138.7692327
924737960.6,-62.72949219
925050157.8,-133.4235449
925362355.1,-62.484272
925674552.3,-134.9032202
925986749.6,-62.36398697
926298946.8,-131.036231
926611144.1,-62.50681305
926923341.4,-137.9463568
927235538.6,-62.36595154
927547735.9,-136.5671301
927859933.1,-62.15232849
928172130.4,-136.2057867
928484327.6,-62.20843124
928796524.9,-139.317008
929108722.1,-62.09402847
929420919.4,-135.89466
929733116.7,-61.9796257
930045313.9,-138.2320013
930357511.2,-62.00485992
930669708.4,-133.9460974
930981905.7,-61.88237
931294102.9,-132.7020941
931606300.2,-61.81941223
931918497.5,-133.6445379
932230694.7,-61.91520309
932542892,-135.8304815
932855089.2,-61.58546066
933167286.5,-131.4960699
933479483.7,-61.68639374
933791681,-132.4091101
934103878.2,-61.53524399
934416075.5,-134.6134405
934728272.8,-61.48404694
935040470,-146.3256292
935352667.3,-61.30717468
935664864.5,-131.4603186
935977061.8,-61.31035995
936289259,-138.7746496
936601456.3,-61.26063156
936913653.6,-131.6915808
937225850.8,-61.18297195
937538048.1,-130.3336554
937850245.3,-61.087677
938162442.6,-130.0935888
938474639.8,-60.93505859
938786837.1,-137.9503088
939099034.3,-60.92942429
939411231.6,-133.0735083
939723428.9,-60.82384109
940035626.1,-134.5634222
940347823.4,-60.57152176
940660020.6,-130.4082098
940972217.9,-60.54224396
941284415.1,-134.7811956
941596612.4,-60.50855255
941908809.7,-129.5507727
942221006.9,-60.33596039
942533204.2,-131.8549109
942845401.4,-60.37282181
943157598.7,-133.4719
943469795.9,-60.2737236
943781993.2,-134.8904333
944094190.4,-60.26502228
944406387.7,-133.2582617
944718585,-60.23059464
945030782.2,-139.9558477
945342979.5,-60.03668976
945655176.7,-134.0823584
945967374,-59.8898201
946279571.2,-138.5295782
946591768.5,-59.8700943
946903965.7,-132.7920446
947216163,-59.82831955
947528360.3,-134.9969702
947840557.5,-59.70349503
948152754.8,-133.4147711
948464952,-59.63820267
948777149.3,-140.0785589
949089346.5,-59.63611603
949401543.8,-130.8419867
949713741.1,-59.47160721
950025938.3,-135.2855291
950338135.6,-59.31665039
950650332.8,-133.3806982
950962530.1,-59.23960114
951274727.3,-133.7247686
951586924.6,-59.17063141
951899121.8,-133.2853918
952211319.1,-59.17442322
952523516.4,-139.203208
952835713.6,-58.92907333
953147910.9,-133.8956213
953460108.1,-58.85937119
953772305.4,-134.0927038
954084502.6,-58.75659561
954396699.9,-128.6969061
954708897.2,-58.66264343
955021094.4,-133.2815619
955333291.7,-58.45256805
955645488.9,-127.3081121
955957686.2,-58.33068466
956269883.4,-127.8366537
956582080.7,-58.35284805
956894277.9,-131.3842993
957206475.2,-58.20230484
957518672.5,-134.728385
957830869.7,-58.06278229
958143067,-130.2564154
958455264.2,-57.89019012
958767461.5,-137.9887915
959079658.7,-57.8910408
959391856,-137.9065924
959704053.3,-57.78900146
960016250.5,-134.0070562
960328447.8,-57.5182457
960640645,-144.6043005
960952842.3,-57.50081253
961265039.5,-135.5743475
961577236.8,-57.38930511
961889434,-133.2955084
962201631.3,-57.24325562
962513828.6,-135.0213385
962826025.8,-57.03915024
963138223.1,-136.1651068
963450420.3,-56.9482193
963762617.6,-132.7640295
964074814.8,-56.80805206
964387012.1,-130.4477148
964699209.4,-56.75681305
965011406.6,-134.8384314
965323603.9,-56.57842636
965635801.1,-130.2518988
965947998.4,-56.42282486
966260195.6,-141.9383154
966572392.9,-56.29661942
966884590.1,-140.6295996
967196787.4,-56.20275116
967508984.7,-133.3664312
967821181.9,-55.92367935
968133379.2,-129.9874029
968445576.4,-55.873909
968757773.7,-131.960166
969069970.9,-55.71095657
969382168.2,-136.8513861
969694365.4,-55.53036499
970006562.7,-133.3231573
970318760,-55.33213806
970630957.2,-136.9223394
970943154.5,-55.20519638
971255351.7,-158.529685
971567549,-55.12382507
971879746.2,-139.9293737
972191943.5,-55.00349808
972504140.8,-148.2064276
972816338,-54.70458221
973128535.3,-131.3207312
973440732.5,-54.59454727
973752929.8,-134.5392218
974065127,-54.51611328
974377324.3,-131.6702337
974689521.5,-54.33993149
975001718.8,-142.0389318
975313916.1,-54.01602936
975626113.3,-136.1140814
975938310.6,-53.93980026
976250507.8,-137.5672522
976562705.1,-53.78419876
976874902.3,-136.8714666
977187099.6,-53.63814926
977499296.9,-134.0436316
977811494.1,-53.35173035
978123691.4,-136.027442
978435888.6,-53.21229553
978748085.9,-130.4994421
979060283.1,-53.07653809
979372480.4,-134.5638494
979684677.6,-52.92093658
979996874.9,-135.6135473
980309072.2,-52.5850296
980621269.4,-136.6399603
980933466.7,-52.4355278
981245663.9,-134.4370337
981557861.2,-52.25810242
981870058.4,-131.2669592
982182255.7,-52.14314651
982494453,-136.6037512
982806650.2,-51.79153824
983118847.5,-138.0380468
983431044.7,-51.64277649
983743242,-130.8103704
984055439.2,-51.49327469
984367636.5,-134.6001348
984679833.7,-51.32687378
984992031,-152.7079229
985304228.3,-51.01054382
985616425.5,-135.0426855
985928622.8,-50.81842041
986240820,-149.880744
986553017.3,-50.66304016
986865214.5,-134.7988043
987177411.8,-50.49002457
987489609.1,-137.2098303
987801806.3,-50.14944077
988114003.6,-134.2859411
988426200.8,-49.95584488
988738398.1,-133.9211035
989050595.3,-49.82472229
989362792.6,-135.6251135
989674989.8,-49.64729309
989987187.1,-132.8710089
990299384.4,-49.25820541
990611581.6,-132.6774054
990923778.9,-49.09106827
991235976.1,-129.8637609
991548173.4,-48.89673996
991860370.6,-135.1601477
992172567.9,-48.67301178
992484765.1,-134.1426916
992796962.4,-48.34859848
993109159.7,-135.859931
993421356.9,-48.1432457
993733554.2,-135.7074957
994045751.4,-47.97610855
994357948.7,-138.9967566
994670145.9,-47.77736664
994982343.2,-135.6407385
995294540.5,-47.41987991
995606737.7,-135.2215185
995918935,-47.21967316
996231132.2,-135.1962194
996543329.5,-47.02607727
996855526.7,-127.9575186
997167724,-46.8442421
997479921.2,-131.8633947
997792118.5,-46.44412994
998104315.8,-132.7869177
998416513,-46.26008606
998728710.3,-136.9081335
999040907.5,-46.07384109
999353104.8,-129.7539434
999665302,-45.86040497
999977499.3,-133.8038702
1000289697,-45.48843002
1000601894,-139.0779181
1000914091,-45.31881332
1001226288,-138.3894415
1001538486,-45.11906433
1001850683,-136.4427404
1002162880,-44.92298889
1002475077,-135.7748327
1002787275,-44.54611969
1003099472,-133.4217291
1003411669,-44.34342957
1003723866,-141.8391027
1004036064,-44.15470123
1004348261,-136.7116003
1004660458,-43.97406006
1004972655,-133.3516302
1005284853,-43.59719086
1005597050,-130.4098272
1005909247,-43.41360855
1006221444,-130.0358953
1006533642,-43.21900558
1006845839,-134.9013281
1007158036,-43.04056549
1007470233,-133.4007483
1007782431,-42.68280411
1008094628,-130.3516455
1008406825,-42.49113846
1008719022,-131.1330328
1009031220,-42.31196976
1009343417,-132.4604864
1009655614,-41.97478485
1009967811,-136.89083
1010280009,-41.79708099
1010592206,-138.5739813
1010904403,-41.62452698
1011216601,-141.184638
1011528798,-41.45270157
1011840995,-134.5203772
1012153192,-41.11111069
1012465390,-129.0922918
1012777587,-40.94516754
1013089784,-136.6983099
1013401981,-40.79539108
1013714179,-135.5005102
1014026376,-40.62430573
1014338573,-133.5280981
1014650770,-40.33121872
1014962968,-145.2945776
1015275165,-40.17482758
1015587362,-132.2797461
1015899559,-40.04269409
1016211757,-139.6608648
1016523954,-39.89291763
1016836151,-137.3048162
1017148348,-39.63584518
1017460546,-133.8772192
1017772743,-39.50958633
1018084940,-136.9685125
1018397137,-39.37818527
1018709335,-133.7702246
1019021532,-39.26148224
1019333729,-132.8340673
1019645926,-39.03160095
1019958124,-134.0916967
1020270321,-38.93942261
1020582518,-132.1229162
1020894715,-38.83679962
1021206913,-131.4169073
1021519110,-38.7562294
1021831307,-129.0698004
1022143504,-38.58672714
1022455702,-134.4409857
1022767899,-38.508358
1023080096,-137.942481
1023392294,-38.44542313
1023704491,-132.4255896
1024016688,-38.38616562
1024328885,-135.2583075
1024641083,-38.29530334
1024953280,-128.9491491
1025265477,-38.25221252
1025577674,-130.4339819
1025889872,-38.21720505
1026202069,-131.0934973
1026514266,-38.20424271
1026826463,-135.7473822
1027138661,-38.18687439
1027450858,-130.5281286
1027763055,-38.19302368
1028075252,-136.4769812
1028387450,-38.20358276
1028699647,-143.2158728
1029011844,-38.23178101
1029324041,-129.7036047
1029636239,-38.26292038
1029948436,-145.4278479
1030260633,-38.34917831
1030572830,-133.857276
1030885028,-38.4111824
1031197225,-137.9018927
1031509422,-38.48494339
1031821619,-128.5478888
1032133817,-38.56605911
1032446014,-155.7018652
1032758211,-38.75006104
1033070408,-140.1552954
1033382606,-38.8649826
1033694803,-132.9877234
1034007000,-38.97402191
1034319197,-131.4240484
1034631395,-39.09996414
1034943592,-135.558341
1035255789,-39.36040497
1035567986,-131.6950445
1035880184,-39.50986481
1036192381,-131.8018866
1036504578,-39.64756775
1036816776,-135.2247534
1037128973,-39.79335403
1037441170,-131.8178473
1037753367,-40.08686447
1038065565,-140.8218298
1038377762,-40.2194252
1038689959,-130.3580694
1039002156,-40.34095764
1039314354,-137.7922277
1039626551,-40.4419136
1039938748,-137.0678473
1040250945,-40.64570999
1040563143,-137.3893499
1040875340,-40.69104385
1041187537,-132.3129187
1041499734,-40.74740219
1041811932,-136.9486609
1042124129,-40.73614502
1042436326,-134.1453772
1042748523,-40.71533585
1043060721,-134.078269
1043372918,-40.63793564
1043685115,-131.0368719
1043997312,-40.56494522
1044309510,-131.9200354
1044621707,-40.35231781
1044933904,-138.9825354
1045246101,-40.22640991
1045558299,-129.3487616
1045870496,-40.08213043
1046182693,-137.1359167
1046494890,-39.9459343
1046807088,-131.1327276
1047119285,-39.64291
1047431482,-132.8375463
1047743679,-39.50524521
1048055877,-132.5749426
1048368074,-39.37566376
1048680271,-134.7802496
1048992469,-39.23505783
1049304666,-131.6286077
1049616863,-39.01655197
1049929060,-134.080863
1050241258,-38.93621063
1050553455,-137.8133764
1050865652,-38.86763
1051177849,-133.8025885
1051490047,-38.81521606
1051802244,-137.6108007
1052114441,-38.77088928
1052426638,-131.4576788
1052738836,-38.7824173
1053051033,-131.4096746
1053363230,-38.80570221
1053675427,-131.5557013
1053987625,-38.85544586
1054299822,-151.3392248
1054612019,-38.91768265
1054924216,-138.5981359
1055236414,-39.10412598
1055548611,-133.5679998
1055860808,-39.22148132
1056173005,-135.6645269
1056485203,-39.36382675
1056797400,-138.4864569
1057109597,-39.50176239
1057421794,-131.5396032
1057733992,-39.79256821
1058046189,-132.8982763
1058358386,-39.94152832
1058670583,-134.4546423
1058982781,-40.06770325
1059294978,-127.780448
1059607175,-40.19388199
1059919372,-134.5526495
1060231570,-40.36875534
1060543767,-134.2030401
1060855964,-40.40872574
1061168162,-133.084754
1061480359,-40.42444611
1061792556,-132.4787207
1062104753,-40.33286285
1062416951,-130.7937841
1062729148,-40.24862671
1063041345,-139.7698584
1063353542,-40.14969635
1063665740,-140.2471075
1063977937,-40.00740433
1064290134,-133.0060644
1064602331,-39.72032547
1064914529,-128.6761084
1065226726,-39.57729721
1065538923,-133.9282446
1065851120,-39.43647385
1066163318,-129.2815313
1066475515,-39.3052063
1066787712,-138.8087988
1067099909,-39.10558701
1067412107,-134.4509039
1067724304,-39.03090668
1068036501,-134.9443274
1068348698,-38.99297714
1068660896,-140.345664
1068973093,-38.97929764
1069285290,-134.615653
1069597487,-38.98693085
1069909685,-133.3783026
1070221882,-39.09451675
1070534079,-132.017478
1070846276,-39.18813705
1071158474,-149.060935
1071470671,-39.30821609
1071782868,-132.1055059
1072095065,-39.43196869
1072407263,-132.6180334
1072719460,-39.72328949
1073031657,-133.8434668
1073343854,-39.87423325
1073656052,-133.1852484
1073968249,-40.01048279
1074280446,-134.3504095
1074592644,-40.1276207
1074904841,-131.6814032
1075217038,-40.26754379
1075529235,-134.2715979
1075841433,-40.28473282
1076153630,-129.7858343
1076465827,-40.26664352
1076778024,-136.8194647
1077090222,-40.10744476
1077402419,-130.925559
1077714616,-39.98940659
1078026813,-134.8937597
1078339011,-39.8412323
1078651208,-134.2980108
1078963405,-39.70261383
1079275602,-134.7047186
1079587800,-39.41259766
1079899997,-138.0768805
1080212194,-39.29421234
1080524391,-131.5941839
1080836589,-39.20161057
1081148786,-136.616004
1081460983,-39.1391449
1081773180,-134.7264776
1082085378,-39.0994606
1082397575,-139.2999945
1082709772,-39.1457634
1083021969,-137.8455572
1083334167,-39.18545151
1083646364,-135.2049322
1083958561,-39.2876091
1084270758,-132.6664648
1084582956,-39.41622543
1084895153,-128.6169653
1085207350,-39.69917679
1085519547,-131.7367773
1085831745,-39.84175873
1086143942,-137.9374304
1086456139,-39.98507309
1086768337,-134.3061132
1087080534,-40.10119247
1087392731,-131.5662756
1087704928,-40.21070099
1088017126,-148.0001898
1088329323,-40.20335388
1088641520,-133.3183661
1088953717,-40.15779114
1089265915,-131.329627
1089578112,-39.93657684
1089890309,-132.3012152
1090202506,-39.81090546
1090514704,-138.6812048
1090826901,-39.65803909
1091139098,-142.1420202
1091451295,-39.5345726
1091763493,-131.2679052
1092075690,-39.29204559
1092387887,-133.5903082
1092700084,-39.2361908
1093012282,-135.7421942
1093324479,-39.21561432
1093636676,-137.0584631
1093948873,-39.22590637
1094261071,-131.461936
1094573268,-39.27588272
1094885465,-134.320838
1095197662,-39.47284698
1095509860,-136.5241766
1095822057,-39.60660934
1096134254,-139.0442724
1096446451,-39.75580215
1096758649,-140.4097967
1097070846,-39.89470673
1097383043,-137.068778
1097695240,-40.13944244
1098007438,-134.6074743
1098319635,-40.18574524
1098631832,-136.2816534
1098944030,-40.20485687
1099256227,-136.757163
1099568424,-40.09241486
1099880621,-134.7948828
1100192819,-39.9719162
1100505016,-137.9216681
1100817213,-39.83073044
1101129410,-133.1467047
1101441608,-39.69321823
1101753805,-132.5285406
1102066002,-39.43664932
1102378199,-132.194068
1102690397,-39.3594017
1103002594,-133.4911566
1103314791,-39.29979324
1103626988,-131.1605902
1103939186,-39.30412674
1104251383,-140.6874914
1104563580,-39.33785248
1104875777,-133.9612799
1105187975,-39.5222435
1105500172,-131.8012304
1105812369,-39.65813065
1106124566,-136.9971533
1106436764,-39.80283356
1106748961,-140.1661139
1107061158,-39.93651581
1107373355,-137.4930792
1107685553,-40.12825775
1107997750,-134.1674109
1108309947,-40.16125107
1108622144,-140.7192907
1108934342,-40.13251114
1109246539,-134.8897009
1109558736,-39.94722748
1109870933,-137.5985937
1110183131,-39.81632996
1110495328,-132.9471045
1110807525,-39.66852951
1111119722,-135.2716284
1111431920,-39.54351425
1111744117,-133.8648748
1112056314,-39.35970306
1112368512,-130.9853277
1112680709,-39.32949066
1112992906,-135.1883459
1113305103,-39.34704971
1113617301,-135.7144842
1113929498,-39.41679382
1114241695,-132.6717596
1114553892,-39.51887131
1114866090,-137.1077642
1115178287,-39.78483963
1115490484,-146.2289801
1115802681,-39.91411209
1116114879,-134.842536
1116427076,-40.0330925
1116739273,-128.6124029
1117051470,-40.10724258
1117363668,-130.0175238
1117675865,-40.08364487
1117988062,-133.9118719
1118300259,-40.00125504
1118612457,-130.577384
1118924654,-39.88652802
1119236851,-136.4391699
1119549048,-39.60129547
1119861246,-131.4995794
1120173443,-39.48823547
1120485640,-133.2471533
1120797837,-39.40244675
1121110035,-136.8470678
1121422232,-39.38280106
1121734429,-137.3021917
1122046626,-39.38814545
1122358824,-136.3976812
1122671021,-39.5581131
1122983218,-130.6778631
1123295415,-39.68178177
1123607613,-137.2219458
1123919810,-39.81867981
1124232007,-135.0922918
1124544205,-39.93720245
1124856402,-135.3475103
1125168599,-40.09100342
1125480796,-138.6064215
1125792994,-40.09046555
1126105191,-130.2452459
1126417388,-40.02011108
1126729585,-129.0805731
1127041783,-39.7888031
1127353980,-143.6611853
1127666177,-39.64495468
1127978374,-134.5658026
1128290572,-39.54005814
1128602769,-140.1030188
1128914966,-39.44839096
1129227163,-137.7315741
1129539361,-39.41404724
1129851558,-132.4946051
1130163755,-39.49876404
1130475952,-126.9636755
1130788150,-39.60038376
1131100347,-133.5342169
1131412544,-39.71670151
1131724741,-133.6564093
1132036939,-39.97853851
1132349136,-138.0823889
1132661333,-40.05957794
1132973530,-132.156806
1133285728,-40.08403015
1133597925,-137.8167486
1133910122,-39.96076202
1134222319,-135.0557928
1134534517,-39.8308754
1134846714,-132.4682684
1135158911,-39.70172501
1135471108,-130.5194159
1135783306,-39.58065796
1136095503,-134.7014074
1136407700,-39.45665359
1136719897,-134.5906286
1137032095,-39.45832062
1137344292,-136.071723
1137656489,-39.53715897
1137968687,-136.360755
1138280884,-39.63951492
1138593081,-137.2744818
1138905278,-39.75509644
1139217476,-133.1943121
1139529673,-39.99415207
1139841870,-138.918189
1140154067,-40.06162643
1140466265,-137.130744
1140778462,-40.05531693
1141090659,-132.3965826
1141402856,-39.9020195
1141715054,-137.282752
1142027251,-39.7817955
1142339448,-129.8557959
1142651645,-39.645401
1142963843,-142.66677
1143276040,-39.54502106
1143588237,-133.1636114
1143900434,-39.49240875
1144212632,-132.5480413
1144524829,-39.53901672
1144837026,-138.7747259
1145149223,-39.63706589
1145461421,-133.906806
1145773618,-39.75422668
1146085815,-136.7380896
1146398012,-39.88314438
1146710210,-131.5585699
1147022407,-40.04660797
1147334604,-130.5806646
1147646801,-40.05646515
1147958999,-133.5295477
1148271196,-39.99503708
1148583393,-140.4139929
1148895590,-39.77118683
1149207788,-136.0142431
1149519985,-39.65463638
1149832182,-130.3040838
1150144380,-39.56013489
1150456577,-133.455802
1150768774,-39.52148819
1151080971,-134.5026464
1151393169,-39.5342865
1151705366,-135.1519079
1152017563,-39.70656586
1152329760,-133.0238409
1152641958,-39.83327866
1152954155,-137.70716
1153266352,-39.96440506
1153578549,-136.8968267
1153890747,-40.04481506
1154202944,-132.0759497
1154515141,-40.0186615
1154827338,-135.80091
1155139536,-39.93224716
1155451733,-131.2519598
1155763930,-39.79952621
1156076127,-129.7882605
1156388325,-39.60287094
1156700522,-138.2322607
1157012719,-39.55319977
1157324916,-141.8381567
1157637114,-39.56599808
1157949311,-137.9315405
1158261508,-39.64273453
1158573705,-133.7485876
1158885903,-39.75181198
1159198100,-132.481864
1159510297,-39.98141479
1159822494,-142.7587805
1160134692,-40.05208969
1160446889,-133.0815649
1160759086,-40.06476974
1161071283,-135.2865667
1161383481,-39.91649628
1161695678,-131.2688513
1162007875,-39.78512573
1162320073,-130.0541906
1162632270,-39.67727661
1162944467,-132.5274267
1163256664,-39.60984421
1163568862,-137.0629034
1163881059,-39.58283615
1164193256,-139.7081366
1164505453,-39.71604538
1164817651,-136.5297155
1165129848,-39.83161545
1165442045,-137.9858007
1165754242,-39.95159531
1166066440,-141.6547918
1166378637,-40.05319977
1166690834,-137.9920568
1167003031,-40.03721619
1167315229,-134.4557257
1167627426,-39.95582199
1167939623,-133.356452
1168251820,-39.83400726
1168564018,-137.3370428
1168876215,-39.639431
1169188412,-133.284049
1169500609,-39.61756897
1169812807,-129.2722235
1170125004,-39.65376663
1170437201,-136.7606726
1170749398,-39.73846817
1171061596,-128.7478399
1171373793,-39.85844803
1171685990,-133.4045935
1171998187,-40.07323074
1172310385,-133.7281408
1172622582,-40.09473038
1172934779,-141.9265509
1173246976,-40.05669785
1173559174,-131.6015997
1173871371,-39.83787155
1174183568,-132.8181067
1174495765,-39.71899414
1174807963,-137.6740179
1175120160,-39.65818024
1175432357,-132.6465063
1175744555,-39.65101624
1176056752,-137.7148046
1176368949,-39.72175217
1176681146,-130.8830328
1176993344,-39.93874359
1177305541,-138.0679541
1177617738,-40.05872345
1177929935,-138.1982183
1178242133,-40.09859467
1178554330,-135.2630682
1178866527,-40.0296936
1179178724,-139.680213
1179490922,-39.91082001
1179803119,-138.6867743
1180115316,-39.78764725
1180427513,-142.3135443
1180739711,-39.71788406
1181051908,-128.4108038
1181364105,-39.68854141
1181676302,-138.1186438
1181988500,-39.82823563
1182300697,-134.1287298
1182612894,-39.95176315
1182925091,-141.7904882
1183237289,-40.06793594
1183549486,-137.0685797
1183861683,-40.11943817
1184173880,-133.1021795
1184486078,-40.05187988
1184798275,-130.3425512
1185110472,-39.94316483
1185422669,-135.5172949
1185734867,-39.825634
1186047064,-136.1200018
1186359261,-39.71691895
1186671458,-136.2479315
1186983656,-39.77135849
1187295853,-127.6837835
1187608050,-39.86254883
1187920248,-137.4842138
1188232445,-39.99121857
1188544642,-135.4492254
1188856839,-40.09783936
1189169037,-134.0492315
1189481234,-40.13831711
1189793431,-134.3513403
1190105628,-40.03254318
1190417826,-136.3746862
1190730023,-39.92382813
1191042220,-138.742713
1191354417,-39.74676514
1191666615,-132.4759588
1191978812,-39.74975967
1192291009,-133.1984625
1192603206,-39.81595993
1192915404,-138.5547247
1193227601,-39.93507385
1193539798,-131.9175787
1193851995,-40.05639648
1194164193,-136.4073553
1194476390,-40.15860748
1194788587,-140.5862646
1195100784,-40.09619522
1195412982,-133.9968786
1195725179,-39.98233414
1196037376,-134.9935064
1196349573,-39.77072906
1196661771,-137.9663763
1196973968,-39.75608826
1197286165,-138.1097479
1197598362,-39.79803467
1197910560,-127.6795874
1198222757,-39.91200638
1198534954,-135.4457159
1198847151,-40.02744675
1199159349,-128.6498175
1199471546,-40.17375565
1199783743,-136.5151587
1200095940,-40.12572479
1200408138,-138.4160833
1200720335,-40.0124054
1201032532,-135.1888342
1201344730,-39.78590012
1201656927,-140.3295813
1201969124,-39.75562668
1202281321,-141.4913702
1202593519,-39.8106041
1202905716,-133.4164801
1203217913,-39.91776276
1203530110,-134.8325567
1203842308,-40.05138016
1204154505,-132.6371679
1204466702,-40.19160843
1204778899,-136.5226355
1205091097,-40.12679291
1205403294,-129.924964
1205715491,-40.00905991
1206027688,-133.1445837
1206339886,-39.80754852
1206652083,-133.159873
1206964280,-39.77212906
1207276477,-128.7199774
1207588675,-39.83665848
1207900872,-132.6076422
1208213069,-39.95998764
1208525266,-134.2912512
1208837464,-40.1046257
1209149661,-134.3800268
1209461858,-40.19120789
1209774055,-139.6148443
1210086253,-40.11316299
1210398450,-132.5571051
1210710647,-39.96382904
1211022844,-134.5809698
1211335042,-39.78142166
1211647239,-138.9911871
1211959436,-39.7974472
1212271633,-128.3432837
1212583831,-39.89725876
1212896028,-134.6055365
1213208225,-40.02719879
1213520423,-143.7678442
1213832620,-40.14905548
1214144817,-134.7728186
1214457014,-40.15699768
1214769212,-136.03971
1215081409,-40.04367447
1215393606,-131.0919714
1215705803,-39.90683746
1216018001,-137.6849432
1216330198,-39.78102112
1216642395,-131.9001226
1216954592,-39.86539459
1217266790,-134.6662817
1217578987,-39.98725128
1217891184,-135.9779882
1218203381,-40.12086868
1218515579,-134.4117041
1218827776,-40.17510986
1219139973,-135.9894629
1219452170,-40.08016205
1219764368,-132.8665838
1220076565,-39.92222977
1220388762,-136.91854
1220700959,-39.81879807
1221013157,-132.9765234
1221325354,-39.7815094
1221637551,-138.5894384
1221949748,-39.97572708
1222261946,-139.7177496
1222574143,-40.11702728
1222886340,-129.6471167
1223198537,-40.18777466
1223510735,-138.1960821
1223822932,-40.08507538
1224135129,-142.0267706
1224447326,-39.95445251
1224759524,-130.021781
1225071721,-39.81867981
1225383918,-137.4712896
1225696116,-39.79609299
1226008313,-132.4908056
1226320510,-39.85361099
1226632707,-134.9471655
1226944905,-40.12572861
1227257102,-134.1279058
1227569299,-40.21779251
1227881496,-132.3929052
1228193694,-40.18270874
1228505891,-132.7473516
1228818088,-39.91170883
1229130285,-130.8976965
1229442483,-39.81341934
1229754680,-132.6654119
1230066877,-39.7974472
1230379074,-137.106101
1230691272,-39.87774658
1231003469,-135.183692
1231315666,-40.02345657
1231627863,-133.89849
1231940061,-40.2235527
1232252258,-140.4418249
1232564455,-40.16936111
1232876652,-132.3121405
1233188850,-40.02036285
1233501047,-141.6019354
1233813244,-39.79640198
1234125441,-137.2755651
1234437639,-39.82011414
1234749836,-137.6417456
1235062033,-39.93569183
1235374230,-131.9689703
1235686428,-40.08066559
1235998625,-133.1935644
1236310822,-40.18669128
1236623019,-135.1611853
1236935217,-40.09575272
1237247414,-133.3108129
1237559611,-39.94087219
1237871808,-132.3607244
1238184006,-39.81024933
1238496203,-133.9601507
1238808400,-39.78398514
1239120598,-140.4659948
1239432795,-40.01494598
1239744992,-133.5827703
1240057189,-40.15028
1240369387,-130.9873419
1240681584,-40.21418762
1240993781,-130.8300238
1241305978,-39.98705673
1241618176,-134.6127081
1241930373,-39.84370804
1242242570,-132.0212927
1242554767,-39.77238464
1242866965,-132.8002844
1243179162,-39.82012177
1243491359,-131.3649206
1243803556,-39.96780777
1244115754,-146.7456427
1244427951,-40.20662689
1244740148,-134.2693243
1245052345,-40.16617203
1245364543,-141.1240301
1245676740,-40.01620865
1245988937,-128.5646734
1246301134,-39.76335526
1246613332,-132.8037481
1246925529,-39.79639435
1247237726,-133.3688879
1247549923,-39.93085098
1247862121,-134.7931585
1248174318,-40.08441925
1248486515,-137.8651495
1248798712,-40.16522598
1249110910,-131.8893499
1249423107,-40.02702332
1249735304,-135.2325354
1250047501,-39.86603928
1250359699,-132.9858007
1250671896,-39.76752472
1250984093,-133.9382544
1251296291,-39.92108917
1251608488,-133.5406103
1251920685,-40.08788681
1252232882,-138.5837164
1252545080,-40.18192291
1252857277,-131.0718908
1253169474,-40.01432419
1253481671,-133.384696
1253793869,-39.85627747
1254106066,-134.4745855
1254418263,-39.76878357
1254730460,-132.7143774
1255042658,-39.80255508
1255354855,-130.3125677
1255667052,-39.9524498
1255979249,-131.6802435
1256291447,-40.2000885
1256603644,-134.3436193
1256915841,-40.15228271
1257228038,-130.5006018
1257540236,-39.99644089
1257852433,-136.8158789
1258164630,-39.77886581
1258476827,-133.246253
1258789025,-39.8376236
1259101222,-132.451026
1259413419,-40.00294876
1259725616,-136.7099371
1260037814,-40.15937805
1260350011,-128.0280981
1260662208,-40.12861633
1260974405,-127.6820517
1261286603,-39.96630478
1261598800,-136.1949224
1261910997,-39.81942749
1262223194,-134.544364
1262535392,-39.78646469
1262847589,-131.5091925
1263159786,-39.87844086
1263471983,-136.7765875
1263784181,-40.2004509
1264096378,-132.9344549
1264408575,-40.20790863
1264720773,-132.3951178
1265032970,-40.05809021
1265345167,-135.4841681
1265657364,-39.7921524
1265969562,-132.4210577
1266281759,-39.83194733
1266593956,-139.6940985
1266906153,-39.98198318
1267218351,-134.3071203
1267530548,-40.15259552
1267842745,-134.7775793
1268154942,-40.16593552
1268467140,-138.7713385
1268779337,-39.98671722
1269091534,-129.6244268
1269403731,-39.83543015
1269715929,-140.9513769
1270028126,-39.80834579
1270340323,-136.5367193
1270652520,-39.91428757
1270964718,-132.035346
1271276915,-40.21792221
1271589112,-132.9034185
1271901309,-40.19965744
1272213507,-138.9388189
1272525704,-40.06233597
1272837901,-131.0060339
1273150098,-39.81476974
1273462296,-136.646781
1273774493,-39.87734985
1274086690,-132.8127203
1274398887,-40.03767395
1274711085,-133.47721
1275023282,-40.20461273
1275335479,-129.3036108
1275647676,-40.13637161
1275959874,-139.2283087
1276272071,-39.96303558
1276584268,-136.2666235
1276896466,-39.84334946
1277208663,-145.6401129
1277520860,-39.8743248
1277833057,-133.8988714
1278145255,-40.01921844
1278457452,-135.5386267
1278769649,-40.28316879
1279081846,-133.6168737
1279394044,-40.18920517
1279706241,-142.1062384
1280018438,-40.02684784
1280330635,-127.933753
1280642833,-39.87844086
1280955030,-141.9020147
1281267227,-40.02180862
1281579424,-143.9738531
1281891622,-40.21073914
1282203819,-136.12992
1282516016,-40.29824829
1282828213,-136.003562
1283140411,-40.0726738
1283452608,-133.2931738
1283764805,-39.92059326
1284077002,-138.2371435
1284389200,-39.90594864
1284701397,-136.0992651
1285013594,-40.04196167
1285325791,-155.3061438
1285637989,-40.22648621
1285950186,-132.4092474
1286262383,-40.26401901
1286574580,-131.1959295
1286886778,-40.08474731
1287198975,-139.8520575
1287511172,-39.94001389
1287823369,-133.4633093
1288135567,-39.92683792
1288447764,-135.9356909
1288759961,-40.23923874
1289072159,-134.1424932
1289384356,-40.3524704
1289696553,-140.9127722
1290008750,-40.26359558
1290320948,-133.8934546
1290633145,-39.94836044
1290945342,-131.7974615
1291257539,-39.95870209
1291569737,-139.2306585
1291881934,-40.09545135
1292194131,-132.4347601
1292506328,-40.27997208
1292818526,-136.1998968
1293130723,-40.24401474
1293442920,-134.4427099
1293755117,-40.0662117
1294067315,-134.4956732
1294379512,-39.94867325
1294691709,-136.0435095
1295003906,-39.97077179
1295316104,-128.0048285
1295628301,-40.13545227
1295940498,-135.0632086
1296252695,-40.33908081
1296564893,-133.3302832
1296877090,-40.2200737
1297189287,-129.5836248
1297501484,-40.02169037
1297813682,-133.4501715
1298125879,-39.929142
1298438076,-137.3938971
1298750273,-40.18789291
1299062471,-128.1785803
1299374668,-40.31508636
1299686865,-129.5955877
1299999062,-40.29750061
1300311260,-134.2972784
1300623457,-39.96953964
1300935654,-129.6934576
1301247851,-39.92526245
1301560049,-129.0649176
1301872246,-40.04193878
1302184443,-137.4275732
1302496641,-40.22916794
1302808838,-137.8808508
1303121035,-40.24368668
1303433232,-145.5174017
1303745430,-40.04654312
1304057627,-128.9128027
1304369824,-39.92510223
1304682021,-133.1980352
1304994219,-39.94623566
1305306416,-141.7495794
1305618613,-40.11141586
1305930810,-132.0247107
1306243008,-40.28835678
1306555205,-132.2898474
1306867402,-40.141922
1307179599,-135.6145239
1307491797,-39.97638321
1307803994,-130.9166174
1308116191,-39.90491486
1308428388,-128.8145208
1308740586,-40.18841934
1309052783,-130.1445837
1309364980,-40.28598785
1309677177,-130.5956488
1309989375,-40.2240715
1310301572,-131.0504065
1310613769,-39.92256927
1310925966,-131.1310644
1311238164,-39.94590759
1311550361,-142.1725683
1311862558,-40.11623383
1312174755,-132.834281
1312486953,-40.25789642
1312799150,-136.6763525
1313111347,-40.11220169
1313423544,-127.6989279
1313735742,-39.95033264
1314047939,-136.2835455
1314360136,-39.91781616
1314672334,-132.4006872
1314984531,-40.03522873
1315296728,-128.9492559
1315608925,-40.22098541
1315921123,-138.0064306
1316233320,-40.18112183
1316545517,-129.6536932
1316857714,-39.99573898
1317169912,-133.2502966
1317482109,-39.90589523
1317794306,-131.883872
1318106503,-39.99170303
1318418701,-133.6504736
1318730898,-40.27667999
1319043095,-142.063117
1319355292,-40.2228508
1319667490,-139.9727697
1319979687,-40.03820038
1320291884,-135.9973974
1320604081,-39.92650986
1320916279,-130.9411077
1321228476,-40.1139946
1321540673,-133.292243
1321852870,-40.26620102
1322165068,-137.4630804
1322477265,-40.25011063
1322789462,-131.2602911
1323101659,-39.94298172
1323413857,-142.7106848
1323726054,-39.96657562
1324038251,-134.5801611
1324350448,-40.09305954
1324662646,-135.3996801
1324974843,-40.26805115
1325287040,-137.670722
1325599237,-40.12628174
1325911435,-130.8696814
1326223632,-39.98524857
1326535829,-134.1145086
1326848027,-39.94637299
1327160224,-139.0195532
1327472421,-40.08829117
1327784618,-135.5330877
1328096816,-40.25005341
1328409013,-131.9488745
1328721210,-40.17222595
1329033407,-132.471488
1329345605,-40.01869965
1329657802,-131.6109533
1329969999,-39.97100449
1330282196,-134.8418188
1330594394,-40.09308243
1330906591,-132.7539282
1331218788,-40.30849457
1331530985,-133.4845343
1331843183,-40.20200348
1332155380,-130.9402685
1332467577,-40.04186249
1332779774,-132.2242804
1333091972,-39.99784088
1333404169,-131.9729986
1333716366,-40.27866364
1334028563,-132.9600897
1334340761,-40.3294487
1334652958,-132.2259741
1334965155,-40.22148895
1335277352,-131.0222235
1335589550,-40.02533722
1335901747,-132.4855566
1336213944,-40.15696716
1336526141,-136.0699224
1336838339,-40.31211472
1337150536,-135.6995764
1337462733,-40.36289978
1337774930,-137.0636969
1338087128,-40.0983963
1338399325,-137.8523626
1338711522,-40.06319809
1339023719,-135.7218542
1339335917,-40.18233109
1339648114,-131.6224585
1339960311,-40.35070801
1340272509,-137.6498022
1340584706,-40.2562027
1340896903,-139.5103521
1341209100,-40.11183929
1341521298,-136.0051184
1341833495,-40.11151886
1342145692,-130.5082006
1342457889,-40.24716568
1342770087,-135.4650335
1343082284,-40.39015961
1343394481,-130.7934637
1343706678,-40.26857758
1344018876,-135.8502417
1344331073,-40.14626312
1344643270,-137.0500708
1344955467,-40.15402985
1345267665,-128.6538458
1345579862,-40.30290222
1345892059,-130.950202
1346204256,-40.4025383
1346516454,-133.3560705
1346828651,-40.25302887
1347140848,-133.9819098
1347453045,-40.15349197
1347765243,-133.0739508
1348077440,-40.20168304
1348389637,-134.294364
1348701834,-40.45344925
1349014032,-138.8521185
1349326229,-40.37963486
1349638426,-133.0972509
1349950623,-40.23233032
1350262821,-134.0038519
1350575018,-40.16587067
1350887215,-138.6556768
1351199412,-40.39926147
1351511610,-131.3853674
1351823807,-40.44010162
1352136004,-135.2442083
1352448202,-40.33909607
1352760399,-144.4180975
1353072596,-40.16827393
1353384793,-140.596839
1353696991,-40.2796669
1354009188,-133.4228125
1354321385,-40.41898727
1354633582,-141.4325628
1354945780,-40.40470505
1355257977,-131.7288885
1355570174,-40.1523056
1355882371,-131.0928411
1356194569,-40.18653107
1356506766,-133.7316809
1356818963,-40.3251152
1357131160,-135.2945776
1357443358,-40.41372299
1357755555,-135.5250311
1358067752,-40.20321655
1358379949,-135.1991339
1358692147,-40.13675308
1359004344,-130.4783239
1359316541,-40.21580887
1359628738,-140.024085
1359940936,-40.34189987
1360253133,-133.6575842
1360565330,-40.25742722
1360877527,-135.9733801
1361189725,-40.13911057
1361501922,-149.1397772
1361814119,-40.13397217
1362126316,-133.2335424
1362438514,-40.24789429
1362750711,-141.3685675
1363062908,-40.31110382
1363375105,-138.1848364
1363687303,-40.1795578
1363999500,-144.4104834
1364311697,-40.11341858
1364623894,-135.6360846
1364936092,-40.1832428
1365248289,-138.7492743
1365560486,-40.31186295
1365872684,-132.0341711
1366184881,-40.24425507
1366497078,-136.4335089
1366809275,-40.12373352
1367121473,-142.564353
1367433670,-40.13623428
1367745867,-130.0910254
1368058064,-40.24868393
1368370262,-135.3053961
1368682459,-40.29499435
1368994656,-137.3250036
1369306853,-40.16712189
1369619051,-131.1118689
1369931248,-40.12450027
1370243445,-137.9533911
1370555642,-40.31412125
1370867840,-131.9695501
1371180037,-40.33984756
1371492234,-136.2490911
1371804431,-40.23843384
1372116629,-147.2951879
1372428826,-40.13996124
1372741023,-137.1391058
1373053220,-40.29283142
1373365418,-129.6772985
1373677615,-40.35677719
1373989812,-135.0460272
1374302009,-40.28623199
1374614207,-136.8944006
1374926404,-40.1436615
1375238601,-136.0110083
1375550798,-40.25684738
1375862996,-137.4933844
1376175193,-40.36047745
1376487390,-141.2768469
1376799587,-40.34137726
1377111785,-133.1366949
1377423982,-40.16646957
1377736179,-132.2363958
1378048377,-40.22306442
1378360574,-127.699645
1378672771,-40.34506989
1378984968,-131.503684
1379297166,-40.37080002
1379609363,-137.2104712
1379921560,-40.17604828
1380233757,-129.434638
1380545955,-40.21082687
1380858152,-135.1856756
1381170349,-40.32711029
1381482546,-132.4864111
1381794744,-40.38386154
1382106941,-131.089469
1382419138,-40.20616913
1382731335,-137.2138586
1383043533,-40.20119095
1383355730,-136.4959784
1383667927,-40.29027939
1383980124,-140.8440313
1384292322,-40.38010406
1384604519,-136.4375067
1384916716,-40.23548508
1385228913,-136.9256811
1385541111,-40.19449234
1385853308,-130.5179205
1386165505,-40.28064346
1386477702,-136.959815
1386789900,-40.37120438
1387102097,-134.0312567
1387414294,-40.250103
1387726491,-139.1164312
1388038689,-40.20102692
1388350886,-132.9835577
1388663083,-40.25336838
1388975280,-134.9717169
1389287478,-40.3674469
1389599675,-130.4020452
1389911872,-40.2735405
1390224070,-139.6866674
1390536267,-40.19726944
1390848464,-129.9114447
1391160661,-40.24079514
1391472859,-144.6720648
1391785056,-40.3445816
1392097253,-138.4664221
1392409450,-40.28448105
1392721648,-131.6757727
1393033845,-40.20086288
1393346042,-132.8577185
1393658239,-40.23850632
1393970437,-131.8179388
1394282634,-40.33200836
1394594831,-132.5486364
1394907028,-40.30571365
1395219226,-131.8866186
1395531423,-40.21547699
1395843620,-127.2324286
1396155817,-40.21858215
1396468015,-134.1108618
1396780212,-40.32457352
1397092409,-131.2572699
1397404606,-40.31739044
1397716804,-135.3841009
1398029001,-40.21539688
1398341198,-134.7632513
1398653395,-40.2199707
1398965593,-130.4654913
1399277790,-40.32081985
1399589987,-134.1205053
1399902184,-40.31216049
1400214382,-138.7963781
1400526579,-40.21909332
1400838776,-139.2354193
1401150973,-40.22673035
1401463171,-140.2359533
1401775368,-40.32108688
1402087565,-129.8045568
1402399762,-40.31623077
1402711960,-154.3318701
1403024157,-40.22612
1403336354,-129.6787176
1403648552,-40.22052383
1403960749,-151.7307653
1404272946,-40.32076263
1404585143,-134.8694067
1404897341,-40.31884384
1405209538,-129.0181341
1405521735,-40.21991348
1405833932,-134.6252508
1406146130,-40.22240829
1406458327,-134.6225958
1406770524,-40.32117462
1407082721,-138.3262243
1407394919,-40.31264114
1407707116,-140.4681158
1408019313,-40.23134995
1408331510,-141.3745794
1408643708,-40.21840668
1408955905,-136.3567266
1409268102,-40.32158661
1409580299,-134.9018316
1409892497,-40.30717468
1410204694,-138.5444708
1410516891,-40.22220612
1410829088,-135.074378
1411141286,-40.23498917
1411453483,-135.8992682
1411765680,-40.33522415
1412077877,-131.4546576
1412390075,-40.29582596
1412702272,-140.1411657
1413014469,-40.215271
1413326666,-133.5520086
1413638864,-40.24201202
1413951061,-138.7659369
1414263258,-40.3415184
1414575455,-130.376914
1414887653,-40.27051544
1415199850,-130.0391302
1415512047,-40.21641541
1415824245,-130.545783
1416136442,-40.25491714
1416448639,-137.3045568
1416760836,-40.35809708
1417073034,-138.033164
1417385231,-40.26871872
1417697428,-138.3604956
1418009625,-40.22858429
1418321823,-133.5197515
1418634020,-40.2869339
1418946217,-132.9240026
1419258414,-40.37688065
1419570612,-130.8627996
1419882809,-40.2617836
1420195006,-129.2283545
1420507203,-40.23719788
1420819401,-130.4787359
1421131598,-40.31903839
1421443795,-131.4292669
1421755992,-40.3847084
1422068190,-133.0537329
1422380387,-40.26884842
1422692584,-137.8935614
1423004781,-40.27719498
1423316979,-130.2791357
1423629176,-40.37226105
1423941373,-132.7921515
1424253570,-40.42690659
1424565768,-134.5386267
1424877965,-40.28459167
1425190162,-130.7495489
1425502359,-40.31866074
1425814557,-132.8296728
1426126754,-40.42328262
1426438951,-140.2785254
1426751148,-40.44926453
1427063346,-135.040885
1427375543,-40.30988693
1427687740,-130.2295294
1427999937,-40.38290787
1428312135,-133.742774
1428624332,-40.47650528
1428936529,-138.5135107
1429248727,-40.46721268
1429560924,-132.0404577
1429873121,-40.34179688
1430185318,-129.3978796
1430497516,-40.42878342
1430809713,-139.5013189
1431121910,-40.50621033
1431434107,-137.290885
1431746305,-40.45282364
1432058502,-145.0344458
1432370699,-40.35827637
1432682896,-131.200263
1432995094,-40.49082565
1433307291,-133.4979315
1433619488,-40.52048492
1433931685,-131.8416357
1434243883,-40.42299652
1434556080,-133.5307837
1434868277,-40.35270691
1435180474,-132.3308935
1435492672,-40.53449631
1435804869,-146.9078894
1436117066,-40.50829697
1436429263,-133.4948187
1436741461,-40.3997879
1437053658,-129.5462713
1437365855,-40.38241196
1437678052,-138.2062902
1437990250,-40.55979156
1438302447,-130.4559088
1438614644,-40.46598053
1438926841,-132.5419226
1439239039,-40.39495468
1439551236,-142.3587255
1439863433,-40.42901993
1440175630,-132.8280706
1440487828,-40.53734207
1440800025,-130.5954199
1441112222,-40.41322327
1441424420,-135.4137487
1441736617,-40.38905716
1442048814,-132.9297552
1442361011,-40.49129868
1442673209,-130.7654486
1442985406,-40.49285507
1443297603,-130.5502081
1443609800,-40.37461472
1443921998,-135.4897985
1444234195,-40.41144562
1444546392,-137.3940954
1444858589,-40.5291214
1445170787,-131.6822577
1445482984,-40.42190933
1445795181,-143.6779852
1446107378,-40.36613846
1446419576,-142.5036383
1446731773,-40.47425842
1447043970,-127.2089605
1447356167,-40.46626282
1447668365,-129.7497168
1447980562,-40.34949112
1448292759,-134.1101904
1448604956,-40.40322876
1448917154,-132.7778234
1449229351,-40.51649475
1449541548,-133.5025702
1449853745,-40.39972687
1450165943,-132.0026464
1450478140,-40.34395599
1450790337,-138.1585608
1451102534,-40.45942688
1451414732,-129.8046179
1451726929,-40.53520966
1452039126,-141.5313482
1452351323,-40.34494781
1452663521,-133.0429296
1452975718,-40.39868546
1453287915,-132.2037115
1453600113,-40.51488876
1453912310,-130.9066381
1454224507,-40.50101089
1454536704,-130.7825079
1454848902,-40.34602737
1455161099,-131.9614325
1455473296,-40.47031784
1455785493,-139.0940771
1456097691,-40.51964188
1456409888,-129.3099585
1456722085,-40.41610336
1457034282,-132.6826696
1457346480,-40.32873154
1457658677,-132.4821234
1457970874,-40.52724838
1458283071,-129.3212347
1458595269,-40.46266174
1458907466,-133.9720068
1459219663,-40.3282547
1459531860,-141.7168493
1459844058,-40.35920715
1460156255,-131.9708624
1460468452,-40.50972366
1460780649,-134.5142584
1461092847,-40.36471939
1461405044,-137.792594
1461717241,-40.30202484
1462029438,-147.375205
1462341636,-40.4509964
1462653833,-136.533927
1462966030,-40.41255951
1463278227,-128.5273199
1463590425,-40.31752777
1463902622,-132.5501318
1464214819,-40.38933182
1464527016,-134.89289
1464839214,-40.47068787
1465151411,-141.1315374
1465463608,-40.31980133
1465775805,-135.0835333
1466088003,-40.33942413
1466400200,-131.8451757
1466712397,-40.49721146
1467024595,-133.4596167
1467336792,-40.34632874
1467648989,-135.0718451
1467961186,-40.30788803
1468273384,-131.6828222
1468585581,-40.45318604
1468897778,-131.4136114
1469209975,-40.51543427
1469522173,-129.7641973
1469834370,-40.29032135
1470146567,-135.9962378
1470458764,-40.41356659
1470770962,-129.2757483
1471083159,-40.52872849
1471395356,-131.3583441
1471707553,-40.4160614
1472019751,-136.1322699
1472331948,-40.28061295
1472644145,-133.3716192
1472956342,-40.51042557
1473268540,-136.5926275
1473580737,-40.46316528
1473892934,-132.9566717
1474205131,-40.29978943
1474517329,-133.0152502
1474829526,-40.31500244
1475141723,-134.4650488
1475453920,-40.49777603
1475766118,-134.9491644
1476078315,-40.32852173
1476390512,-134.9775915
1476702709,-40.29228592
1477014907,-134.9450445
1477327104,-40.45889664
1477639301,-133.3860083
1477951498,-40.35578156
1478263696,-137.46984
1478575893,-40.29161835
1478888090,-143.3961401
1479200288,-40.44205856
1479512485,-133.8263159
1479824682,-40.40582657
1480136879,-137.8875036
1480449077,-40.29736328
1480761274,-131.5367041
1481073471,-40.42502213
1481385668,-135.5661383
1481697866,-40.56003189
1482010063,-130.7572393
1482322260,-40.31581497
1482634457,-132.381217
1482946655,-40.41628265
1483258852,-138.137763
1483571049,-40.57554245
1483883246,-126.9010992
1484195444,-40.48786545
1484507641,-128.6566381
1484819838,-40.32448959
1485132035,-134.1023016
1485444233,-40.57782364
1485756430,-131.997962
1486068627,-40.52468872
1486380824,-133.4881964
1486693022,-40.36058044
1487005219,-136.9708319
1487317416,-40.4095993
1487629613,-131.3512945
1487941811,-40.5754776
1488254008,-133.6220312
1488566205,-40.39960861
1488878402,-132.9574194
1489190600,-40.39350891
1489502797,-130.1835546
1489814994,-40.60568619
1490127191,-132.9136267
1490439389,-40.41585159
1490751586,-138.7554083
1491063783,-40.4215126
1491375980,-129.0834265
1491688178,-40.5991478
1492000375,-131.0315313
1492312572,-40.45120621
1492624770,-130.1413031
1492936967,-40.41424179
1493249164,-132.4862585
1493561361,-40.60216522
1493873559,-134.4512701
1494185756,-40.47333145
1494497953,-133.4802008
1494810150,-40.42387009
1495122348,-134.71099
1495434545,-40.62429047
1495746742,-137.7232733
1496058939,-40.67772293
1496371137,-133.1649847
1496683334,-40.4312973
1496995531,-129.0329504
1497307728,-40.61701584
1497619926,-132.3428869
1497932123,-40.69984436
1498244320,-137.6371527
1498556517,-40.50854492
1498868715,-132.621726
1499180912,-40.43850327
1499493109,-134.544837
1499805306,-40.69036865
1500117504,-134.9122076
1500429701,-40.50836945
1500741898,-128.9810247
1501054095,-40.43536377
1501366293,-137.8353033
1501678490,-40.64089966
1501990687,-133.8832922
1502302884,-40.51350784
1502615082,-133.303916
1502927279,-40.4529953
1503239476,-130.8908758
1503551673,-40.63868332
1503863871,-154.2380896
1504176068,-40.52011108
1504488265,-139.4935369
1504800463,-40.45592499
1505112660,-141.2314215
1505424857,-40.65704727
1505737054,-129.2796392
1506049252,-40.71486282
1506361449,-136.7838202
1506673646,-40.45959091
1506985843,-128.703681
1507298041,-40.67026901
1507610238,-143.9915838
1507922435,-40.7038269
1508234632,-132.445487
1508546830,-40.50514603
1508859027,-135.1373053
1509171224,-40.47697067
1509483421,-131.7504797
1509795619,-40.69132614
1510107816,-136.6382818
1510420013,-40.49705505
1510732210,-134.993247
1511044408,-40.50121689
1511356605,-130.3357153
1511668802,-40.69572449
1511980999,-131.7641821
1512293197,-40.48601913
1512605394,-143.5236425
1512917591,-40.51076126
1513229788,-140.9768438
1513541986,-40.7199707
1513854183,-135.0890265
1514166380,-40.47351837
1514478577,-135.8788366
1514790775,-40.54602814
1515102972,-133.2952795
1515415169,-40.72436905
1515727366,-136.1995001
1516039564,-40.6403389
1516351761,-131.7815466
1516663958,-40.45709229
1516976156,-135.7484961
1517288353,-40.74052811
1517600550,-139.3861761
1517912747,-40.61460876
1518224945,-132.0284796
1518537142,-40.45928955
1518849339,-137.3477087
1519161536,-40.59353256
1519473734,-133.1943274
1519785931,-40.57785034
1520098128,-130.7041998
1520410325,-40.44491196
1520722523,-130.3208227
1521034720,-40.62082291
1521346917,-135.9874334
1521659114,-40.53656387
1521971312,-132.5651007
1522283509,-40.44715881
1522595706,-140.5923376
1522907903,-40.65760803
1523220101,-131.484519
1523532298,-40.6990242
1523844495,-137.3650122
1524156692,-40.47512817
1524468890,-133.7376165
1524781087,-40.68998718
1525093284,-143.9645147
1525405481,-40.67187119
1525717679,-129.0168982
1526029876,-40.46561432
1526342073,-134.7827368
1526654270,-40.49747467
1526966468,-146.6323767
1527278665,-40.60650253
1527590862,-136.4214239
1527903059,-40.42302704
1528215257,-148.4209967
1528527454,-40.53352737
1528839651,-131.7190924
1529151848,-40.55804062
1529464046,-132.2948065
1529776243,-40.41792297
1530088440,-125.9018469
1530400638,-40.57986832
1530712835,-134.6213903
1531025032,-40.68154907
1531337229,-134.5312567
1531649427,-40.42678452
1531961624,-138.0974188
1532273821,-40.63135529
1532586018,-144.9957952
1532898216,-40.64190292
1533210413,-125.3894186
1533522610,-40.43050003
1533834807,-135.3054419
1534147005,-40.4535408
1534459202,-135.6151037
1534771399,-40.58314896
1535083596,-132.9835577
1535395794,-40.39599991
1535707991,-134.6499243
1536020188,-40.49768066
1536332385,-133.8608618
1536644583,-40.52880478
1536956780,-128.0918646
1537268977,-40.38207626
1537581174,-135.8030767
1537893372,-40.56092453
1538205569,-136.0091162
1538517766,-40.66113663
1538829963,-135.4434729
1539142161,-40.41518784
1539454358,-141.5554724
1539766555,-40.6241684
1540078752,-134.5326452
1540390950,-40.61843491
1540703147,-133.6427221
1541015344,-40.42301941
1541327541,-129.3662024
1541639739,-40.46131134
1541951936,-133.4422369
1542264133,-40.56501389
1542576331,-133.3460302
1542888528,-40.39605331
1543200725,-130.3953314
1543512922,-40.5703125
1543825120,-132.7185431
1544137317,-40.4939537
1544449514,-131.9373846
1544761711,-40.42788696
1545073909,-131.5259008
1545386106,-40.6432991
1545698303,-131.7082434
1546010500,-40.63822937
1546322698,-138.6659613
1546634895,-40.43399429
1546947092,-127.7977972
1547259289,-40.69864655
1547571487,-132.1927862
1547883684,-40.58260345
1548195881,-128.5402288
1548508078,-40.44010162
1548820276,-135.0261297
1549132473,-40.59231186
1549444670,-147.0615149
1549756867,-40.52183151
1550069065,-131.0737829
1550381262,-40.47193527
1550693459,-135.7759924
1551005656,-40.67999649
1551317854,-134.8353491
1551630051,-40.46767807
1551942248,-131.9434423
1552254445,-40.56256104
1552566643,-133.3766546
1552878840,-40.73534775
1553191037,-135.0391455
1553503234,-40.60533905
1553815432,-140.6137152
1554127629,-40.4694519
1554439826,-143.879859
1554752024,-40.72161102
1555064221,-129.9969854
1555376418,-40.546772
1555688615,-130.3512945
1556000813,-40.54831696
1556313010,-138.4283209
1556625207,-40.65569687
1556937404,-131.5288153
1557249602,-40.5124588
1557561799,-143.4672003
1557873996,-40.63380051
1558186193,-138.3462439
1558498391,-40.75734711
1558810588,-134.9001989
1559122785,-40.53841019
1559434982,-130.574439
1559747180,-40.74427032
1560059377,-137.5710516
1560371574,-40.72702408
1560683771,-135.1465979
1560995969,-40.53458405
1561308166,-136.6695013
1561620363,-40.62876511
1561932560,-129.5282354
1562244758,-40.64578247
1562556955,-150.4710913
1562869152,-40.54226685
1563181349,-135.0426855
1563493547,-40.73493195
1563805744,-138.8762274
1564117941,-40.56527328
1564430138,-135.6455603
1564742336,-40.63887787
1565054533,-134.4822607
1565366730,-40.80802536
1565678927,-131.605094
1565991125,-40.68319702
1566303322,-136.9423132
1566615519,-40.56351471
1566927716,-144.8253546
1567239914,-40.80321503
1567552111,-132.2558508
1567864308,-40.61003876
1568176506,-130.579566
1568488703,-40.64248657
1568800900,-134.3712225
1569113097,-40.71315384
1569425295,-136.916419
1569737492,-40.59199905
1570049689,-131.8013678
1570361886,-40.75967789
1570674084,-135.0285864
1570986281,-40.81931686
1571298478,-132.881217
1571610675,-40.62908173
1571922873,-141.2360907
1572235070,-40.83864975
1572547267,-133.6913366
1572859464,-40.73146057
1573171662,-134.5461798
1573483859,-40.60883713
1573796056,-138.3554754
1574108253,-40.7706337
1574420451,-133.563056
1574732648,-40.6465416
1575044845,-139.0854864
1575357042,-40.68266296
1575669240,-134.9868536
1575981437,-40.84887314
1576293634,-129.8784246
1576605831,-40.63952637
1576918029,-133.7920752
1577230226,-40.79397583
1577542423,-133.2196722
1577854620,-40.82421875
1578166818,-135.872901
1578479015,-40.65088272
1578791212,-135.3828039
1579103409,-40.70758438
1579415607,-130.0575628
1579727804,-40.73121643
1580040001,-134.5679235
1580352199,-40.63591385
1580664396,-130.5490637
1580976593,-40.8017807
1581288790,-133.0123358
1581600988,-40.64133835
1581913185,-137.4026251
1582225382,-40.72048569
1582537579,-139.6050024
1582849777,-40.84004974
1583161974,-135.5251379
1583474171,-40.69504166
1583786368,-144.539649
1584098566,-40.63454819
1584410763,-133.6197271
1584722960,-40.78351212
1585035157,-131.3963232
1585347355,-40.62968445
1585659552,-137.1506414
1585971749,-40.72720337
1586283946,-130.8843451
1586596144,-40.654953
1586908341,-134.3037786
1587220538,-40.65031433
1587532735,-132.5654211
1587844933,-40.80957031
1588157130,-137.1585455
1588469327,-40.71600342
1588781524,-128.4691687
1589093722,-40.59745407
1589405919,-132.4067297
1589718116,-40.76626205
1590030313,-150.7233343
1590342511,-40.60214233
1590654708,-127.1367788
1590966905,-40.66438293
1591279102,-137.7027349
1591591300,-40.65166092
1591903497,-134.0800085
1592215694,-40.59704971
1592527891,-133.1985846
1592840089,-40.75336456
1593152286,-135.1503515
1593464483,-40.7090416
1593776681,-133.8257666
1594088878,-40.57725906
1594401075,-133.5683203
1594713272,-40.75856018
1595025470,-134.6484442
1595337667,-40.5929718
1595649864,-151.820014
1595962061,-40.61920166
1596274259,-135.8158026
1596586456,-40.64322662
1596898653,-129.2224646
1597210850,-40.56362915
1597523048,-134.1007452
1597835245,-40.72875977
1598147442,-131.5010443
1598459639,-40.69913483
1598771837,-138.3739386
1599084034,-40.569561
1599396231,-133.1960821
1599708428,-40.73542786
1600020626,-129.8718023
1600332823,-40.60093307
1600645020,-133.7861853
1600957217,-40.61720657
1601269415,-143.1817083
1601581612,-40.65479279
1601893809,-134.214118
1602206006,-40.58287048
1602518204,-138.0983648
1602830401,-40.70130157
1603142598,-130.3735571
1603454795,-40.70360947
1603766993,-131.4753332
1604079190,-40.58024597
1604391387,-131.1395636
1604703584,-40.74277115
1605015782,-128.5651922
1605327979,-40.61793518
1605640176,-138.6052618
1605952374,-40.6437645
1606264571,-134.5720282
1606576768,-40.65709686
1606888965,-130.6005316
1607201163,-40.61457443
1607513360,-133.3941412
1607825557,-40.73521042
1608137754,-132.4961462
1608449952,-40.70444489
1608762149,-143.6746435
1609074346,-40.60533524
1609386543,-132.0590734
1609698741,-40.7443428
1610010938,-131.7225714
1610323135,-40.62244797
1610635332,-137.1274023
1610947530,-40.67840576
1611259727,-133.5755529
1611571924,-40.65793228
1611884121,-132.3196478
1612196319,-40.64407349
1612508516,-135.1977758
1612820713,-40.76470566
1613132910,-131.5966864
1613445108,-40.62443924
1613757305,-134.4013128
1614069502,-40.73110962
1614381699,-132.8558416
1614693897,-40.7378273
1615006094,-130.9318762
1615318291,-40.6423912
1615630488,-139.4756231
1615942686,-40.72848129
1616254883,-138.5585241
1616567080,-40.66317749
1616879277,-134.1049109
1617191475,-40.69782257
1617503672,-134.7253027
1617815869,-40.77509689
1618128067,-131.5122747
1618440264,-40.67524719
1618752461,-134.4418249
1619064658,-40.78044891
1619376856,-136.3579168
1619689053,-40.7313118
1620001250,-137.1929083
1620313447,-40.67549896
1620625645,-130.9841375
1620937842,-40.76953888
1621250039,-131.6433477
1621562236,-40.68058014
1621874434,-131.7836828
1622186631,-40.75110626
1622498828,-139.8782415
1622811025,-40.7804718
1623123223,-136.9590521
1623435420,-40.69739532
1623747617,-136.6444616
1624059814,-40.79951859
1624372012,-133.8722601
1624684209,-40.72673035
1624996406,-144.1275244
1625308603,-40.72964096
1625620801,-135.6874914
1625932998,-40.74798203
1626245195,-133.994895
1626557392,-40.73104858
1626869590,-135.4301977
1627181787,-40.81259537
1627493984,-130.8426886
1627806181,-40.78978348
1628118379,-137.6555243
1628430576,-40.71772766
1628742773,-138.1427526
1629054970,-40.80001068
1629367168,-131.3092871
1629679365,-40.7286911
1629991562,-132.8210211
1630303759,-40.78378296
1630615957,-132.8342199
1630928154,-40.74259567
1631240351,-134.5142584
1631552549,-40.77122879
1631864746,-140.6788702
1632176943,-40.82631683
1632489140,-135.6187963
1632801338,-40.75646591
1633113535,-135.6731634
1633425732,-40.76158142
1633737929,-129.7796698
1634050127,-40.77404404
1634362324,-135.4856939
1634674521,-40.76078415
1634986718,-131.4486456
1635298916,-40.82910538
1635611113,-133.7791052
1635923310,-40.74749756
1636235507,-136.0338659
1636547705,-40.81801987
1636859902,-132.714118
1637172099,-40.80990601
1637484296,-134.6410894
1637796494,-40.74299622
1638108691,-139.6841955
1638420888,-40.8083725
1638733085,-139.157218
1639045283,-40.7458725
1639357480,-130.9508886
1639669677,-40.79434967
1639981874,-130.2666235
1640294072,-40.80715561
1640606269,-137.0970221
1640918466,-40.75043106
1641230663,-132.2668829
1641542861,-40.8164444
1641855058,-132.1080084
1642167255,-40.74722672
1642479452,-134.7529058
1642791650,-40.75738144
1643103847,-146.5139685
1643416044,-40.7565155
1643728242,-132.4140844
1644040439,-40.75123978
1644352636,-126.3529272
1644664833,-40.80181503
1644977031,-132.4101324
1645289228,-40.76787567
1645601425,-132.7862921
1645913622,-40.72805786
1646225820,-143.4765539
1646538017,-40.77275467
1646850214,-133.9560461
1647162411,-40.72705841
1647474609,-136.6391668
1647786806,-40.78424835
1648099003,-134.9442663
1648411200,-40.72532272
1648723398,-131.4377508
1649035595,-40.77296066
1649347792,-136.3176031
1649659989,-40.77356339
1649972187,-130.6643438
1650284384,-40.7322731
1650596581,-129.4567022
1650908778,-40.7696228
1651220976,-129.7093878
1651533173,-40.7276001
1651845370,-139.8624029
1652157567,-40.76641846
1652469765,-135.9134588
1652781962,-40.79788971
1653094159,-138.4870672
1653406356,-40.73381424
1653718554,-132.7632513
1654030751,-40.8049736
1654342948,-136.0152197
1654655145,-40.74824905
1654967343,-132.635108
1655279540,-40.75546646
1655591737,-130.4103308
1655903934,-40.7612114
1656216132,-133.143424
1656528329,-40.76255035
1656840526,-134.8057165
1657152724,-40.80945206
1657464921,-131.6784277
1657777118,-40.75567245
1658089315,-133.104804
1658401513,-40.76509094
1658713710,-133.3957129
1659025907,-40.77819061
1659338104,-135.6782904
1659650302,-40.76262283
1659962499,-133.4366064
1660274696,-40.8175621
1660586893,-135.1568518
1660899091,-40.76072311
1661211288,-136.3045721
1661523485,-40.83176804
1661835682,-133.866538
1662147880,-40.7947731
1662460077,-130.7736883
1662772274,-40.76072311
1663084471,-133.075263
1663396669,-40.79060745
1663708866,-134.2832556
1664021063,-40.76537323
1664333260,-133.3172979
1664645458,-40.8305397
1664957655,-135.0610571
1665269852,-40.81412506
1665582049,-132.3577185
1665894247,-40.77566147
1666206444,-131.2572699
1666518641,-40.81363297
1666830838,-134.163703
1667143036,-40.78104782
1667455233,-130.9385443
1667767430,-40.84327316
1668079627,-133.1952887
1668391825,-40.77467728
1668704022,-137.2577734
1669016219,-40.8552742
1669328417,-133.4689398
1669640614,-40.82122421
1669952811,-141.2715063
1670265008,-40.77761459
1670577206,-144.3660803
1670889403,-40.81191254
1671201600,-144.5179663
1671513797,-40.7771225
1671825995,-131.3204718
1672138192,-40.85551834
1672450389,-133.1531591
1672762586,-40.82734299
1673074784,-130.507865
1673386981,-40.77344513
1673699178,-141.9652777
1674011375,-40.82538223
1674323573,-128.5054083
1674635770,-40.78324509
1674947967,-133.7805395
1675260164,-40.86604691
1675572362,-132.2927771
1675884559,-40.78348923
1676196756,-136.0914221
1676508953,-40.87437439
1676821151,-138.9118567
1677133348,-40.82562256
1677445545,-134.5806341
1677757742,-40.77907562
1678069940,-135.5189123
1678382137,-40.83100891
1678694334,-134.9233618
1679006531,-40.79548645
1679318729,-129.0766973
1679630926,-40.88710785
1679943123,-132.5152197
1680255320,-40.82899857
1680567518,-135.556571
1680879715,-40.79689026
1681191912,-138.2121191
1681504110,-40.82872009
1681816307,-132.0388861
1682128504,-40.80323029
1682440701,-132.649848
1682752899,-40.90561295
1683065096,-136.130744
1683377293,-40.83161545
1683689490,-129.5738592
1684001688,-40.92738724
1684313885,-129.2345495
1684626082,-40.82913589
1684938279,-132.8565588
1685250477,-40.84920883
1685562674,-156.8884649
1685874871,-40.82885742
1686187068,-137.91117
1686499266,-40.85113525
1686811463,-132.3236761
1687123660,-40.9366188
1687435857,-136.8415594
1687748055,-40.82219696
1688060252,-134.9133215
1688372449,-40.87975311
1688684646,-131.241065
1688996844,-40.81751251
1689309041,-129.8699102
1689621238,-40.89049911
1689933435,-141.0661535
1690245633,-40.9348259
1690557830,-130.1106939
1690870027,-40.82187653
1691182224,-133.3571386
1691494422,-40.9264679
1691806619,-133.3323736
1692118816,-40.82453918
1692431013,-129.0787878
1692743211,-40.93868256
1693055408,-132.6780004
1693367605,-40.83896255
1693679802,-140.0305395
1693992000,-40.9545784
1694304197,-133.5802374
1694616394,-40.90703583
1694928592,-130.6223364
1695240789,-40.84846878
1695552986,-133.311698
1695865183,-40.89867401
1696177381,-132.4564734
1696489578,-40.86068726
1696801775,-132.1575842
1697113972,-40.99026871
1697426170,-133.7732
1697738367,-40.87805176
1698050564,-132.9885168
1698362761,-40.88563156
1698674959,-135.1288824
1698987156,-40.8777771
1699299353,-135.8882971
1699611550,-40.90593338
1699923748,-139.1031408
1700235945,-41.00031662
1700548142,-137.1662664
1700860339,-40.85892105
1701172537,-140.5246344
1701484734,-40.98283386
1701796931,-132.4371099
1702109128,-40.85099411
1702421326,-138.9277868
1702733523,-40.98078918
1703045720,-131.5288916
1703357917,-40.86291122
1703670115,-132.3399725
1703982312,-40.98756027
1704294509,-132.330863
1704606706,-40.95346451
1704918904,-134.9256353
1705231101,-40.86130905
1705543298,-137.3337317
1705855495,-40.92863464
1706167693,-134.6619482
1706479890,-40.8739624
1706792087,-129.7735968
1707104285,-41.03682709
1707416482,-131.6451941
1707728679,-40.90939713
1708040876,-134.1062078
1708353074,-40.92160034
1708665271,-136.0432043
1708977468,-40.87795258
1709289665,-127.1641531
1709601863,-40.96291733
1709914060,-131.614646
1710226257,-41.02877045
1710538454,-138.9556341
1710850652,-40.88370132
1711162849,-135.4945288
1711475046,-41.01496506
1711787243,-136.0755682
1712099441,-40.88018417
1712411638,-130.9483709
1712723835,-41.04525757
1713036032,-136.1043921
1713348230,-40.90092087
1713660427,-137.3263006
1713972624,-41.06893158
1714284821,-134.5420752
1714597019,-40.93120956
1714909216,-135.7228308
1715221413,-40.94488525
1715533610,-146.0344305
1715845808,-40.91225815
1716158005,-134.0429296
1716470202,-40.98105621
1716782399,-130.309165
1717094597,-41.06087494
1717406794,-140.6788244
1717718991,-40.88346481
1718031188,-128.3756933
1718343386,-41.03016663
1718655583,-133.1319189
1718967780,-40.88656616
1719279977,-129.2305822
1719592175,-41.07368469
1719904372,-133.5686254
1720216569,-40.97830963
1720528767,-129.2528448
1720840964,-40.91841888
1721153161,-138.9565802
1721465358,-40.93790054
1721777556,-131.2651129
1722089753,-40.96252823
1722401950,-135.7000952
1722714147,-41.09225464
1723026345,-131.2232428
1723338542,-40.8927269
1723650739,-131.4756994
1723962936,-41.05184555
1724275134,-131.5973425
1724587331,-40.88391876
1724899528,-137.6050787
1725211725,-41.05480194
1725523923,-135.5667486
1725836120,-40.89054871
1726148317,-140.1582708
1726460514,-41.08715057
1726772712,-133.447196
1727084909,-40.94935989
1727397106,-129.1570196
1727709303,-40.93576813
1728021501,-132.1581335
1728333698,-40.88984299
1728645895,-134.879981
1728958092,-41.00854111
1729270290,-146.147666
1729582487,-41.04860306
1729894684,-130.639411
1730206881,-40.88435364
1730519079,-134.5253973
1730831276,-40.98468018
1731143473,-132.0042028
1731455670,-40.89097977
1731767868,-129.9261694
1732080065,-41.09860611
1732392262,-141.7156744
1732704460,-40.94023514
1733016657,-141.36695
1733328854,-41.07804489
1733641051,-129.9045172
1733953249,-40.87631226
1734265446,-142.1430578
1734577643,-41.02661133
1734889840,-134.5419836
1735202038,-40.88587952
1735514235,-136.7625952
1735826432,-41.08395386
1736138629,-137.8756628
1736450827,-40.98363876
1736763024,-136.1026373
1737075221,-40.92007446
1737387418,-134.9521093
1737699616,-40.93074036
1738011813,-129.3566656
1738324010,-40.99578857
1738636207,-140.4575262
1738948405,-41.10125732
1739260602,-132.8865881
1739572799,-40.89805603
1739884996,-133.3683386
1740197194,-41.03271103
1740509391,-138.1812658
1740821588,-40.91923141
1741133785,-128.7451239
1741445983,-41.13279724
1741758180,-138.2401953
1742070377,-40.95464325
1742382574,-129.5455999
1742694772,-40.98374176
1743006969,-148.3052893
1743319166,-40.91656494
1743631363,-131.7218847
1743943561,-41.08603287
1744255758,-135.6424627
1744567955,-41.05633545
1744880153,-136.0243444
1745192350,-40.92595291
1745504547,-133.261405
1745816744,-40.98665237
1746128942,-144.2322454
1746441139,-40.99149704
1746753336,-134.3889379
1747065533,-41.13377762
1747377731,-129.2551031
1747689928,-40.92181396
1748002125,-130.4115973
1748314322,-41.08908081
1748626520,-138.2626257
1748938717,-40.92488861
1749250914,-136.6697149
1749563111,-41.15389252
1749875309,-136.9751501
1750187506,-40.98896408
1750499703,-139.0392828
1750811900,-41.15549469
1751124098,-134.5139837
1751436295,-40.94206619
1751748492,-138.5352545
1752060689,-41.0806694
1752372887,-131.6669836
1752685084,-40.94734573
1752997281,-141.2943487
1753309478,-41.16826248
1753621676,-144.2352667
1753933873,-41.00554276
1754246070,-138.2342138
1754558267,-41.01626587
1754870465,-135.2419806
1755182662,-40.94614792
1755494859,-134.0069799
1755807056,-41.11855698
1756119254,-134.6938543
1756431451,-41.10870361
1756743648,-132.986289
1757055845,-40.96215057
1757368043,-127.6430044
1757680240,-41.00227356
1757992437,-137.8259954
1758304635,-41.05635834
1758616832,-131.4339514
1758929029,-41.18834686
1759241226,-128.7621527
1759553424,-40.94625473
1759865621,-136.4794226
1760177818,-41.0957489
1760490015,-133.0002966
1760802213,-40.99943542
1761114410,-133.9182043
1761426607,-41.20959091
1761738804,-137.2422857
1762051002,-41.01626968
1762363199,-131.5317907
1762675396,-41.10222244
1762987593,-132.5165625
1763299791,-40.97798157
1763611988,-130.7512121
1763924185,-41.20210266
1764236382,-129.7149267
1764548580,-41.073452
1764860777,-130.9738379
1765172974,-41.06165695
1765485171,-129.9728155
1765797369,-41.00209427
1766109566,-133.1557837
1766421763,-41.17403412
1766733960,-129.1488714
1767046158,-41.16517639
1767358355,-130.0403204
1767670552,-41.03211975
1767982749,-133.9016485
1768294947,-41.07985687
1768607144,-138.5125952
1768919341,-41.13935089
1769231538,-134.804801
1769543736,-41.23559189
1769855933,-135.3236303
1770168130,-41.01874924
1770480328,-130.4120245
1770792525,-41.14291763
1771104722,-134.6216955
1771416919,-41.12083435
1771729117,-138.7586279
1772041314,-41.29718399
1772353511,-131.0094213
1772665708,-41.07666779
1772977906,-128.0850744
1773290103,-41.21553421
1773602300,-132.3792639
1773914497,-41.0949707
1774226695,-138.1558294
1774538892,-41.31615067
1774851089,-136.727088
1775163286,-41.10812759
1775475484,-130.5161047
1775787681,-41.27859879
1776099878,-133.9180822
1776412075,-41.07645798
1776724273,-147.8943396
1777036470,-41.31013107
1777348667,-145.8144293
1777660864,-41.17560196
1777973062,-131.1413946
1778285259,-41.32476044
1778597456,-128.8351202
1778909653,-41.10571289
1779221851,-129.5876684
1779534048,-41.31219482
1779846245,-131.0641088
1780158442,-41.15202332
1780470640,-138.5474463
1780782837,-41.35515213
1781095034,-131.1932135
1781407231,-41.12760544
1781719429,-137.6785803
1782031626,-41.28736877
1782343823,-132.4027624
1782656021,-41.14066696
1782968218,-135.0076513
1783280415,-41.33938217
1783592612,-133.1448736
1783904810,-41.13094711
1784217007,-135.3271856
1784529204,-41.26425171
1784841401,-130.5702276
1785153599,-41.11681366
1785465796,-133.4720373
1785777993,-41.35227966
1786090190,-132.6749182
1786402388,-41.16001129
1786714585,-133.9510565
1787026782,-41.23231888
1787338979,-140.4680243
1787651177,-41.12750626
1787963374,-132.367835
1788275571,-41.33945084
1788587768,-129.5952063
1788899966,-41.18613434
1789212163,-134.8745337
1789524360,-41.21654892
1789836557,-137.2854071
1790148755,-41.11614609
1790460952,-133.8667669
1790773149,-41.33617783
1791085346,-137.385932
1791397544,-41.19755936
1791709741,-135.9472113
1792021938,-41.20151901
1792334135,-140.3879766
1792646333,-41.11360931
1792958530,-130.6444769
1793270727,-41.32629013
1793582924,-134.1570196
1793895122,-41.20751572
1794207319,-130.5913916
1794519516,-41.17251968
1794831713,-140.7014685
1795143911,-41.11841965
1795456108,-135.4859076
1795768305,-41.31419754
1796080503,-135.7338629
1796392700,-41.22628784
1796704897,-132.7061987
1797017094,-41.16704178
1797329292,-132.3279943
1797641489,-41.11735153
1797953686,-136.6651373
1798265883,-41.30725098
1798578081,-137.6980047
1798890278,-41.22301483
1799202475,-136.8972082
1799514672,-41.17185593
1799826870,-147.478385
1800139067,-41.11848831
1800451264,-131.6760015
1800763461,-41.29932404
1801075659,-137.4025335
1801387856,-41.21912766
1801700053,-131.986701
1802012250,-41.16759109
1802324448,-139.2110357
1802636645,-41.11899567
1802948842,-143.4184637
1803261039,-41.31072235
1803573237,-134.7079077
1803885434,-41.21068192
1804197631,-134.8268652
1804509828,-41.16502762
1804822026,-130.9110479
1805134223,-41.11275482
1805446420,-129.0662603
1805758617,-41.30521774
1806070815,-129.3674994
1806383012,-41.19856262
1806695209,-131.692008
1807007406,-41.18083572
1807319604,-133.2646856
1807631801,-41.10872269
1807943998,-136.3410406
1808256196,-41.30265427
1808568393,-136.1939611
1808880590,-41.18864822
1809192787,-132.3148718
1809504985,-41.19002914
1809817182,-135.448554
1810129379,-41.12453079
1810441576,-129.812232
1810753774,-41.31699371
1811065971,-130.7006903
1811378168,-41.16844559
1811690365,-134.6391211
1812002563,-41.21686172
1812314760,-129.4878607
1812626957,-41.12049484
1812939154,-138.3907843
1813251352,-41.31810379
1813563549,-131.5396185
1813875746,-41.15559387
1814187943,-131.0243444
1814500141,-41.2458992
1814812338,-134.8003607
1815124535,-41.15247345
1815436732,-139.3414373
1815748930,-41.34567261
1816061127,-139.0833807
1816373324,-41.15964127
1816685521,-131.0107489
1816997719,-41.27714157
1817309916,-137.914649
1817622113,-41.17342758
1817934310,-133.4116125
1818246508,-41.34531021
1818558705,-135.6692419
1818870902,-41.16957092
1819183099,-137.7482977
1819495297,-41.32308197
1819807494,-131.4740515
1820119691,-41.23976517
1820431888,-131.1749182
1820744086,-41.36366653
1821056283,-132.0910864
1821368480,-41.19285583
1821680678,-139.127799
1821992875,-41.35570908
1822305072,-139.0429754
1822617269,-41.24222565
1822929467,-139.7291021
1823241664,-41.36685944
1823553861,-133.9896765
1823866058,-41.21736526
1824178256,-133.0560064
1824490453,-41.39785767
1824802650,-129.8815069
1825114847,-41.24248123
1825427045,-132.9172277
1825739242,-41.3480072
1826051439,-133.9539251
1826363636,-41.24334335
1826675834,-132.2169561
1826988031,-41.42383575
1827300228,-137.9440222
1827612425,-41.24788284
1827924623,-136.2555609
1828236820,-41.32401276
1828549017,-130.5764074
1828861214,-41.30900955
1829173412,-134.592536
1829485609,-41.41747665
1829797806,-127.7793722
1830110003,-41.26063156
1830422201,-130.1948004
1830734398,-41.29266357
1831046595,-131.6136541
1831358792,-41.35850525
1831670990,-130.8798895
1831983187,-41.40597534
1832295384,-134.4638739
1832607581,-41.28734589
1832919779,-132.8797827
1833231976,-41.30688477
1833544173,-136.7062902
1833856371,-41.40947342
1834168568,-134.1248846
1834480765,-41.36066437
1834792962,-136.1008368
1835105160,-41.32949448
1835417357,-136.9390936
1835729554,-41.29538345
1836041751,-134.2151098
1836353949,-41.45088577
1836666146,-142.7231665
1836978343,-41.32123184
1837290540,-127.2921362
1837602738,-41.36649704
1837914935,-135.6796637
1838227132,-41.29857635
1838539329,-133.4429541
1838851527,-41.43791199
1839163724,-136.0994482
1839475921,-41.28988647
1839788118,-141.1216955
1840100316,-41.35783768
1840412513,-135.3554296
1840724710,-41.33490753
1841036907,-137.044898
1841349105,-41.41193008
1841661302,-134.0491552
1841973499,-41.28243256
1842285696,-140.2842169
1842597894,-41.29330826
1842910091,-134.5287695
1843222288,-41.38209152
1843534485,-140.9673986
1843846683,-41.35548401
1844158880,-135.5419531
1844471077,-41.30977249
1844783274,-135.8041754
1845095472,-41.27875519
1845407669,-129.6327734
1845719866,-41.40869141
1846032064,-130.0493383
1846344261,-41.31300354
1846656458,-132.704505
1846968655,-41.34225464
1847280853,-134.1845312
1847593050,-41.28257751
1847905247,-132.2904425
1848217444,-41.39340591
1848529642,-131.5186224
1848841839,-41.27052307
1849154036,-133.241889
1849466233,-41.29977417
1849778431,-136.2329473
1850090628,-41.3275528
1850402825,-136.652442
1850715022,-41.37444305
1851027220,-136.3575811
1851339417,-41.27287292
1851651614,-131.2363958
1851963811,-41.27713394
1852276009,-133.6446447
1852588206,-41.36518097
1852900403,-133.4681005
1853212600,-41.3091774
1853524798,-129.4654913
1853836995,-41.31270599
1854149192,-142.2018042
1854461389,-41.27066422
1854773587,-136.8233862
1855085784,-41.3859024
1855397981,-136.1662054
1855710178,-41.28065872
1856022376,-132.5531073
1856334573,-41.35914993
1856646770,-132.6933355
1856958967,-41.31637573
1857271165,-129.2426672
1857583362,-41.35959244
1857895559,-133.8682013
1858207756,-41.27051544
1858519954,-134.3266516
1858832151,-41.36517715
1859144348,-133.595252
1859456546,-41.28859329
1859768743,-131.1205664
1860080940,-41.31497955
1860393137,-135.3253546
1860705335,-41.32276535
1861017532,-133.1187811
1861329729,-41.34965897
1861641926,-135.2806616
1861954124,-41.2861557
1862266321,-130.0652533
1862578518,-41.28805923
1862890715,-134.6090612
1863202913,-41.36346054
1863515110,-141.9522467
1863827307,-41.30583572
1864139504,-132.6770544
1864451702,-41.32611465
1864763899,-133.1912146
1865076096,-41.30596924
1865388293,-135.3097296
1865700491,-41.37401962
1866012688,-135.2205114
1866324885,-41.29508209
1866637082,-132.1636114
1866949280,-41.3241806
1867261477,-140.2990484
1867573674,-41.33563995
1867885871,-135.4680243
1868198069,-41.35518265
1868510266,-134.452033
1868822463,-41.31152344
1869134660,-139.9806585
1869446858,-41.30240631
1869759055,-136.1917639
1870071252,-41.36824799
1870383449,-137.4430609
1870695647,-41.32312012
1871007844,-137.8271399
1871320041,-41.35368729
1871632239,-137.3505926
1871944436,-41.33575058
1872256633,-143.4803991
1872568830,-41.37513733
1872881028,-136.5922766
1873193225,-41.31383896
1873505422,-134.7686071
1873817619,-41.38041687
1874129817,-134.5897131
1874442014,-41.32352829
1874754211,-140.9679327
1875066408,-41.33792496
1875378606,-144.4027166
1875690803,-41.34718323
1876003000,-130.9663153
1876315197,-41.36525345
1876627395,-143.6818914
1876939592,-41.34290695
1877251789,-128.0627203
1877563986,-41.33966827
1877876184,-131.351264
1878188381,-41.38934326
1878500578,-134.6912451
1878812775,-41.35083008
1879124973,-129.6816168
1879437170,-41.3733139
1879749367,-143.5142889
1880061564,-41.35844421
1880373762,-137.3890905
1880685959,-41.37930298
1880998156,-129.7879248
1881310353,-41.34944916
1881622551,-132.7845373
1881934748,-41.34826279
1882246945,-132.9487066
1882559142,-41.384552
1882871340,-131.4379492
1883183537,-41.37380981
1883495734,-135.5538855
1883807931,-41.37482452
1884120129,-132.0889349
1884432326,-41.37584305
1884744523,-128.8804846
1885056721,-41.40699005
1885368918,-136.2889318
1885681115,-41.38154602
1885993312,-136.3252172
1886305510,-41.41122437
1886617707,-128.982749
1886929904,-41.39313126
1887242101,-136.6925116
1887554299,-41.3948822
1887866496,-139.290061
1888178693,-41.39736938
1888490890,-132.1122198
1888803088,-41.41896057
1889115285,-132.8349371
1889427482,-41.39572525
1889739679,-136.1799078
1890051877,-41.40188217
1890364074,-136.3984747
1890676271,-41.42053604
1890988468,-137.4078131
1891300666,-41.41053009
1891612863,-136.0131903
1891925060,-41.41669083
1892237257,-134.4972906
1892549455,-41.41550064
1892861652,-142.1835394
1893173849,-41.42607117
1893486046,-134.149497
1893798244,-41.41091537
1894110441,-135.3080359
1894422638,-41.41781235
1894734835,-133.0439825
1895047033,-41.42470551
1895359230,-136.8262396
1895671427,-41.42866135
1895983624,-130.8125372
1896295822,-41.41277313
1896608019,-135.3811865
1896920216,-41.42334366
1897232414,-127.1104879
1897544611,-41.43611908
1897856808,-135.5551825
1898169005,-41.42684555
1898481203,-135.9280767
1898793400,-41.43667984
1899105597,-132.0126257
1899417794,-41.43328476
1899729992,-130.9149084
1900042189,-41.45341873
1900354386,-134.3782873
1900666583,-41.42884827
1900978781,-129.1790228
1901290978,-41.44984436
1901603175,-128.4687567
1901915372,-41.42747879
1902227570,-129.6796179
1902539767,-41.43818283
1902851964,-130.417182
1903164161,-41.45771027
1903476359,-129.8031836
1903788556,-41.45739365
1904100753,-141.6382971
1904412950,-41.44752121
1904725148,-135.5210943
1905037345,-41.43985367
1905349542,-133.4225378
1905661739,-41.48363495
1905973937,-134.662055
1906286134,-41.45318222
1906598331,-129.8221807
1906910528,-41.46389008
1907222726,-141.9277411
1907534923,-41.49664688
1907847120,-134.4472418
1908159317,-41.48236465
1908471515,-132.7911139
1908783712,-41.48498535
1909095909,-133.2471838
1909408107,-41.47364426
1909720304,-139.4195929
1910032501,-41.51301575
1910344698,-138.7659216
1910656896,-41.47154236
1910969093,-134.6742163
1911281290,-41.50576401
1911593487,-132.2912359
1911905685,-41.4731102
1912217882,-141.8414221
1912530079,-41.48822784
1912842276,-133.6112738
1913154474,-41.52980042
1913466671,-135.6210089
1913778868,-41.50229263
1914091065,-130.5893164
1914403263,-41.50711823
1914715460,-136.4229345
1915027657,-41.49871826
1915339854,-135.7023687
1915652052,-41.54764175
1915964249,-133.9499731
1916276446,-41.48705673
1916588643,-132.118186
1916900841,-41.48674011
1917213038,-129.1068335
1917525235,-41.54668808
1917837432,-131.4788885
1918149630,-41.5008049
1918461827,-135.054038
1918774024,-41.54458237
1919086221,-138.145606
1919398419,-41.508255
1919710616,-134.5264654
1920022813,-41.52042389
1920335010,-139.7007513
1920647208,-41.51187897
1920959405,-132.8043737
1921271602,-41.53052521
1921583799,-129.2049322
1921895997,-41.4874382
1922208194,-131.4651403
1922520391,-41.48624039
1922832589,-128.5499182
1923144786,-41.56074142
1923456983,-133.4941168
1923769180,-41.47943878
1924081378,-143.9540014
1924393575,-41.47529984
1924705772,-153.4555273
1925017969,-41.54171753
1925330167,-132.2999182
1925642364,-41.49863052
1925954561,-131.8063116
1926266758,-41.52095032
1926578956,-132.9406042
1926891153,-41.49256134
1927203350,-134.9729681
1927515547,-41.51047516
1927827745,-137.7101507
1928139942,-41.47473526
1928452139,-132.0786047
1928764336,-41.53306961
1929076534,-140.3175116
1929388731,-41.44441605
1929700928,-127.944396
1930013125,-41.43660355
1930325323,-134.5385199
1930637520,-41.54564667
1930949717,-130.8846807
1931261914,-41.45258331
1931574112,-141.4614325
1931886309,-41.4653511
1932198506,-131.032218
1932510703,-41.52148056
1932822901,-131.064826
1933135098,-41.47471619
1933447295,-136.2758093
1933759492,-41.49850845
1934071690,-129.436759
1934383887,-41.47967148
1934696084,-136.7415686
1935008282,-41.51301575
1935320479,-133.6602545
1935632676,-41.46331406
1935944873,-130.1835394
1936257071,-41.54442978
1936569268,-132.4113989
1936881465,-41.44475174
1937193662,-135.4756231
1937505860,-41.43914795
1937818057,-137.1162786
1938130254,-41.5724411
1938442451,-131.4318151
1938754649,-41.44263077
1939066846,-133.8786993
1939379043,-41.44952011
1939691240,-128.5036383
1940003438,-41.54164886
1940315635,-132.7655706
1940627832,-41.47091293
1940940029,-135.8499212
1941252227,-41.51776505
1941564424,-131.0704412
1941876621,-41.4955368
1942188818,-134.7625799
1942501016,-41.52695465
1942813213,-133.2623968
1943125410,-41.46871185
1943437607,-140.9893408
1943749805,-41.54716873
1944062002,-130.6397772
1944374199,-41.45070648
1944686396,-129.7025518
1944998594,-41.44391251
1945310791,-129.903739
1945622988,-41.57601547
1945935185,-135.1171942
1946247383,-41.43252182
1946559580,-138.3639593
1946871777,-41.44997787
1947183974,-131.0908422
1947496172,-41.57106018
1947808369,-135.2614355
1948120566,-41.47239304
1948432764,-135.5809393
1948744961,-41.5574646
1949057158,-134.0197515
1949369355,-41.47717285
1949681553,-138.5952826
1949993750,-41.50491714
1950305947,-139.0419531
1950618144,-41.53339767
1950930342,-139.8972387
1951242539,-41.52145767
1951554736,-128.451148
1951866933,-41.5058403
1952179131,-132.631278
1952491328,-41.49095917
1952803525,-130.6960058
1953115722,-41.57970428
1953427920,-131.7930975
1953740117,-41.46046066
1954052314,-130.1510534
1954364511,-41.44704819
1954676709,-132.6371679
1954988906,-41.59605789
1955301103,-129.4598608
1955613300,-41.44594955
1955925498,-131.306571
1956237695,-41.60965729
1956549892,-128.5106878
1956862089,-41.44043732
1957174287,-136.9086218
1957486484,-41.44319534
1957798681,-130.6166449
1958110878,-41.60028839
1958423076,-132.9881048
1958735273,-41.45753098
1959047470,-136.5942602
1959359667,-41.47498322
1959671865,-140.4267645
1959984062,-41.58210373
1960296259,-139.2367468
1960608457,-41.49450684
1960920654,-127.4835043
1961232851,-41.56933212
1961545048,-130.7339849
1961857246,-41.52730179
1962169443,-130.0069952
1962481640,-41.53598404
1962793837,-134.7141333
1963106035,-41.52482224
1963418232,-141.3783941
1963730429,-41.56951523
1964042626,-136.6489325
1964354824,-41.51499176
1964667021,-133.7090521
1964979218,-41.49795151
1965291415,-130.2451696
1965603613,-41.61760712
1965915810,-140.3121862
1966228007,-41.48958969
1966540204,-131.0775671
1966852402,-41.46887589
1967164599,-129.5590582
1967476796,-41.62968826
1967788993,-134.0405645
1968101191,-41.48109436
1968413388,-132.0965185
1968725585,-41.4780159
1969037782,-138.2132483
1969349980,-41.66014099
1969662177,-137.6031103
1969974374,-41.47185898
1970286571,-133.7026739
1970598769,-41.65472031
1970910966,-139.1528234
1971223163,-41.47966766
1971535360,-127.8545065
1971847558,-41.48761368
1972159755,-136.2135382
1972471952,-41.65651321
1972784150,-127.8630514
1973096347,-41.49101257
1973408544,-135.4173193
1973720741,-41.51512909
1974032939,-139.1756506
1974345136,-41.63184738
1974657333,-146.0288
1974969530,-41.52440643
1975281728,-137.8348455
1975593925,-41.63230515
1975906122,-132.6835394
1976218319,-41.52266312
1976530517,-127.6138144
1976842714,-41.55485916
1977154911,-128.8241186
1977467108,-41.59514618
1977779306,-133.1218786
1978091503,-41.53915024
1978403700,-131.0249701
1978715897,-41.56694031
1979028095,-136.5295172
1979340292,-41.57929611
1979652489,-133.5918341
1979964686,-41.58136368
1980276884,-133.651145
1980589081,-41.56856537
1980901278,-132.9592504
1981213475,-41.57560349
1981525673,-134.3487005
1981837870,-41.61056519
1982150067,-140.8996191
1982462264,-41.55880737
1982774462,-130.3978033
1983086659,-41.62243271
1983398856,-132.9278631
1983711053,-41.54568481
1984023251,-136.6852789
1984335448,-41.53802109
1984647645,-127.4299154
1984959842,-41.65750122
1985272040,-130.3333349
1985584237,-41.54033279
1985896434,-130.6615362
1986208632,-41.52017593
1986520829,-137.5828619
1986833026,-41.66905594
1987145223,-138.6312933
1987457421,-41.53351593
1987769618,-133.8980017
1988081815,-41.66843033
1988394012,-137.1710882
1988706210,-41.52627182
1989018407,-139.8922491
1989330604,-41.52669525
1989642801,-137.3718328
1989954999,-41.71231842
1990267196,-134.3281469
1990579393,-41.52018738
1990891590,-131.0434027
1991203788,-41.52281189
1991515985,-128.3297033
1991828182,-41.71799088
1992140379,-136.2483282
1992452577,-41.52071762
1992764774,-132.8474646
1993076971,-41.72251129
1993389168,-137.4485846
1993701366,-41.52817154
1994013563,-129.4749517
1994325760,-41.5249176
1994637957,-144.3277044
1994950155,-41.72671509
1995262352,-130.1916265
1995574549,-41.53752136
1995886746,-133.2670202
1996198944,-41.5291214
1996511141,-133.0829687
1996823338,-41.71915817
1997135535,-130.4221869
1997447733,-41.52114487
1997759930,-127.4637518
1998072127,-41.72955322
1998384325,-132.9159307
1998696522,-41.5447731
1999008719,-137.234107
1999320916,-41.53490448
1999633114,-134.7746954
1999945311,-41.74331284
2000257508,-132.85987
2000569705,-41.53646088
2000881903,-132.5905371
2001194100,-41.53980255
2001506297,-131.0152349
2001818494,-41.75406647
2002130692,-139.8819036
2002442889,-41.53545761
2002755086,-131.163764
2003067283,-41.75780487
2003379481,-134.1524115
2003691678,-41.5296402
2004003875,-129.6880713
2004316072,-41.53886032
2004628270,-132.7634497
2004940467,-41.74357224
2005252664,-131.0690832
2005564861,-41.53451538
2005877059,-137.1944342
2006189256,-41.53638458
2006501453,-140.7225409
2006813650,-41.74036026
2007125848,-138.7400732
2007438045,-41.54453278
2007750242,-131.3742132
2008062439,-41.73822021
2008374637,-134.4275274
2008686834,-41.52842712
2008999031,-130.2953863
2009311228,-41.54499435
2009623426,-140.8913641
2009935623,-41.73133469
2010247820,-135.4730749
2010560018,-41.54579544
2010872215,-126.7997503
2011184412,-41.55207443
2011496609,-140.8330297
2011808807,-41.71195221
2012121004,-137.1491919
2012433201,-41.56022263
2012745398,-131.0900488
2013057596,-41.68849945
2013369793,-131.1661444
2013681990,-41.56983948
2013994187,-132.8304358
2014306385,-41.59008408
2014618582,-134.6196661
2014930779,-41.68308258
2015242976,-146.0872869
2015555174,-41.60998917
2015867371,-139.8635015
2016179568,-41.63464355
2016491765,-131.6803808
2016803963,-41.65194702
2017116160,-134.1317968
2017428357,-41.64279175
2017740554,-144.0523748
2018052752,-41.6204071
2018364949,-136.2183447
2018677146,-41.62154388
2018989343,-130.3422003
2019301541,-41.70645905
2019613738,-140.8595343
2019925935,-41.59882355
2020238132,-128.7782507
2020550330,-41.7271843
2020862527,-137.0050879
2021174724,-41.57721329
2021486921,-129.7034521
2021799119,-41.55805969
2022111316,-128.9670019
2022423513,-41.77922821
2022735710,-138.7467566
2023047908,-41.54033279
2023360105,-129.2270727
2023672302,-41.53734589
2023984500,-134.5817785
2024296697,-41.84450531
2024608894,-133.9313116
2024921091,-41.50638962
2025233289,-133.1706152
2025545486,-41.85764313
2025857683,-129.6031866
2026169880,-41.51511765
2026482078,-133.3748388
2026794275,-41.50992966
2027106472,-134.3831244
2027418669,-41.89131927
2027730867,-130.2850714
2028043064,-41.50616455
2028355261,-136.3063574
2028667458,-41.5134697
2028979656,-128.4557257
2029291853,-41.88971329
2029604050,-140.0867834
2029916247,-41.54571915
2030228445,-137.0463018
2030540642,-41.8793335
2030852839,-129.9092932
2031165036,-41.56106186
2031477234,-129.8298712
2031789431,-41.59923553
2032101628,-133.2899084
2032413825,-41.82701874
2032726023,-133.1443548
2033038220,-41.61825562
2033350417,-139.8094397
2033662614,-41.66304016
2033974812,-132.1410742
2034287009,-41.75853729
2034599206,-138.8039618
2034911403,-41.70778275
2035223601,-133.6336432
2035535798,-41.71729279
2035847995,-135.4386053
2036160193,-41.69005585
2036472390,-132.7847052
2036784587,-41.76717758
2037096784,-129.5369635
2037408982,-41.67526627
2037721179,-140.5602331
2038033376,-41.80015945
2038345573,-129.2090979
2038657771,-41.63549042
2038969968,-128.0346289
2039282165,-41.63030243
2039594362,-132.8498907
2039906560,-41.8176651
2040218757,-130.6879797
2040530954,-41.60526276
2040843151,-137.7354193
2041155349,-41.60980606
2041467546,-135.1669531
2041779743,-41.8362999
2042091940,-129.8549566
2042404138,-41.6218338
2042716335,-129.5838995
2043028532,-41.8314209
2043340729,-130.0786505
2043652927,-41.62797928
2043965124,-130.1530066
2044277321,-41.62884521
2044589518,-136.6323462
2044901716,-41.81712341
2045213913,-131.0366735
2045526110,-41.64748383
2045838307,-148.0380926
2046150505,-41.66231537
2046462702,-135.7772741
2046774899,-41.79841232
2047087096,-132.2893896
2047399294,-41.66699219
2047711491,-135.2961493
2048023688,-41.78691864
2048335885,-134.9934912
2048648083,-41.68122101
2048960280,-134.4255285
2049272477,-41.70560837
2049584675,-132.7683783
2049896872,-41.78805542
2050209069,-146.5632696
2050521266,-41.73306656
2050833464,-133.1552191
2051145661,-41.74569321
2051457858,-129.399085
2051770055,-41.73847961
2052082253,-133.3230505
2052394450,-41.77462387
2052706647,-133.8457251
2053018844,-41.71816635
2053331042,-136.0852118
2053643239,-41.69551468
2053955436,-134.4567175
2054267633,-41.81029892
2054579831,-132.6731634
2054892028,-41.67152786
2055204225,-137.7803717
2055516422,-41.82452774
2055828620,-134.814292
2056140817,-41.67840958
2056453014,-137.5630865
2056765211,-41.6858902
2057077409,-132.6244574
2057389606,-41.7903862
2057701803,-133.8107672
2058014000,-41.71187973
2058326198,-139.1862249
2058638395,-41.76272583
2058950592,-132.3191137
2059262789,-41.71435165
2059574987,-129.4265356
2059887184,-41.80047226
2060199381,-138.6561193
2060511578,-41.67006302
2060823776,-132.6764135
2061135973,-41.63526154
2061448170,-134.1959906
2061760368,-41.87091446
2062072565,-129.1239386
2062384762,-41.63547134
2062696959,-130.0342627
2063009157,-41.86671448
2063321354,-135.6151037
2063633551,-41.64229584
2063945748,-140.8167181
2064257946,-41.70229721
2064570143,-132.0310278
2064882340,-41.78508377
2065194537,-142.8159552
2065506735,-41.76865387
2065818932,-131.6659765
2066131129,-41.69783783
2066443326,-133.3024206
2066755524,-41.63877869
2067067721,-132.4216986
2067379918,-41.89207077
2067692115,-148.190238
2068004313,-41.5993042
2068316510,-135.7350073
2068628707,-41.5924263
2068940904,-131.9917059
2069253102,-41.89054871
2069565299,-133.5002813
2069877496,-41.60660172
2070189693,-134.9647436
2070501891,-41.8598938
2070814088,-132.1393805
2071126285,-41.66928101
2071438482,-130.857398
2071750680,-41.70503235
2072062877,-138.0734777
2072375074,-41.76062393
2072687271,-136.5026464
2072999469,-41.76256561
2073311666,-132.7439184
2073623863,-41.72923279
2073936061,-131.6118536
2074248258,-41.70251083
2074560455,-132.7022467
2074872652,-41.80367279
2075184850,-134.0696936
2075497047,-41.7130127
2075809244,-129.7619696
2076121441,-41.71569061
2076433639,-131.8886175
2076745836,-41.81464386
2077058033,-131.8824682
2077370230,-41.70708084
2077682428,-126.1335363
2077994625,-41.82146835
2078306822,-136.3400793
2078619019,-41.7014122
2078931217,-137.3900366
2079243414,-41.70629501
2079555611,-132.986762
2079867808,-41.83023453
2080180006,-132.5711737
2080492203,-41.71064377
2080804400,-131.1131811
2081116597,-41.76221848
2081428795,-137.1927099
2081740992,-41.78586578
2082053189,-130.0213232
2082365386,-41.80289841
2082677584,-134.8338232
2082989781,-41.75966644
2083301978,-131.4186926
2083614175,-41.7450943
2083926373,-136.0981665
2084238570,-41.84444046
2084550767,-128.3946905
2084862964,-41.76078796
2085175162,-134.2676916
2085487359,-41.81824112
2085799556,-132.9603796
2086111753,-41.77868271
2086423951,-127.5748892
2086736148,-41.84716034
2087048345,-127.3662939
2087360543,-41.7274971
2087672740,-137.7194738
2087984937,-41.90180588
2088297134,-132.3303137
2088609332,-41.69909286
2088921529,-133.020545
2089233726,-41.72200394
2089545923,-133.1632605
2089858121,-41.86250687
2090170318,-140.4444036
2090482515,-41.79869461
2090794712,-130.289176
2091106910,-41.88922119
2091419107,-136.88169
2091731304,-41.74309921
2092043501,-132.8146734
2092355699,-41.95488739
2092667896,-141.5223303
2092980093,-41.70513916
2093292290,-136.4028997
2093604488,-41.72584534
2093916685,-137.3577032
2094228882,-41.94278336
2094541079,-136.0467138
2094853277,-41.77754974
2095165474,-132.189887
2095477671,-41.83647537
2095789868,-135.7390356
2096102066,-41.86452866
2096414263,-129.2320318
2096726460,-41.87274551
2097038657,-131.5545568
2097350855,-41.86184692
2097663052,-132.9709082
2097975249,-41.88182068
2098287446,-132.9100409
2098599644,-41.89811707
2098911841,-131.2095251
2099224038,-41.89236832
2099536236,-133.2182379
2099848433,-41.92777252
2100160630,-128.8774786
2100472827,-41.88277054
2100785025,-129.5781012
2101097222,-41.86169052
2101409419,-131.267951
2101721616,-41.97289658
2102033814,-132.5910711
2102346011,-41.88420105
2102658208,-138.0055914
2102970405,-41.89619446
2103282603,-130.5932531
2103594800,-41.95448303
2103906997,-132.3705511
2104219194,-41.9561882
2104531392,-136.9237127
2104843589,-41.93289948
2105155786,-136.5594244
2105467983,-41.95150375
2105780181,-135.3286352
2106092378,-41.97672653
2106404575,-133.2659063
2106716772,-42.00561905
2107028970,-134.2105322
2107341167,-41.93456268
2107653364,-132.9157934
2107965561,-41.89143372
2108277759,-134.0500402
2108589956,-42.0871582
2108902153,-135.7112188
2109214350,-41.93819809
2109526548,-130.4456396
2109838745,-42.04719925
2110150942,-130.1445379
2110463139,-41.9695282
2110775337,-132.6773748
2111087534,-42.09249496
2111399731,-133.5940619
2111711928,-41.93471527
2112024126,-129.4646826
2112336323,-42.12015152
2112648520,-145.7400885
2112960718,-41.94032288
2113272915,-131.0945044
2113585112,-41.98024368
2113897309,-135.5631475
2114209507,-42.05176163
2114521704,-132.2429419
2114833901,-42.01818848
2115146098,-133.8637152
2115458296,-42.02135849
2115770493,-132.0082312
2116082690,-42.04878235
2116394887,-133.3893957
2116707085,-41.98801422
2117019282,-131.3376989
2117331479,-42.06320953
2117643676,-134.439353
2117955874,-42.00244141
2118268071,-136.3438025
2118580268,-42.04088974
2118892465,-132.8420629
2119204663,-41.9867363
2119516860,-133.2068243
2119829057,-42.08104324
2120141254,-133.361762
2120453452,-41.96909332
2120765649,-128.4237585
2121077846,-41.98162842
2121390043,-138.0661688
2121702241,-42.04193878
2122014438,-129.1698065
2122326635,-42.01625824
2122638832,-128.6274633
2122951030,-41.99572372
2123263227,-137.0836859
2123575424,-42.02148819
2123887621,-127.1099081
2124199819,-41.95024109
2124512016,-132.4742498
2124824213,-42.06346512
2125136411,-134.4997778
2125448608,-41.90990448
2125760805,-131.8224554
2126073002,-41.93346786
2126385200,-132.2414007
2126697397,-41.97907639
2127009594,-127.0094366
2127321791,-41.98352814
2127633989,-130.8348303
2127946186,-41.89905167
2128258383,-129.8037481
2128570580,-41.87190247
2128882778,-139.7180853
2129194975,-42.00276566
2129507172,-134.3795538
2129819369,-41.92049408
2130131567,-139.4756384
2130443764,-41.94258499
2130755961,-135.9964972
2131068158,-41.93748474
2131380356,-137.4796362
2131692553,-41.9213562
2132004750,-129.0852423
2132316947,-41.99269104
2132629145,-128.4929266
2132941342,-41.87587738
2133253539,-150.5101995
2133565736,-41.88620758
2133877934,-128.4474401
2134190131,-41.97076797
2134502328,-134.429862
2134814525,-41.94215012
2135126723,-146.8326941
2135438920,-41.8936882
2135751117,-131.9730597
2136063314,-41.87314987
2136375512,-137.3454962
2136687709,-41.97388077
2136999906,-134.3528662
2137312104,-41.90704346
2137624301,-132.2605505
2137936498,-41.93501282
2138248695,-131.4367285
2138560893,-41.97180557
2138873090,-132.1966925
2139185287,-41.89908981
2139497484,-133.1822882
2139809682,-42.00349045
2140121879,-145.3060369
2140434076,-41.88001251
2140746273,-140.1154699
2141058471,-41.92293167
2141370668,-136.7041845
2141682865,-41.93350983
2141995062,-141.0178137
2142307260,-42.01170349
2142619457,-134.2853613
2142931654,-41.89220047
2143243851,-137.9691534
2143556049,-41.95495987
2143868246,-133.831748
2144180443,-41.98391342
2144492640,-139.4881048
2144804838,-41.99890518
2145117035,-136.3009863
2145429232,-41.95877457
2145741429,-133.2498083
2146053627,-42.0318222
2146365824,-136.206748
2146678021,-41.921875
2146990218,-133.8390875
2147302416,-42.07944107
2147614613,-134.1958227
2147926810,-41.90922546
2148239007,-137.40557
2148551205,-41.9888916
2148863402,-128.0920172
2149175599,-41.99505997
2149487796,-136.566123
2149799994,-42.07398987
2150112191,-133.7846746
2150424388,-41.96403885
2150736586,-131.8212194
2151048783,-41.99666977
2151360980,-136.2370062
2151673177,-42.06310272
2151985375,-138.883811
2152297572,-42.01268387
2152609769,-134.1349401
2152921966,-41.98651886
2153234164,-133.6487036
2153546361,-42.12791443
2153858558,-128.7307959
2154170755,-42.01502609
2154482953,-138.7276983
2154795150,-42.08807755
2155107347,-131.6659765
2155419544,-42.01413727
2155731742,-131.1327124
2156043939,-42.12614059
2156356136,-134.4211035
2156668333,-42.05367279
2156980531,-131.705802
2157292728,-42.09217834
2157604925,-134.563529
2157917122,-42.05939865
2158229320,-129.1157293
2158541517,-42.13465118
2158853714,-136.0964575
2159165911,-42.13935471
2159478109,-132.125144
2159790306,-42.02352524
2160102503,-132.2074041
2160414700,-41.99892807
2160726898,-129.3695288
2161039095,-42.19192886
2161351292,-134.6843023
2161663489,-42.08802032
2161975687,-129.928977
2162287884,-42.11566162
2162600081,-127.9304037
2162912279,-42.09479904
2163224476,-130.3046942
2163536673,-42.19887543
2163848870,-132.0763464
2164161068,-42.09055328
2164473265,-136.1196814
2164785462,-42.19316101
2165097659,-133.2979803
2165409857,-42.10321426
2165722054,-142.0235968
2166034251,-42.09704971
2166346448,-134.035285
2166658646,-42.18642426
2166970843,-138.3916998
2167283040,-42.16703033
2167595237,-143.6866369
2167907435,-42.10501099
2168219632,-134.8935614
2168531829,-42.13191986
2168844026,-134.0686865
2169156224,-42.15147781
2169468421,-129.1252203
2169780618,-42.22027588
2170092815,-133.7542944
2170405013,-42.09211349
2170717210,-131.2258215
2171029407,-42.17855072
2171341604,-131.1167669
2171653802,-42.05847168
2171965999,-138.0145941
2172278196,-42.2845459
2172590393,-143.6718512
2172902591,-42.02850342
2173214788,-134.719306
2173526985,-42.1164093
2173839182,-130.4424353
2174151380,-42.13082504
2174463577,-132.6190252
2174775774,-42.18125153
2175087971,-127.6571875
2175400169,-42.07733917
2175712366,-137.9004431
2176024563,-42.0895462
2176336761,-132.6394873
2176648958,-42.19141769
2176961155,-130.6504583
2177273352,-42.05958176
2177585550,-132.1494513
2177897747,-42.08207703
2178209944,-128.0717382
2178522141,-42.09355164
2178834339,-142.2865973
2179146536,-42.17411041
2179458733,-143.7429571
2179770930,-42.04227066
2180083128,-132.2897253
2180395325,-42.12726974
2180707522,-134.7141638
2181019719,-42.00073624
2181331917,-132.3989935
2181644114,-42.18875885
2181956311,-137.4809637
2182268508,-42.05928802
2182580706,-130.5496435
2182892903,-42.04079437
2183205100,-149.2286749
2183517297,-41.94953918
2183829495,-144.9953222
2184141692,-42.21619797
2184453889,-135.7460241
2184766086,-42.022789
2185078284,-131.6309881
2185390481,-42.09395599
2185702678,-130.6100378
2186014875,-42.01887131
2186327073,-135.6743689
2186639270,-42.13633728
2186951467,-131.8194952
2187263664,-42.02377319
2187575862,-137.983283
2187888059,-42.02291489
2188200256,-137.209281
2188512454,-42.12568283
2188824651,-133.7255621
2189136848,-42.09395981
2189449045,-130.6695776
2189761243,-42.03504181
2190073440,-129.6302557
2190385637,-42.03786087
2190697834,-138.9292822
2191010032,-42.04876328
2191322229,-130.8044348
2191634426,-42.17431641
2191946623,-146.9295568
2192258821,-41.97502518
2192571018,-132.5364294
2192883215,-42.12115479
2193195412,-135.1578283
2193507610,-41.99388885
2193819807,-131.1883154
2194132004,-42.23776627
2194444201,-132.5809088
2194756399,-41.94881439
2195068596,-133.0511389
2195380793,-42.08245087
2195692990,-135.3682775
2196005188,-42.07350922
2196317385,-134.4377203
2196629582,-42.1674614
2196941779,-133.4013433
2197253977,-42.04240036
2197566174,-132.1694555
2197878371,-42.0356636
2198190568,-137.6380072
2198502766,-42.16783142
2198814963,-133.2135687
2199127160,-42.08392334
2199439357,-131.7340155
2199751555,-42.08012772
2200063752,-129.2806921
2200375949,-42.06024933
2200688147,-129.8326483
2201000344,-42.1065712
2201312541,-132.3968573
2201624738,-42.20066452
2201936936,-136.1134558
2202249133,-41.99269485
2202561330,-136.8675146
2202873527,-42.11177826
2203185725,-136.6992407
2203497922,-42.02801514
2203810119,-140.2894201
2204122316,-42.29261398
2204434514,-140.3585272
2204746711,-41.98322296
2205058908,-130.2957983
2205371105,-42.09421921
2205683303,-126.3256903
2205995500,-42.09865189
2206307697,-132.2096167
2206619894,-42.18613052
2206932092,-131.7400122
2207244289,-42.07444
2207556486,-128.4548712
2207868683,-42.05681992
2208180881,-143.7334814
2208493078,-42.17296219
2208805275,-131.9002905
2209117472,-42.1274147
2209429670,-136.0975256
2209741867,-42.07599258
2210054064,-131.2793036
2210366261,-42.12304688
2210678459,-132.7830114
2210990656,-42.06647873
2211302853,-127.6458273
2211615050,-42.27007675
2211927248,-129.9189978
2212239445,-42.018013
2212551642,-131.8982153
2212863839,-42.22675705
2213176037,-136.9149084
2213488234,-41.99380112
2213800431,-129.835288
2214112629,-42.30984497
2214424826,-130.5202703
2214737023,-42.0570488
2215049220,-134.9085913
2215361418,-42.17318726
2215673615,-129.7206945
2215985812,-42.0953064
2216298009,-127.8877859
2216610207,-42.22982025
2216922404,-128.9196539
2217234601,-42.08799744
2217546798,-134.2714758
2217858996,-42.15195465
2218171193,-132.7178411
2218483390,-42.14903641
2218795587,-129.0380468
2219107785,-42.27840805
2219419982,-132.9611578
2219732179,-42.13070679
2220044376,-130.6165533
2220356574,-42.32038498
2220668771,-132.072196
2220980968,-42.03276062
2221293165,-134.3230352
2221605363,-42.31103134
2221917560,-135.5640783
2222229757,-42.07558823
2222541954,-135.8144293
2222854152,-42.37517548
2223166349,-139.4910498
2223478546,-42.09563065
2223790743,-133.1144629
2224102941,-42.26881027
2224415138,-130.4346228
2224727335,-42.19431305
2225039532,-132.0027075
2225351730,-42.30575562
2225663927,-136.6516485
2225976124,-42.16070938
2226288322,-130.8806677
2226600519,-42.32139206
2226912716,-131.9967566
2227224913,-42.20206451
2227537111,-129.537406
2227849308,-42.35540009
2228161505,-131.2539434
2228473702,-42.20741272
2228785900,-131.9254065
2229098097,-42.22184372
2229410294,-135.3697882
2229722491,-42.10913086
2230034689,-135.7222967
2230346886,-42.33596039
2230659083,-139.7597723
2230971280,-42.36508942
2231283478,-128.6222754
2231595675,-42.12891006
2231907872,-132.3444586
2232220069,-42.20434189
2232532267,-136.1114721
2232844464,-42.31798935
2233156661,-133.6462317
2233468858,-42.32139587
2233781056,-140.4081182
2234093253,-42.23440933
2234405450,-141.7785101
2234717647,-42.23046494
2235029845,-133.9026556
2235342042,-42.35660934
2235654239,-135.7426672
2235966436,-42.35781097
2236278634,-130.7301397
2236590831,-42.20761871
2236903028,-136.4462042
2237215225,-42.3800621
2237527423,-137.8349676
2237839620,-42.18209457
2238151817,-136.7734594
2238464015,-42.5206337
2238776212,-133.1609716
2239088409,-42.24476624
2239400606,-138.2317724
2239712804,-42.26801682
2240025001,-127.2713156
2240337198,-42.19532776
2240649395,-136.5658941
2240961593,-42.44283676
2241273790,-129.1605139
2241585987,-42.33537292
2241898184,-134.1527624
2242210382,-42.32418442
2242522579,-138.3454199
2242834776,-42.26228714
2243146973,-133.1529303
2243459171,-42.42601395
2243771368,-134.4344854
2244083565,-42.34720993
2244395762,-134.624671
2244707960,-42.29486465
2245020157,-138.8290777
2245332354,-42.32924271
2245644551,-136.1809454
2245956749,-42.25926208
2246268946,-128.9460669
2246581143,-42.56409454
2246893340,-147.7411718
2247205538,-42.21116257
2247517735,-131.6995459
2247829932,-42.49909592
2248142129,-130.5499334
2248454327,-42.19760513
2248766524,-133.5541906
2249078721,-42.48553848
2249390918,-133.1365881
2249703116,-42.3258934
2250015313,-133.7993383
2250327510,-42.43449783
2250639707,-136.9035406
2250951905,-42.30572128
2251264102,-142.1361303
2251576299,-42.44593048
2251888497,-132.8154974
2252200694,-42.32156372
2252512891,-126.9659796
2252825088,-42.50292587
2253137286,-136.8161688
2253449483,-42.36165619
2253761680,-127.1736364
2254073877,-42.26080704
2254386075,-132.6097937
2254698272,-42.25035095
2255010469,-136.6929388
2255322666,-42.37586212
2255634864,-133.8008032
2255947061,-42.52342224
2256259258,-130.5985174
2256571455,-42.2366333
2256883653,-133.0949316
2257195850,-42.35258865
2257508047,-133.7202063
2257820244,-42.38035202
2258132442,-136.6862402
2258444639,-42.4573555
2258756836,-139.191474
2259069033,-42.31902313
2259381231,-134.1981573
2259693428,-42.41072845
2260005625,-138.2327948
2260317822,-42.27674866
2260630020,-129.6330328
2260942217,-42.49107742
2261254414,-133.0803442
2261566611,-42.42465973
2261878809,-132.8096075
2262191006,-42.22301483
2262503203,-134.3321295
2262815400,-42.31240463
2263127598,-131.2017584
2263439795,-42.29669952
2263751992,-130.1512671
2264064190,-42.53748703
2264376387,-141.1875372
2264688584,-42.26161194
2265000781,-132.6215734
2265312979,-42.38113403
2265625176,-129.477973
2265937373,-42.35587311
2266249570,-135.9422064
2266561768,-42.45334625
2266873965,-131.0303564
2267186162,-42.32078552
2267498359,-135.3978033
2267810557,-42.48293304
2268122754,-132.6937017
2268434951,-42.29084015
2268747148,-142.7804327
2269059346,-42.348629
2269371543,-135.0331945
2269683740,-42.21165848
2269995937,-129.7406378
2270308135,-42.45317841
2270620332,-132.6845312
2270932529,-42.47568893
2271244726,-135.8584509
2271556924,-42.2336235
2271869121,-133.7878637
2272181318,-42.34653091
2272493515,-129.7851171
2272805713,-42.39035416
2273117910,-132.5298376
2273430107,-42.43858719
2273742304,-145.8282385
2274054502,-42.32439804
2274366699,-135.81005
2274678896,-42.44465637
2274991093,-132.7546453
2275303291,-42.28636932
2275615488,-133.3592291
2275927685,-42.4867363
2276239882,-133.8256292
2276552080,-42.5018959
2276864277,-126.6766348
2277176474,-42.21646881
2277488672,-133.8890295
2277800869,-42.42344666
2278113066,-135.2755804
2278425263,-42.31367111
2278737461,-133.6503668
2279049658,-42.5566597
2279361855,-130.9242163
2279674052,-42.35134125
2279986250,-137.8624792
2280298447,-42.44327927
2280610644,-129.4956579
2280922841,-42.35921097
2281235039,-141.2117224
2281547236,-42.50297165
2281859433,-134.9034796
2282171630,-42.33438492
2282483828,-129.8335943
2282796025,-42.53252792
2283108222,-136.3735113
2283420419,-42.47565079
2283732617,-133.2732611
2284044814,-42.26664352
2284357011,-130.5052099
2284669208,-42.41334534
2284981406,-130.6504278
2285293603,-42.35426331
2285605800,-136.1849585
2285917997,-42.58033752
2286230195,-130.2823858
2286542392,-42.38822937
2286854589,-133.2997503
2287166786,-42.46952057
2287478984,-134.1836004
2287791181,-42.38618851
2288103378,-131.782279
2288415575,-42.51377869
2288727773,-135.1810675
2289039970,-42.47233582
2289352167,-132.3681707
2289664365,-42.36327744
2289976562,-134.2941656
2290288759,-42.50042343
2290600956,-137.2505255
2290913154,-42.27524567
2291225351,-139.5123663
2291537548,-42.62846375
2291849745,-136.2085485
2292161943,-42.36139679
2292474140,-138.8091955
2292786337,-42.58012009
2293098534,-132.8162451
2293410732,-42.3938942
2293722929,-132.0743933
2294035126,-42.50311279
2294347323,-131.3538733
2294659521,-42.41169357
2294971718,-135.4942236
2295283915,-42.51282883
2295596112,-129.7856817
2295908310,-42.51695251
2296220507,-139.1337805
2296532704,-42.34542465
2296844901,-138.2662725
2297157099,-42.52299118
2297469296,-130.3962927
2297781493,-42.28091049
2298093690,-142.063117
2298405888,-42.57165909
2298718085,-143.7157049
2299030282,-42.52139664
2299342479,-134.2648687
2299654677,-42.37412262
2299966874,-134.3410101
2300279071,-42.43655396
2300591268,-130.8575659
2300903466,-42.48075104
2301215663,-130.2770758
2301527860,-42.53082657
2301840058,-132.8590002
2302152255,-42.43538284
2302464452,-139.0046453
2302776649,-42.58981705
2303088847,-130.9005957
2303401044,-42.39956665
2303713241,-135.113349
2304025438,-42.42097855
2304337636,-133.7104559
2304649833,-42.36008072
2304962030,-132.6140356
2305274227,-42.47482681
2305586425,-137.2765722
2305898622,-42.60133743
2306210819,-131.2869329
2306523016,-42.43019485
2306835214,-128.191474
2307147411,-42.50231934
2307459608,-129.3557196
2307771805,-42.48477936
2308084003,-131.2615118
2308396200,-42.56278229
2308708397,-132.064887
2309020594,-42.54891586
2309332792,-132.8410864
2309644989,-42.43656921
2309957186,-141.2047644
2310269383,-42.60423279
2310581581,-139.1051397
2310893778,-42.35960007
2311205975,-131.1995306
2311518172,-42.67498779
2311830370,-130.6403418
2312142567,-42.45901489
2312454764,-129.7070684
2312766961,-42.63329315
2313079159,-134.6782751
2313391356,-42.5209465
2313703553,-128.7511206
2314015750,-42.57690048
2314327948,-136.2512426
2314640145,-42.533638
2314952342,-133.1197729
2315264540,-42.54623032
2315576737,-135.4562445
2315888934,-42.69625854
2316201131,-137.5670843
2316513329,-42.5280571
2316825526,-134.8515844
2317137723,-42.47670746
2317449920,-131.9112005
2317762118,-42.50988007
2318074315,-134.6687841
2318386512,-42.54672623
2318698709,-130.0953741
2319010907,-42.68793106
2319323104,-134.0825109
2319635301,-42.55721283
2319947498,-139.6335821
2320259696,-42.58821106
2320571893,-133.4117651
2320884090,-42.58029556
2321196287,-133.1973486
2321508485,-42.62970734
2321820682,-139.0630407
2322132879,-42.50788116
2322445076,-135.3311987
2322757274,-42.60432816
2323069471,-127.9143972
2323381668,-42.7948494
2323693865,-137.7561102
2324006063,-42.49075699
2324318260,-128.3836279
2324630457,-42.61145782
2324942654,-139.617301
2325254852,-42.58296585
2325567049,-130.6122961
2325879246,-42.6595726
2326191443,-129.5181494
2326503641,-42.61050415
2326815838,-131.74224
2327128035,-42.62169647
2327440233,-133.5194921
2327752430,-42.69977188
2328064627,-140.5184546
2328376824,-42.53752136
2328689022,-137.8853521
2329001219,-42.66630936
2329313416,-128.9031286
2329625613,-42.50773239
2329937811,-127.993453
2330250008,-42.67326736
2330562205,-131.7293005
2330874402,-42.68593216
2331186600,-131.6765661
2331498797,-42.60305405
2331810994,-131.7612524
2332123191,-42.61571884
2332435389,-131.0558844
2332747586,-42.64088058
2333059783,-132.1246557
2333371980,-42.66456985
2333684178,-131.5361395
2333996375,-42.53906631
2334308572,-132.0448828
2334620769,-42.6538887
2334932967,-135.300086
2335245164,-42.76356506
2335557361,-129.9815283
2335869558,-42.4932785
2336181756,-138.2122564
2336493953,-42.65366745
2336806150,-136.7212439
2337118347,-42.61268234
2337430545,-133.3017492
2337742742,-42.6503334
2338054939,-140.0611334
2338367136,-42.59097672
2338679334,-140.4015722
2338991531,-42.6242218
2339303728,-131.2569342
2339615925,-42.66334152
2339928123,-139.9969702
2340240320,-42.52412033
2340552517,-133.7737494
2340864715,-42.62532043
2341176912,-133.3149328
2341489109,-42.50824738
2341801306,-137.4340277
2342113504,-42.61532593
2342425701,-129.3686132
2342737898,-42.66801834
2343050095,-145.7464514
2343362293,-42.60385895
2343674490,-133.9769506
2343986687,-42.57791519
2344298884,-130.1616735
2344611082,-42.60414886
2344923279,-137.5578527
2345235476,-42.59584427
2345547673,-130.4030371
2345859871,-42.70439529
2346172068,-131.4780188
2346484265,-42.53734207
2346796462,-131.4057684
2347108660,-42.75760269
2347420857,-128.3533697
2347733054,-42.54130936
2348045251,-135.8583136
2348357449,-42.56681061
2348669646,-131.9232397
2348981843,-42.60406876
2349294040,-135.7042761
2349606238,-42.62810135
2349918435,-137.8801947
2350230632,-42.57276154
2350542829,-133.5379705
2350855027,-42.60634613
2351167224,-131.9238195
2351479421,-42.54659271
2351791618,-133.5426702
2352103816,-42.58752823
2352416013,-142.8783484
2352728210,-42.47853851
2353040408,-131.960639
2353352605,-42.69218063
2353664802,-133.2090826
2353976999,-42.5640831
2354289197,-130.946723
2354601394,-42.56900406
2354913591,-132.7331305
2355225788,-42.58054352
2355537986,-129.711585
2355850183,-42.62588882
2356162380,-128.5141516
2356474577,-42.58744812
2356786775,-130.9781713
2357098972,-42.50050735
2357411169,-137.9275122
2357723366,-42.62669373
2358035564,-128.2128973
2358347761,-42.6852684
2358659958,-135.4518042
2358972155,-42.4932251
2359284353,-129.7984533
2359596550,-42.6105957
2359908747,-134.2754583
2360220944,-42.62572861
2360533142,-137.4198523
2360845339,-42.59589005
2361157536,-134.9265051
2361469733,-42.56531525
2361781931,-132.5485296
2362094128,-42.58471298
2362406325,-129.0505285
2362718522,-42.69451141
2363030720,-138.0765753
2363342917,-42.56619263
2363655114,-131.187583
2363967311,-42.52532578
2364279509,-130.8336248
2364591706,-42.61968994
2364903903,-133.2981634
2365216101,-42.6067543
2365528298,-134.3861609
2365840495,-42.58205795
2366152692,-131.7789068
2366464890,-42.62056732
2366777087,-135.0842047
2367089284,-42.60395813
2367401481,-140.7876043
2367713679,-42.6542244
2368025876,-132.9894781
2368338073,-42.53619385
2368650270,-132.9508276
2368962468,-42.65921783
2369274665,-134.2622442
2369586862,-42.55955887
2369899059,-134.5307837
2370211257,-42.6135025
2370523454,-139.5404119
2370835651,-42.64539719
2371147848,-130.4686346
2371460046,-42.62070084
2371772243,-132.1644354
2372084440,-42.60702896
2372396637,-138.4116888
2372708835,-42.66685486
2373021032,-139.7231054
2373333229,-42.60688019
2373645426,-135.8127966
2373957624,-42.65861893
2374269821,-128.8649969
2374582018,-42.56410217
2374894215,-133.9099035
2375206413,-42.71432495
2375518610,-146.7546759
2375830807,-42.6918335
2376143004,-151.6217108
2376455202,-42.60613632
2376767399,-131.5633917
2377079596,-42.64979172
2377391793,-132.7248754
2377703991,-42.70667267
2378016188,-133.9032812
2378328385,-42.637146
2378640583,-132.485877
2378952780,-42.60069275
2379264977,-143.2618017
2379577174,-42.61715317
2379889372,-137.6368933
2380201569,-42.75706482
2380513766,-133.7030249
2380825963,-42.69410324
2381138161,-140.4485235
2381450358,-42.60174179
2381762555,-131.8691015
2382074752,-42.71221924
2382386950,-138.5844641
2382699147,-42.70143509
2383011344,-137.5410986
2383323541,-42.64508438
2383635739,-134.5141363
2383947936,-42.59682083
2384260133,-135.3485174
2384572330,-42.67863846
2384884528,-130.2424231
2385196725,-42.78030014
2385508922,-132.4562902
2385821119,-42.66294861
2386133317,-132.9261541
2386445514,-42.63305664
2386757711,-129.5442114
2387069908,-42.77440643
2387382106,-132.9898443
2387694303,-42.70629501
2388006500,-140.6157751
2388318697,-42.64994431
2388630895,-130.0388098
2388943092,-42.62299347
2389255289,-131.5633154
2389567486,-42.73200226
2389879684,-132.8577795
2390191881,-42.77119446
2390504078,-130.4635992
2390816276,-42.64575958
2391128473,-135.2695837
2391440670,-42.64894104
2391752867,-126.138236
2392065065,-42.81086731
2392377262,-132.8550634
2392689459,-42.67734909
2393001656,-142.2374945
2393313854,-42.65627289
2393626051,-129.5402441
2393938248,-42.64548874
2394250445,-139.5150366
2394562643,-42.77507782
2394874840,-130.1646795
2395187037,-42.77825928
2395499234,-137.5260534
2395811432,-42.6550293
2396123629,-129.2428198
2396435826,-42.6758461
2396748023,-129.1702948
2397060221,-42.83483505
2397372418,-136.7029028
2397684615,-42.67559052
2397996812,-130.5576086
2398309010,-42.6956749
2398621207,-137.6301336
2398933404,-42.66651917
2399245601,-130.1215277
2399557799,-42.77552795
2399869996,-135.6521673
2400182193,-42.8021431
2400494390,-130.3939276
2400806588,-42.68566132
2401118785,-132.8093023
2401430982,-42.66251373
2401743179,-132.2702246
2402055377,-42.84588623
2402367574,-135.8093176
2402679771,-42.67281342
2402991968,-135.6142035
2403304166,-42.68347549
2403616363,-134.746604
2403928560,-42.65151215
2404240758,-131.2339849
2404552955,-42.75036621
2404865152,-133.198844
2405177349,-42.79998016
2405489547,-134.3229284
2405801744,-42.6768837
2406113941,-132.6322241
2406426138,-42.64785767
2406738336,-133.1323462
2407050533,-42.84813309
2407362730,-133.0930395
2407674927,-42.67579651
2407987125,-132.9633245
2408299322,-42.65485764
2408611519,-132.2985754
2408923716,-42.62730408
2409235914,-128.6661596
2409548111,-42.70851898
2409860308,-128.8385077
2410172505,-42.78091431
2410484703,-143.193656
2410796900,-42.7011795
2411109097,-138.3214025
2411421294,-42.63541031
2411733492,-142.6123419
2412045689,-42.80996323
2412357886,-132.6829901
2412670083,-42.67290115
2412982281,-136.2176733
2413294478,-42.63138199
2413606675,-133.9889746
2413918872,-42.6192627
2414231070,-132.4254065
2414543267,-42.65785217
2414855464,-137.1073217
2415167661,-42.76625824
2415479859,-129.4026251
2415792056,-42.74458313
2416104253,-138.8506079
2416416451,-42.58106613
2416728648,-130.5226812
2417040845,-42.78354645
2417353042,-135.9049902
2417665240,-42.70307541
2417977437,-136.2654791
2418289634,-42.60570145
2418601831,-132.4610815
2418914029,-42.64429092
2419226226,-136.1581945
2419538423,-42.60865402
2419850620,-139.2960119
2420162818,-42.69911575
2420475015,-137.7182989
2420787212,-42.78134918
2421099409,-141.378211
2421411607,-42.52110672
2421723804,-128.8768682
2422036001,-42.70549774
2422348198,-131.1749334
2422660396,-42.73114014
2422972593,-132.1670141
2423284790,-42.60759354
2423596987,-132.2889471
2423909185,-42.70967484
2424221382,-129.4990454
2424533579,-42.6133194
2424845776,-126.7495718
2425157974,-42.59193039
2425470171,-129.1115789
2425782368,-42.73442841
2426094565,-128.7565222
2426406763,-42.55870056
2426718960,-132.5509253
2427031157,-42.65784073
2427343354,-127.6752768
2427655552,-42.75918579
2427967749,-138.7007208
2428279946,-42.60477066
2428592144,-140.7760992
2428904341,-42.68920898
2429216538,-140.3615179
2429528735,-42.70750809
2429840933,-128.0982885
2430153130,-42.58028412
2430465327,-143.2695074
2430777524,-42.62136459
2431089722,-133.3426428
2431401919,-42.66464615
2431714116,-131.9968939
2432026313,-42.62635422
2432338511,-131.7623816
2432650708,-42.77987671
2432962905,-133.8671637
2433275102,-42.64457321
2433587300,-135.7330847
2433899497,-42.60848236
2434211694,-131.2212286
2434523891,-42.82888412
2434836089,-139.4289312
2435148286,-42.71783447
2435460483,-131.281333
2435772680,-42.53401947
2436084878,-129.6636724
2436397075,-42.77206421
2436709272,-132.7429724
2437021469,-42.63528824
2437333667,-131.0268164
2437645864,-42.75941467
2437958061,-130.646781
2438270258,-42.77109528
2438582456,-131.2162848
2438894653,-42.59095764
2439206850,-133.5996008
2439519047,-42.74227905
2439831245,-132.2964849
2440143442,-42.88273239
2440455639,-139.4052038
2440767836,-42.6452179
2441080034,-135.8090277
2441392231,-42.68844986
2441704428,-131.7020788
2442016626,-42.67141724
2442328823,-136.5025549
2442641020,-42.69039536
2442953217,-136.115119
2443265415,-42.80124283
2443577612,-129.3609228
2443889809,-42.71365356
2444202006,-128.64643
2444514204,-42.57976532
2444826401,-134.6294165
2445138598,-42.83760071
2445450795,-128.8446112
2445762993,-42.8139534
2446075190,-135.380271
2446387387,-42.67198181
2446699584,-138.5381536
2447011782,-42.82765961
2447323979,-140.7906103
2447636176,-42.71728897
2447948373,-133.4462652
2448260571,-42.64146042
2448572768,-132.1644049
2448884965,-42.94633102
2449197162,-141.2025213
2449509360,-42.70146561
2449821557,-137.0375128
2450133754,-42.72779465
2450445951,-130.5317144
2450758149,-42.73574829
2451070346,-134.7258673
2451382543,-42.7378273
2451694740,-132.6282415
2452006938,-42.79869461
2452319135,-128.9210882
2452631332,-42.96319199
2452943529,-130.041007
2453255727,-42.60955811
2453567924,-137.2895422
2453880121,-42.87327194
2454192319,-133.044425
2454504516,-42.87093735
2454816713,-131.239295
2455128910,-42.72014618
2455441108,-137.9821997
2455753305,-42.84201813
2456065502,-134.0523748
2456377699,-42.82424927
2456689897,-129.0370398
2457002094,-42.64846802
2457314291,-133.3450994
2457626488,-42.75784683
2457938686,-134.5436621
2458250883,-42.78490829
2458563080,-140.5648565
2458875277,-42.7289238
2459187475,-130.6798315
2459499672,-42.90077209
2459811869,-136.7098608
2460124066,-42.81834793
2460436264,-137.5762854
2460748461,-42.70880508
2461060658,-131.6952887
2461372855,-42.94174194
2461685053,-134.1337652
2461997250,-42.92259598
2462309447,-133.555335
2462621644,-42.64622498
2462933842,-130.9043798
2463246039,-42.77994537
2463558236,-133.3928442
2463870433,-42.7350769
2464182631,-133.974143
2464494828,-42.73503876
2464807025,-129.3969183
2465119222,-42.84965134
2465431420,-126.2991247
2465743617,-42.75260544
2466055814,-136.4566412
2466368012,-42.60557938
2466680209,-133.1582098
2466992406,-42.88996124
2467304603,-131.8036871
2467616801,-42.85538483
2467928998,-132.7502508
2468241195,-42.69733429
2468553392,-131.4986181
2468865590,-42.89279175
2469177787,-130.0683966
2469489984,-42.84424973
2469802181,-128.6536016
2470114379,-42.6163826
2470426576,-129.7559729
2470738773,-42.69057083
2471050970,-126.8470526
2471363168,-42.75447464
2471675365,-133.6282721
2471987562,-42.70078659
2472299759,-138.445014
2472611957,-42.84112167
2472924154,-132.2215338
2473236351,-42.71100235
2473548548,-132.1083136
2473860746,-42.58896637
2474172943,-133.9838324
2474485140,-42.81969833
2474797337,-129.2287664
2475109535,-42.97032547
2475421732,-131.1932135
2475733929,-42.68513107
2476046126,-129.491065
2476358324,-42.85486603
2476670521,-127.3758764
2476982718,-42.77839279
2477294915,-137.5929174
2477607113,-42.65782928
2477919310,-129.430686
2478231507,-42.6754303
2478543704,-133.2846594
2478855902,-42.89660645
2479168099,-142.5749426
2479480296,-42.59451294
2479792494,-129.1895056
2480104691,-42.74897003
2480416888,-132.1092749
2480729085,-42.71091843
2481041283,-136.2184668
2481353480,-42.66625214
2481665677,-135.9467077
2481977874,-42.76196289
2482290072,-133.3091803
2482602269,-42.9642334
2482914466,-135.4406652
2483226663,-42.57709122
2483538861,-129.4077368
2483851058,-42.80288315
2484163255,-132.3167791
2484475452,-42.85449219
2484787650,-134.2520361
2485099847,-42.67680359
2485412044,-135.2010107
2485724241,-42.6924057
2486036439,-129.0321112
2486348636,-42.9615593
2486660833,-131.4267035
2486973030,-42.71258163
2487285228,-133.7514715
2487597425,-42.58560181
2487909622,-138.5654821
2488221819,-42.83197403
2488534017,-137.9534369
2488846214,-42.69691086
2489158411,-146.9573126
2489470608,-42.74337769
2489782806,-131.8787909
2490095003,-42.87509918
2490407200,-143.5387182
2490719397,-42.68344498
2491031595,-136.0983953
2491343792,-42.60276794
2491655989,-129.4378271
2491968187,-42.88588333
2492280384,-131.9014959
2492592581,-42.83901596
2492904778,-135.9438238
2493216976,-42.69807434
2493529173,-134.9055243
2493841370,-42.89299774
2494153567,-132.4157171
2494465765,-42.9446106
2494777962,-132.0550299
2495090159,-42.64859772
2495402356,-133.5015478
2495714554,-42.64655685
2496026751,-137.2954626
2496338948,-42.82237244
2496651145,-129.1569433
2496963343,-42.72258759
2497275540,-135.300437
2497587737,-42.78596115
2497899934,-133.2824774
2498212132,-42.9169426
2498524329,-128.5680151
2498836526,-42.64665222
2499148723,-131.7923498
2499460921,-42.67254257
2499773118,-130.1903601
2500085315,-42.95849609
2500397512,-132.7851019
2500709710,-42.7205162
2501021907,-132.7918615
2501334104,-42.8059082
2501646301,-130.9406958
2501958499,-42.94054413
2502270696,-137.5824499
2502582893,-42.9274559
2502895090,-130.0494909
2503207288,-42.64464569
2503519485,-129.28971
2503831682,-42.93582153
2504143879,-137.3631353
2504456077,-42.8455658
2504768274,-128.4213018
2505080471,-42.73399353
2505392669,-137.5236273
2505704866,-42.7929306
2506017063,-133.2831793
2506329260,-42.96504593
2506641458,-134.376914
2506953655,-42.65798187
2507265852,-140.9907446
2507578049,-42.65959167
2507890247,-131.8401861
2508202444,-42.85449219
2508514641,-138.1534338
2508826838,-42.74953461
2509139036,-130.0979376
2509451233,-42.7739296
2509763430,-130.8624029
2510075627,-42.93428802
2510387825,-132.7167883
2510700022,-42.71688461
2511012219,-137.7277288
2511324416,-42.66411209
2511636614,-133.8650427
2511948811,-42.90604401
2512261008,-130.2463598
2512573205,-42.87899399
2512885403,-135.7916021
2513197600,-42.75272369
2513509797,-134.3505316
2513821994,-42.90058899
2514134192,-135.0495977
2514446389,-43.0330162
2514758586,-128.8409948
2515070783,-42.79503632
2515382981,-137.4898596
2515695178,-42.65113068
2516007375,-131.5987463
2516319572,-42.90188599
2516631770,-139.0643835
2516943967,-42.78369904
2517256164,-135.4706793
2517568362,-42.70520401
2517880559,-131.5609503
2518192756,-42.82366943
2518504953,-129.419486
2518817151,-42.88187027
2519129348,-134.9448919
2519441545,-42.68357468
2519753742,-132.3249731
2520065940,-42.83595276
2520378137,-137.6378393
2520690334,-42.82312775
2521002531,-133.2749243
2521314729,-42.70446777
2521626926,-131.5144262
2521939123,-42.71809769
2522251320,-129.3607244
2522563518,-43.01247406
2522875715,-132.6734838
2523187912,-42.71963882
2523500109,-143.9999914
2523812307,-42.79573822
2524124504,-130.1703558
2524436701,-42.91299438
2524748898,-130.0759497
2525061096,-42.91927338
2525373293,-145.3115911
2525685490,-42.61761856
2525997687,-132.6718206
2526309885,-42.90317535
2526622082,-129.591361
2526934279,-43.01675415
2527246476,-127.4339895
2527558674,-42.79226685
2527870871,-140.7036657
2528183068,-42.77282333
2528495265,-133.282691
2528807463,-42.98194885
2529119660,-143.6890478
2529431857,-42.89195251
2529744055,-133.4973516
2530056252,-42.62924576
2530368449,-134.6413183
2530680646,-42.75311661
2530992844,-136.2798986
2531305041,-42.85567474
2531617238,-132.1991949
2531929435,-42.79801941
2532241633,-128.6983557
2532553830,-42.80870819
2532866027,-134.1292028
2533178224,-42.96565247
2533490422,-137.6440649
2533802619,-42.76762009
2534114816,-134.616538
2534427013,-42.69085312
2534739211,-128.564002
2535051408,-42.9109993
2535363605,-129.369895
2535675802,-42.82100677
2535988000,-135.0594397
2536300197,-42.7464447
2536612394,-128.8084631
2536924591,-42.81739807
2537236789,-135.1859045
2537548986,-43.08899307
2537861183,-134.5241308
2538173380,-42.75720215
2538485578,-144.4454412
2538797775,-42.87225342
2539109972,-133.4886847
2539422169,-42.94026947
2539734367,-132.9430151
2540046564,-42.93191147
2540358761,-138.5455542
2540670958,-42.68173981
2540983156,-132.6238775
2541295353,-42.92838669
2541607550,-142.4166174
2541919747,-43.04201126
2542231945,-128.880271
2542544142,-42.84696198
2542856339,-133.5754919
2543168537,-42.82829666
2543480734,-129.6403418
2543792931,-43.02349854
2544105128,-130.8718023
2544417326,-42.99601364
2544729523,-142.0653296
2545041720,-42.72379684
2545353917,-132.4410467
2545666115,-42.77274704
2545978312,-134.9513006
2546290509,-42.92605591
2546602706,-128.8716192
2546914904,-42.85080338
2547227101,-132.4842749
2547539298,-42.80715179
2547851495,-130.7326269
2548163693,-42.91783524
2548475890,-126.0882711
2548788087,-42.96458054
2549100284,-133.385169
2549412482,-42.79598618
2549724679,-129.8057318
2550036876,-42.91034698
2550349073,-133.851264
2550661271,-42.96811676
2550973468,-137.3110571
2551285665,-42.82892227
2551597862,-134.8597479
2551910060,-42.72132874
2552222257,-132.0946264
2552534454,-42.9466629
2552846651,-135.7477026
2553158849,-42.90227509
2553471046,-128.8551855
2553783243,-42.89831161
2554095440,-131.6939459
2554407638,-42.89875412
2554719835,-128.9310369
2555032032,-43.04324341
2555344230,-127.5880117
2555656427,-42.82614899
2555968624,-131.2139044
2556280821,-42.79940033
2556593019,-134.2974005
2556905216,-42.97181702
2557217413,-133.4012213
2557529610,-42.96491241
2557841808,-128.2622595
2558154005,-42.83012772
2558466202,-134.4993658
2558778399,-42.83277512
2559090597,-134.320487
2559402794,-43.09412384
2559714991,-132.3557196
2560027188,-43.04600525
2560339386,-129.7802343
2560651583,-42.8878746
2560963780,-138.4935217
2561275977,-42.95463562
2561588175,-127.6303091
2561900372,-43.05887604
2562212569,-136.0753393
2562524766,-43.01172256
2562836964,-129.1565313
2563149161,-42.74629211
2563461358,-134.2406988
2563773555,-42.99311066
2564085753,-135.1783667
2564397950,-42.96139145
2564710147,-128.5336828
2565022344,-42.92232132
2565334542,-135.3427496
2565646739,-42.82886505
2565958936,-126.2764578
2566271133,-43.15726471
2566583331,-131.1570501
2566895528,-43.02706146
2567207725,-141.044776
2567519922,-42.891716
2567832120,-130.7173223
2568144317,-42.94010162
2568456514,-135.2245703
2568768712,-43.06712723
2569080909,-130.1409063
2569393106,-42.96411896
2569705303,-129.1442022
2570017501,-42.7545433
2570329698,-135.2771368
2570641895,-42.99621964
2570954092,-132.8487921
2571266290,-42.96376419
2571578487,-133.3403387
2571890684,-42.93939209
2572202881,-131.4573126
2572515079,-42.85108185
2572827276,-139.1747656
2573139473,-43.17139435
2573451670,-130.9830389
2573763868,-43.04707336
2574076065,-128.1828222
2574388262,-42.91833878
2574700459,-126.4423666
2575012657,-42.96158218
2575324854,-132.4518194
2575637051,-43.09669495
2575949248,-129.9066229
2576261446,-43.00103378
2576573643,-135.4133825
2576885840,-42.78998947
2577198037,-138.127387
2577510235,-42.90304947
2577822432,-127.1539297
2578134629,-43.01243591
2578446826,-131.1239386
2578759024,-42.97924805
2579071221,-136.3558264
2579383418,-42.88211441
2579695615,-127.6658239
2580007813,-42.92755127
2580320010,-130.1330786
2580632207,-43.09762192
2580944405,-132.9474554
2581256602,-42.99283218
2581568799,-147.3628149
2581880996,-42.98578262
2582193194,-145.9255743
2582505391,-42.9838829
2582817588,-142.3864202
2583129785,-43.10985947
2583441983,-134.0157995
2583754180,-42.87644958
2584066377,-133.0797949
2584378574,-42.9127655
2584690772,-133.6092443
2585002969,-43.00714111
2585315166,-134.8905401
2585627363,-43.04492569
2585939561,-135.6978064
2586251758,-42.89971161
2586563955,-134.1238775
2586876152,-42.87943268
2587188350,-131.6547918
2587500547,-43.09948349
2587812744,-132.7942419
2588124941,-43.05642319
2588437139,-131.6825933
2588749336,-43.01850891
2589061533,-134.469779
2589373730,-42.96148682
2589685928,-134.3899755
2589998125,-43.12494659
2590310322,-135.8248663
2590622519,-43.02309418
2590934717,-132.5223608
2591246914,-42.97195053
2591559111,-130.1818914
2591871308,-42.9862175
2592183506,-131.5396185
2592495703,-43.03649521
2592807900,-132.6474829
2593120098,-42.98241043
2593432295,-130.2687902
2593744492,-42.83940125
2594056689,-131.3898687
2594368887,-42.97566986
2594681084,-132.0905676
2594993281,-43.01198196
2595305478,-130.1197729
2595617676,-43.05564499
2595929873,-136.0715857
2596242070,-42.90749359
2596554267,-139.674552
2596866465,-42.97614288
2597178662,-140.1547613
2597490859,-43.10579681
2597803056,-129.6976538
2598115254,-43.06494141
2598427451,-133.107337
2598739648,-43.02923203
2599051845,-132.2132177
2599364043,-42.98470306
2599676240,-129.7551489
2599988437,-43.15624619
2600300634,-145.0340338
2600612832,-43.00363922
2600925029,-132.497016
2601237226,-42.9774437
2601549423,-132.7317114
2601861621,-42.97476196
2602173818,-129.6614141
2602486015,-43.02720261
2602798212,-132.1479559
2603110410,-42.98483276
2603422607,-129.4252844
2603734804,-42.86529922
2604047001,-138.9635382
2604359199,-42.98167801
2604671396,-135.7602148
2604983593,-43.01647949
2605295790,-129.6259527
2605607988,-43.08214951
2605920185,-140.0432043
2606232382,-42.94350433
2606544580,-131.8342352
2606856777,-42.96213913
2607168974,-129.3445196
2607481171,-43.12408447
2607793369,-137.3195715
2608105566,-43.11037827
2608417763,-127.9111776
2608729960,-43.05110931
2609042158,-134.3678503
2609354355,-42.96538162
2609666552,-131.0035772
2609978749,-43.13394165
2610290947,-134.2676916
2610603144,-43.09524918
2610915341,-142.9798803
2611227538,-43.04920578
2611539736,-130.0055761
2611851933,-43.00242996
2612164130,-128.4249945
2612476327,-43.02547455
2612788525,-130.7741003
2613100722,-43.09996033
2613412919,-129.9673986
2613725116,-42.94000626
2614037314,-131.0186224
2614349511,-42.9836235
2614661708,-133.813117
2614973905,-43.00666809
2615286103,-127.4260397
2615598300,-43.15685272
2615910497,-129.7060766
2616222694,-42.98513794
2616534892,-135.2969885
2616847089,-42.94497681
2617159286,-136.2827978
2617471483,-43.03710175
2617783681,-132.9148474
2618095878,-43.15642166
2618408075,-133.5059881
2618720273,-43.13977814
2619032470,-142.6922216
2619344667,-42.97320557
2619656864,-130.1691656
2619969062,-43.04108047
2620281259,-142.0743933
2620593456,-43.18276215
2620905653,-136.1250525
2621217851,-43.18787766
2621530048,-134.204627
2621842245,-43.11729431
2622154442,-134.8932409
2622466640,-43.03201294
2622778837,-133.6989355
2623091034,-43.26128387
2623403231,-132.4157019
2623715429,-43.17673874
2624027626,-135.0864325
2624339823,-43.18626404
2624652020,-140.1971502
2624964218,-43.07526016
2625276415,-140.8901739
2625588612,-43.25749588
2625900809,-134.3322973
2626213007,-43.24056244
2626525204,-133.6539221
2626837401,-43.14278793
2627149598,-127.7501516
2627461796,-43.05603409
2627773993,-137.9238501
2628086190,-43.11994553
2628398387,-151.4459143
2628710585,-43.26469803
2629022782,-126.4323263
2629334979,-43.15295792
2629647176,-128.9443121
2629959374,-43.0595932
2630271571,-139.697135
2630583768,-43.07867432
2630895965,-131.1174536
2631208163,-43.18667984
2631520360,-133.0076818
2631832557,-43.28366089
2632144755,-130.3501348
2632456952,-43.05580139
2632769149,-133.3008642
2633081346,-43.11457062
2633393544,-132.7143621
2633705741,-43.158638
2634017938,-133.9387426
2634330135,-43.28795624
2634642333,-132.0572729
2634954530,-43.08581924
2635266727,-131.4722357
2635578924,-43.11665726
2635891122,-125.083396
2636203319,-43.22539902
2636515516,-136.9775763
2636827713,-43.23786545
2637139911,-134.6529455
2637452108,-43.24518585
2637764305,-135.8420477
2638076502,-43.097435
2638388700,-131.0575781
2638700897,-43.19074249
2639013094,-132.4392309
2639325291,-43.29433823
2639637489,-131.558753
2639949686,-43.31121445
2640261883,-130.2122259
2640574080,-43.23262787
2640886278,-135.554801
2641198475,-43.11462021
2641510672,-132.7358923
2641822869,-43.27515411
2642135067,-132.6002569
2642447264,-43.32176971
2642759461,-129.8276587
2643071658,-43.32649612
2643383856,-129.6346807
2643696053,-43.18497086
2644008250,-130.5103064
2644320448,-43.12796402
2644632645,-131.1698675
2644944842,-43.3112793
2645257039,-137.59867
2645569237,-43.31894684
2645881434,-132.891715
2646193631,-43.27002335
2646505828,-129.7340155
2646818026,-43.13437653
2647130223,-136.0959387
2647442420,-43.13983917
2647754617,-128.0523748
2648066815,-43.32756424
2648379012,-134.6009741
2648691209,-43.25071335
2649003406,-130.5635595
2649315604,-43.20105362
2649627801,-130.1824408
2649939998,-43.06687546
2650252195,-127.4443808
2650564393,-43.30163956
2650876590,-142.6424475
2651188787,-43.27843857
2651500984,-131.9273901
2651813182,-43.17880249
2652125379,-126.9859991
2652437576,-43.03139877
2652749773,-132.3182745
2653061971,-43.13093185
2653374168,-132.4611731
2653686365,-43.30028534
2653998562,-133.9820776
2654310760,-43.20359039
2654622957,-140.7496862
2654935154,-43.06794357
2655247351,-131.2414007
2655559549,-42.99329758
2655871746,-138.4881811
2656183943,-43.10752869
2656496141,-129.9353094
2656808338,-43.27247238
2657120535,-129.4689398
2657432732,-43.09713745
2657744930,-132.6206732
2658057127,-43.04748154
2658369324,-131.1944799
2658681521,-42.97062683
2658993719,-139.8633642
2659305916,-43.11646271
2659618113,-148.0986547
2659930310,-43.14176941
2660242508,-146.9497747
2660554705,-43.06571198
2660866902,-133.4489202
2661179099,-43.00537491
2661491297,-131.2918158
2661803494,-42.95899963
2662115691,-129.7601385
2662427888,-43.1301651
2662740086,-137.5790472
2663052283,-43.13082886
2663364480,-131.0321569
2663676677,-43.05138397
2663988875,-128.1224737
2664301072,-42.99398422
2664613269,-129.10427
2664925466,-42.95055008
2665237664,-136.0368567
2665549861,-43.25767899
2665862058,-131.7550421
2666174255,-43.13560867
2666486453,-128.8696051
2666798650,-43.05028152
2667110847,-139.4269018
2667423044,-42.95466614
2667735242,-130.0850439
2668047439,-43.13391876
2668359636,-139.764823
2668671833,-43.25951767
2668984031,-136.7573919
2669296228,-43.15214539
2669608425,-128.3650732
2669920623,-43.01610947
2670232820,-135.138175
2670545017,-42.96018219
2670857214,-129.6150579
2671169412,-43.13575745
2671481609,-137.2450933
2671793806,-43.28855133
2672106003,-128.375083
2672418201,-43.09371948
2672730398,-130.8679113
2673042595,-43.00839233
2673354792,-131.9621496
2673666990,-42.97084045
2673979187,-134.4461737
2674291384,-43.14494705
2674603581,-133.3216467
2674915779,-43.19852448
2675227976,-137.5239325
2675540173,-43.11907578
2675852370,-127.3876181
2676164568,-43.04918289
2676476765,-130.2244024
2676788962,-42.96385956
2677101159,-134.5582495
2677413357,-43.12400055
2677725554,-130.855567
2678037751,-43.23711014
2678349948,-132.4164953
2678662146,-43.17603683
2678974343,-140.293479
2679286540,-43.08115768
2679598737,-132.4670629
2679910935,-42.96202469
2680223132,-130.2659979
2680535329,-43.31917572
2680847526,-132.4359961
2681159724,-43.27628326
2681471921,-129.6290045
2681784118,-43.22971725
2682096316,-131.7049322
2682408513,-42.98030853
2682720710,-134.0527868
2683032907,-43.09028244
2683345105,-129.2526617
2683657302,-43.29579926
2683969499,-129.1156988
2684281696,-43.32934189
2684593894,-139.7190924
2684906091,-43.22471619
2685218288,-134.2935247
2685530485,-43.02822113
2685842683,-134.517417
2686154880,-43.08528137
2686467077,-129.6320257
2686779274,-43.27683258
2687091472,-128.7851171
2687403669,-43.34124374
2687715866,-128.6106787
2688028063,-43.32407379
2688340261,-134.3216009
2688652458,-43.11361694
2688964655,-137.7005682
2689276852,-43.07881165
2689589050,-136.1054907
2689901247,-43.32915878
2690213444,-134.4670477
2690525641,-43.43104935
2690837839,-127.8788214
2691150036,-43.40726471
2691462233,-132.3065405
2691774430,-43.06672287
2692086628,-133.0066748
2692398825,-43.19801331
2692711022,-135.3795233
2693023219,-43.25360107
2693335417,-130.2758551
2693647614,-43.41796112
2693959811,-128.4264898
2694272009,-43.28173447
2694584206,-139.2687445
2694896403,-43.12419128
2695208600,-135.1021185
2695520798,-43.15626526
2695832995,-126.6750708
2696145192,-43.18466187
2696457389,-129.4491949
2696769587,-43.30860138
2697081784,-135.0631018
2697393981,-43.36492538
2697706178,-136.9604559
2698018376,-43.17504501
2698330573,-130.1480627
2698642770,-43.12186432
2698954967,-131.4714117
2699267165,-43.11130905
2699579362,-134.7026587
2699891559,-43.44250107
2700203756,-131.253974
2700515954,-43.42763138
2700828151,-131.8207312
2701140348,-43.26386261
2701452545,-131.3313818
2701764743,-43.0736351
2702076940,-133.32833
2702389137,-43.08184052
2702701334,-136.2990637
2703013532,-43.30538177
2703325729,-135.5907049
2703637926,-43.43632126
2703950123,-130.8357916
2704262321,-43.32620239
2704574518,-138.5791998
2704886715,-43.14699936
2705198912,-129.8813543
2705511110,-43.04937363
2705823307,-131.1992102
2706135504,-43.22146988
2706447701,-129.2855597
2706759899,-43.43251801
2707072096,-131.7528601
2707384293,-43.50172424
2707696491,-130.469779
2708008688,-43.36073685
2708320885,-139.8998785
2708633082,-43.13890839
2708945280,-140.1660376
2709257477,-43.15225601
2709569674,-131.3866186
2709881871,-43.43091965
2710194069,-138.4663763
2710506266,-43.56773758
2710818463,-139.3594427
2711130660,-43.5436058
2711442858,-130.8269567
2711755055,-43.1696434
2712067252,-128.7494116
2712379449,-43.2307663
2712691647,-129.8820715
2713003844,-43.2433815
2713316041,-136.3069983
2713628238,-43.42061996
2713940436,-129.7367926
2714252633,-43.41118622
2714564830,-129.5855169
2714877027,-43.2253685
2715189225,-132.017539
2715501422,-43.16743088
2715813619,-126.1903524
2716125816,-43.09479523
2716438014,-133.1613531
2716750211,-43.17281723
2717062408,-131.7724371
2717374605,-43.47058868
2717686803,-130.8458014
2717999000,-43.37810898
2718311197,-129.8346472
2718623394,-43.28268814
2718935592,-133.3323278
2719247789,-43.063797
2719559986,-138.5424261
2719872184,-43.26896667
2720184381,-129.7904272
2720496578,-43.44857788
2720808775,-131.6042089
2721120973,-43.48748398
2721433170,-130.5554113
2721745367,-43.37866592
2722057564,-136.3848791
2722369762,-43.15519714
2722681959,-133.0783453
2722994156,-43.17940521
2723306353,-129.6689367
2723618551,-43.31311417
2723930748,-127.7235098
2724242945,-43.41228485
2724555142,-136.6154547
2724867340,-43.59744263
2725179537,-129.6864386
2725491734,-43.3754425
2725803931,-139.8645239
2726116129,-43.21371078
2726428326,-132.3049231
2726740523,-43.15119553
2727052720,-135.0564795
2727364918,-43.31430435
2727677115,-130.1294165
2727989312,-43.51856995
2728301509,-132.1386786
2728613707,-43.49279785
2728925904,-134.836585
2729238101,-43.24875259
2729550298,-133.7804327
2729862496,-43.07893372
2730174693,-136.2269964
2730486890,-43.06272125
2730799087,-132.7646551
2731111285,-43.29491425
2731423482,-132.482398
2731735679,-43.45214081
2732047876,-126.1677771
2732360074,-43.54837036
2732672271,-141.0597448
2732984468,-43.38149643
2733296666,-129.5932226
2733608863,-43.1617012
2733921060,-132.2889166
2734233257,-43.17341232
2734545455,-132.4402685
2734857652,-43.37400436
2735169849,-129.0404119
2735482046,-43.5790062
2735794244,-127.5484381
2736106441,-43.62011337
2736418638,-126.9964514
2736730835,-43.23569489
2737043033,-130.3359594
2737355230,-43.14818954
2737667427,-129.8883429
2737979624,-43.05848312
2738291822,-131.348609
2738604019,-43.20836258
2738916216,-129.8389959
2739228413,-43.42365265
2739540611,-130.341651
2739852808,-43.42654419
2740165005,-131.5225134
2740477202,-43.37386703
2740789400,-134.3608923
2741101597,-43.16812515
2741413794,-148.5033178
2741725991,-43.07777405
2742038189,-137.3896399
2742350386,-43.38428497
2742662583,-139.9729986
2742974780,-43.50853348
2743286978,-131.8571234
2743599175,-43.65776825
2743911372,-140.1693029
2744223569,-43.31900406
2744535767,-136.7085333
2744847964,-43.21909714
2745160161,-136.4822149
2745472359,-43.17871857
2745784556,-136.1640234
2746096753,-43.1640625
2746408950,-134.3193884
2746721148,-43.34489822
2747033345,-136.547019
2747345542,-43.51838684
2747657739,-143.3827124
2747969937,-43.42656326
2748282134,-137.7840033
2748594331,-43.33547592
2748906528,-131.5216589
2749218726,-43.11209869
2749530923,-141.8152227
2749843120,-43.29072952
2750155317,-131.4886694
2750467515,-43.42453003
2750779712,-132.4713202
2751091909,-43.56935501
2751404106,-137.5688848
2751716304,-43.59806061
2752028501,-129.2854528
2752340698,-43.34087753
2752652895,-131.9151068
2752965093,-43.26007843
2753277290,-131.4616919
2753589487,-43.2299881
2753901684,-140.5227575
2754213882,-43.19696045
2754526079,-142.2337408
2754838276,-43.5762291
2755150473,-137.6367559
2755462671,-43.58215332
2755774868,-129.106391
2756087065,-43.50576019
2756399262,-131.614768
2756711460,-43.21036148
2757023657,-137.7713842
2757335854,-43.14352417
2757648052,-132.4115362
2757960249,-43.31333923
2758272446,-128.9456091
2758584643,-43.43758392
2758896841,-130.4214087
2759209038,-43.56991577
2759521235,-126.6475515
2759833432,-43.67505646
2760145630,-131.9919348
2760457827,-43.45508194
2760770024,-134.9836035
2761082221,-43.29607391
2761394419,-134.1778479
2761706616,-43.13633347
2762018813,-133.8071814
2762331010,-43.28305817
2762643208,-128.3713293
2762955405,-43.51503754
2763267602,-134.5687933
2763579799,-43.5765152
2763891997,-129.1718817
2764204194,-43.57772446
2764516391,-136.8722906
2764828588,-43.36727142
2765140786,-131.8369818
2765452983,-43.2082634
2765765180,-136.0545263
2766077377,-43.28811264
2766389575,-129.4552679
2766701772,-43.34370804
2767013969,-129.9863653
2767326166,-43.645504
2767638364,-129.5326452
2767950561,-43.70330429
2768262758,-133.5877752
2768574955,-43.55238342
2768887153,-131.1284094
2769199350,-43.29415894
2769511547,-132.9375677
2769823744,-43.10575485
2770135942,-140.6938238
2770448139,-43.13709641
2770760336,-134.2106848
2771072534,-43.33306503
2771384731,-132.1062994
2771696928,-43.47905731
2772009125,-133.9661627
2772321323,-43.75072098
2772633520,-133.7101507
2772945717,-43.61890793
2773257914,-131.7196875
2773570112,-43.39522552
2773882309,-131.1946783
2774194506,-43.20976257
2774506703,-133.7123022
2774818901,-43.13233185
2775131098,-132.3590307
2775443295,-43.3055191
2775755492,-135.6718664
2776067690,-43.49119568
2776379887,-131.36341
2776692084,-43.54679108
2777004281,-132.9675055
2777316479,-43.61046982
2777628676,-138.3102331
2777940873,-43.38531876
2778253070,-128.9468908
2778565268,-43.27114487
2778877465,-132.643363
2779189662,-43.25471497
2779501859,-132.8496161
2779814057,-43.3044281
2780126254,-134.2628698
2780438451,-43.51441956
2780750648,-139.9874182
2781062846,-43.63948822
2781375043,-134.7026281
2781687240,-43.51247787
2781999437,-139.9928198
2782311635,-43.41927338
2782623832,-131.7976751
2782936029,-43.23126221
2783248227,-134.3833227
2783560424,-43.1703949
2783872621,-131.5958319
2784184818,-43.28738022
2784497016,-132.4492254
2784809213,-43.47198486
2785121410,-136.1365423
2785433607,-43.69480133
2785745805,-137.9144812
2786058002,-43.7243309
2786370199,-133.1941137
2786682396,-43.4775238
2786994594,-133.836585
2787306791,-43.31303024
2787618988,-132.3102636
2787931185,-43.13751602
2788243383,-132.875556
2788555580,-43.18247604
2788867777,-143.8923864
2789179974,-43.33915329
2789492172,-132.31359
2789804369,-43.61120987
2790116566,-131.3803625
2790428763,-43.78037643
2790740961,-130.9321814
2791053158,-43.70995712
2791365355,-132.2140417
2791677552,-43.43301773
2791989750,-139.3731909
2792301947,-43.28542709
2792614144,-127.8803854
2792926341,-43.11799622
2793238539,-132.5752935
2793550736,-43.21366882
2793862933,-130.7799749
2794175130,-43.40267944
2794487328,-136.4413214
2794799525,-43.66885757
2795111722,-131.8510351
2795423919,-43.83876038
2795736117,-130.3335333
2796048314,-43.72203827
2796360511,-141.2834845
2796672709,-43.43187332
2796984906,-134.0011206
2797297103,-43.28354645
2797609300,-132.0029669
2797921498,-43.1425705
2798233695,-132.9041357
2798545892,-43.25368118
2798858089,-136.7487097
2799170287,-43.44416046
2799482484,-129.3531866
2799794681,-43.70666504
2800106878,-130.8563299
2800419076,-43.84449387
2800731273,-129.2208776
2801043470,-43.74138641
2801355667,-132.6491461
2801667865,-43.49570465
2801980062,-128.4436254
2802292259,-43.29117966
2802604456,-133.9142828
2802916654,-43.18146133
2803228851,-134.1830511
2803541048,-43.25547791
2803853245,-130.6330938
2804165443,-43.43164825
2804477640,-129.3210211
2804789837,-43.70703888
2805102034,-130.8641729
2805414232,-43.85013962
2805726429,-134.9796057
2806038626,-43.76246643
2806350823,-138.5600042
2806663021,-43.51384735
2806975218,-134.1949987
2807287415,-43.33504486
2807599612,-131.7555304
2807911810,-43.19151688
2808224007,-125.1673574
2808536204,-43.26185989
2808848402,-134.4442511
2809160599,-43.50123596
2809472796,-136.511405
2809784993,-43.68328476
2810097191,-130.0393438
2810409388,-43.84108353
2810721585,-139.8946295
2811033782,-43.64611435
2811345980,-137.178092
2811658177,-43.5753479
2811970374,-129.9314032
2812282571,-43.39066315
2812594769,-134.1732397
2812906966,-43.23464584
2813219163,-133.388114
2813531360,-43.25941849
2813843558,-134.0339117
2814155755,-43.42530441
2814467952,-134.6216497
2814780149,-43.59339142
2815092347,-133.4808111
2815404544,-43.77397156
2815716741,-137.8262854
2816028938,-43.66572189
2816341136,-140.1962347
2816653333,-43.64713669
2816965530,-129.1058416
2817277727,-43.51095963
2817589925,-137.0936499
2817902122,-43.32333755
2818214319,-131.1830816
2818526516,-43.32459641
2818838714,-132.7085943
2819150911,-43.32438278
2819463108,-134.1841345
2819775305,-43.4138298
2820087503,-135.1774817
2820399700,-43.59115982
2820711897,-130.6209021
2821024095,-43.63969421
2821336292,-132.4354925
2821648489,-43.73085403
2821960686,-135.0746832
2822272884,-43.69340134
2822585081,-130.1579809
2822897278,-43.52807236
2823209475,-128.2670202
2823521673,-43.4053688
2823833870,-129.6825476
2824146067,-43.27825165
2824458264,-134.538291
2824770462,-43.23271561
2825082659,-137.2539129
2825394856,-43.36576843
2825707053,-138.2380285
2826019251,-43.46868896
2826331448,-138.2204199
2826643645,-43.76122284
2826955842,-135.0896215
2827268040,-43.84650803
2827580237,-127.7682104
2827892434,-43.76348877
2828204631,-134.3246069
2828516829,-43.55258942
2828829026,-127.6256933
2829141223,-43.34095764
2829453420,-142.2267065
2829765618,-43.20502472
2830077815,-139.5317144
2830390012,-43.26972961
2830702209,-140.2835913
2831014407,-43.36383057
2831326604,-136.7213812
2831638801,-43.60124588
2831950998,-132.0971899
2832263196,-43.76957321
2832575393,-129.87992
2832887590,-43.74388123
2833199787,-143.3314886
2833511985,-43.7196579
2833824182,-137.689414
2834136379,-43.63737488
2834448577,-128.4865637
2834760774,-43.47939301
2835072971,-139.850913
2835385168,-43.45443344
2835697366,-129.7580633
2836009563,-43.30747604
2836321760,-130.6260595
2836633957,-43.32294083
2836946155,-132.8499975
2837258352,-43.46995544
2837570549,-128.2963629
2837882746,-43.53907013
2838194944,-136.1469946
2838507141,-43.61332703
2838819338,-128.8924627
2839131535,-43.95730972
2839443733,-135.7759008
2839755930,-43.84562683
2840068127,-133.1298437
2840380324,-43.77403259
2840692522,-128.4240484
2841004719,-43.46095276
2841316916,-135.089179
2841629113,-43.33601761
2841941311,-134.8554754
2842253508,-43.37938309
2842565705,-132.7601843
2842877902,-43.42936325
2843190100,-130.0313635
2843502297,-43.4418602
2843814494,-136.2680426
2844126691,-43.72481537
2844438889,-132.0921392
2844751086,-43.74098587
2845063283,-132.8013525
2845375480,-43.80566406
2845687678,-141.8271093
2845999875,-43.87989807
2846312072,-130.7986517
2846624270,-43.77112961
2846936467,-134.0948553
2847248664,-43.73144913
2847560861,-127.8096762
2847873059,-43.61386108
2848185256,-127.9757757
2848497453,-43.32356644
2848809650,-135.358222
2849121848,-43.39412308
2849434045,-133.3511114
2849746242,-43.44042969
2850058439,-131.934165
2850370637,-43.51760101
2850682834,-134.5777349
2850995031,-43.71897888
2851307228,-128.7945166
2851619426,-43.85567856
2851931623,-139.1233129
2852243820,-43.87038422
2852556017,-131.8239355
2852868215,-43.9233017
2853180412,-131.8790503
2853492609,-43.69694519
2853804806,-129.4177618
2854117004,-43.67784119
2854429201,-132.2053747
2854741398,-43.58818436
2855053595,-136.956748
2855365793,-43.39636993
2855677990,-139.5349035
2855990187,-43.33537292
2856302384,-126.8565207
2856614582,-43.45443726
2856926779,-137.1735601
2857238976,-43.54851151
2857551173,-131.9518499
2857863371,-43.79766083
2858175568,-129.3303289
2858487765,-43.89834976
2858799962,-133.0491095
2859112160,-43.89982224
2859424357,-132.5596533
2859736554,-43.97038269
2860048752,-129.2881994
2860360949,-43.85390091
2860673146,-139.3962927
2860985343,-43.71477127
2861297541,-127.6855841
2861609738,-43.60651016
2861921935,-127.5155859
2862234132,-43.41152191
2862546330,-136.0038824
2862858527,-43.3429451
2863170724,-136.7562323
2863482921,-43.39122391
2863795119,-129.2552404
2864107316,-43.52181625
2864419513,-134.6384192
2864731710,-43.73839569
2865043908,-129.8537512
2865356105,-43.86604691
2865668302,-135.8564825
2865980499,-43.85920715
2866292697,-132.4402838
2866604894,-43.9993515
2866917091,-133.7636633
2867229288,-43.94106293
2867541486,-141.8808203
2867853683,-43.84970474
2868165880,-139.7478094
2868478077,-43.67970657
2868790275,-133.3984594
2869102472,-43.46781921
2869414669,-129.2546606
2869726866,-43.34632492
2870039064,-131.3717871
2870351261,-43.38284683
2870663458,-135.7326727
2870975655,-43.3767395
2871287853,-130.1880865
2871600050,-43.5668602
2871912247,-128.0616827
2872224445,-43.65409088
2872536642,-140.1526251
2872848839,-43.66488647
2873161036,-130.9414434
2873473234,-43.78298569
2873785431,-136.8456945
2874097628,-44.0502739
2874409825,-131.0960608
2874722023,-44.00668335
2875034220,-128.0980291
2875346417,-43.98955536
2875658614,-131.2550879
2875970812,-43.66228104
2876283009,-134.2365026
2876595206,-43.55989838
2876907403,-136.779151
2877219601,-43.55158615
2877531798,-132.0841436
2877843995,-43.4727211
2878156192,-138.4095221
2878468390,-43.36519241
2878780587,-145.4227972
2879092784,-43.41567612
2879404981,-139.3108282
2879717179,-43.43970108
2880029376,-131.6304541
2880341573,-43.57325363
2880653770,-129.4630651
2880965968,-43.81424713
2881278165,-135.8569555
2881590362,-43.91340256
2881902559,-131.9264441
2882214757,-43.98830032
2882526954,-132.2041845
2882839151,-44.08892441
2883151348,-140.2443304
2883463546,-43.98376465
2883775743,-130.8341436
2884087940,-43.96606445
2884400138,-132.1371222
2884712335,-43.80578613
2885024532,-131.7607794
2885336729,-43.53820419
2885648927,-130.9949102
2885961124,-43.45362473
2886273321,-139.1034002
2886585518,-43.40872955
2886897716,-130.6897802
2887209913,-43.38588333
2887522110,-136.3729773
2887834307,-43.44314575
2888146505,-131.9603643
2888458702,-43.48276901
2888770899,-137.4487982
2889083096,-43.65982437
2889395294,-134.3076239
2889707491,-43.92433929
2890019688,-129.2460546
2890331885,-44.02643204
2890644083,-138.0938787
2890956280,-44.03077698
2891268477,-133.171958
2891580674,-44.17402649
2891892872,-140.6513433
2892205069,-44.10267639
2892517266,-132.5302343
2892829463,-44.04749298
2893141661,-131.9569159
2893453858,-43.86883926
2893766055,-130.8191748
2894078252,-43.6306572
2894390450,-130.8507147
2894702647,-43.5409317
2895014844,-133.2575598
2895327041,-43.53131485
2895639239,-129.8576879
2895951436,-43.38646698
2896263633,-131.7919683
2896575830,-43.44446564
2896888028,-139.8188848
2897200225,-43.47894287
2897512422,-131.3655767
2897824620,-43.46932602
2898136817,-134.4419622
2898449014,-43.64491272
2898761211,-129.0768652
2899073409,-43.98144913
2899385606,-134.3529119
2899697803,-44.01960373
2900010000,-138.8227453
2900322198,-44.12221909
2900634395,-133.2352362
2900946592,-44.2686882
2901258789,-133.7271185
2901570987,-44.29462433
2901883184,-133.6920691
2902195381,-44.30145264
2902507578,-127.7892675
2902819776,-44.13410187
2903131973,-136.5425787
2903444170,-43.8572464
2903756367,-129.8658972
2904068565,-43.83688354
2904380762,-129.3046179
2904692959,-43.70039749
2905005156,-131.7411413
2905317354,-43.5139389
2905629551,-130.5875158
2905941748,-43.43331146
2906253945,-131.0786657
2906566143,-43.39457321
2906878340,-136.4123144
2907190537,-43.48077774
2907502734,-136.6271276
2907814932,-43.59637451
2908127129,-131.5342321
2908439326,-43.63333893
2908751523,-132.2002935
2909063721,-43.85182953
2909375918,-134.492774
2909688115,-44.1232338
2910000313,-131.8398809
2910312510,-44.20723343
2910624707,-132.0767431
2910936904,-44.24566269
2911249102,-131.533103
2911561299,-44.42961121
2911873496,-135.97013
2912185693,-44.4151268
2912497891,-132.0509253
2912810088,-44.42269135
2913122285,-135.4788885
2913434482,-44.25240326
2913746680,-129.1270361
2914058877,-44.03507614
2914371074,-132.4550543
2914683271,-43.96987915
2914995469,-126.7793493
2915307666,-43.94363785
2915619863,-135.4128637
2915932060,-43.58667374
2916244258,-133.7139044
2916556455,-43.51045227
2916868652,-135.4948645
2917180849,-43.46583939
2917493047,-128.7998114
2917805244,-43.42342758
2918117441,-127.9945364
2918429638,-43.48023224
2918741836,-131.5591955
2919054033,-43.53409576
2919366230,-128.9136419
2919678427,-43.56076813
2919990625,-135.3313208
2920302822,-43.75406265
2920615019,-135.7412176
2920927216,-43.99348068
2921239414,-132.5440741
2921551611,-44.11898422
2921863808,-130.2979498
2922176006,-44.2709465
2922488203,-144.4364843
2922800400,-44.47729111
2923112597,-130.669486
2923424795,-44.54032516
2923736992,-128.7048254
2924049189,-44.65260315
2924361386,-127.8815222
2924673584,-44.58261108
2924985781,-132.0822515
2925297978,-44.48249054
2925610175,-131.7381353
2925922373,-44.48231888
2926234570,-134.2124853
2926546767,-44.26534271
2926858964,-138.0126715
2927171162,-44.02264404
2927483359,-133.8094091
2927795556,-43.88283539
2928107753,-127.8195028
2928419951,-43.74670029
2928732148,-130.6635351
2929044345,-43.55765152
2929356542,-138.7300329
2929668740,-43.48178101
2929980937,-132.3454657
2930293134,-43.37284088
2930605331,-130.1632757
2930917529,-43.39619064
2931229726,-131.1479101
2931541923,-43.4408493
2931854120,-138.777854
2932166318,-43.40907669
2932478515,-128.0593634
2932790712,-43.4125824
2933102909,-133.1728888
2933415107,-43.77840805
2933727304,-131.1391516
2934039501,-43.81718826
2934351698,-135.4383612
2934663896,-43.82877731
2934976093,-128.0425177
2935288290,-44.05349731
2935600488,-128.5987005
2935912685,-44.37302399
2936224882,-129.0365515
2936537079,-44.46545792
2936849277,-129.9800329
2937161474,-44.58067322
2937473671,-133.7647924
2937785868,-44.6701622
2938098066,-133.2700109
2938410263,-44.79346085
2938722460,-134.6426916
2939034657,-44.82709885
2939346855,-140.5764074
2939659052,-44.69390488
2939971249,-134.8407812
2940283446,-44.55157471
2940595644,-132.3359442
2940907841,-44.56158066
2941220038,-133.1661444
2941532235,-44.324646
2941844433,-134.0749731
2942156630,-44.0847702
2942468827,-132.778266
2942781024,-43.9815979
2943093222,-131.5329962
2943405419,-43.79390335
2943717616,-132.3874426
2944029813,-43.59151077
2944342011,-132.7083197
2944654208,-43.50744629
2944966405,-138.1634741
2945278602,-43.32636642
2945590800,-136.7844458
2945902997,-43.28933716
2946215194,-132.6133947
2946527391,-43.21629333
2946839589,-136.033515
2947151786,-43.15280533
2947463983,-128.7492743
2947776181,-43.13488007
2948088378,-129.8580084
2948400575,-43.29334259
2948712772,-136.133338
2949024970,-43.22985458
2949337167,-140.2273932
2949649364,-43.2552948
2949961561,-135.2927465
2950273759,-43.45564651
2950585956,-128.5016394
2950898153,-43.62439728
2951210350,-131.7152319
2951522548,-43.67409134
2951834745,-132.0368567
2952146942,-43.87003326
2952459139,-134.8043432
2952771337,-44.1313858
2953083534,-143.8952246
2953395731,-44.2913208
2953707928,-130.1766119
2954020126,-44.47403336
2954332323,-142.3924475
2954644520,-44.66703796
2954956717,-139.4428625
2955268915,-44.78434372
2955581112,-135.7465887
2955893309,-45.03393936
2956205506,-134.1095953
2956517704,-45.06672668
2956829901,-129.6688299
2957142098,-45.14434433
2957454295,-132.4649725
2957766493,-45.26018143
2958078690,-131.0499334
2958390887,-45.19228363
2958703084,-129.4732122
2959015282,-45.14275742
2959327479,-131.1926794
2959639676,-45.21229172
2959951873,-142.663291
2960264071,-44.97126389
2960576268,-129.6116858
2960888465,-44.80949783
2961200663,-128.4842138
2961512860,-44.82559204
2961825057,-131.2688055
2962137254,-44.75201797
2962449452,-129.1476965
2962761649,-44.31685638
2963073846,-130.08393
2963386043,-44.26533508
2963698241,-134.375144
2964010438,-44.17706299
2964322635,-129.8691778
2964634832,-43.97193909
2964947030,-130.0807562
2965259227,-43.72051239
2965571424,-129.9065008
2965883621,-43.62930298
2966195819,-131.9517431
2966508016,-43.50428391
2966820213,-137.7018194
2967132410,-43.39029312
2967444608,-128.6678991
2967756805,-43.19839478
2968069002,-133.9615698
2968381199,-43.10351181
2968693397,-127.9541159
2969005594,-43.10122681
2969317791,-156.1447363
2969629988,-43.02912521
2969942186,-132.7942572
2970254383,-42.89308548
2970566580,-131.1177893
2970878777,-42.94886017
2971190975,-133.6488256
2971503172,-42.90542221
2971815369,-127.7023764
2972127566,-42.79290009
2972439764,-135.0244818
2972751961,-42.80384445
2973064158,-136.1797094
2973376356,-42.93311691
2973688553,-127.7241964
2974000750,-42.825737
2974312947,-134.4443731
2974625145,-42.83227539
2974937342,-145.6035681
2975249539,-42.99167633
2975561736,-134.1789007
2975873934,-43.01291275
2976186131,-136.8878088
2976498328,-43.0209198
2976810525,-129.6860876
2977122723,-43.1979599
2977434920,-133.585578
2977747117,-43.29048538
2978059314,-129.5881872
2978371512,-43.30216599
2978683709,-133.3340826
2978995906,-43.49684525
2979308103,-130.7653875
2979620301,-43.63934326
2979932498,-133.4926672
2980244695,-43.62531662
2980556892,-139.4367895
2980869090,-43.88985062
2981181287,-138.4225225
2981493484,-44.06692886
2981805681,-129.6958532
2982117879,-44.09113693
2982430076,-133.8048315
2982742273,-44.16679382
2983054470,-130.6622076
2983366668,-44.56581879
2983678865,-134.1288519
2983991062,-44.62898254
2984303259,-127.1601477
2984615457,-44.6855278
2984927654,-135.6096716
2985239851,-44.894207
2985552049,-135.1730719
2985864246,-45.20651245
2986176443,-128.7430792
2986488640,-45.32185364
2986800838,-130.4635077
2987113035,-45.49819565
2987425232,-133.1827307
2987737429,-45.68188858
2988049627,-135.699851
2988361824,-45.95009613
2988674021,-131.9442816
2988986218,-46.15657043
2989298416,-140.600318
2989610613,-46.35055161
2989922810,-129.0544195
2990235007,-46.52248383
2990547205,-139.9615698
2990859402,-46.85903931
2991171599,-145.7947302
2991483796,-47.02950287
2991795994,-137.1224279
2992108191,-47.21907425
2992420388,-130.8085546
2992732585,-47.42701721
2993044783,-136.1713324
2993356980,-47.74446869
2993669177,-133.4248419
2993981374,-47.98107529
2994293572,-133.1521368
2994605769,-48.18607712
2994917966,-134.6146154
2995230163,-48.36977005
2995542361,-134.4425879
2995854558,-48.68648529
2996166755,-141.6324377
2996478952,-48.98115158
2996791150,-133.9772863
2997103347,-49.16410828
2997415544,-131.6158972
2997727741,-49.20962906
2998039939,-134.6724615
2998352136,-49.80194473
2998664333,-142.8625402
2998976531,-49.89450455
2999288728,-140.1461859
2999600925,-50.00617218
2999913122,-131.5084295
3000225320,-50.31267929
3000537517,-128.3912573
3000849714,-50.71984482
3001161911,-131.4081793
3001474109,-50.7926178
3001786306,-131.6125097
3002098503,-51.06455612
3002410700,-130.0831213
3002722898,-51.47686768
3003035095,-133.1095953
3003347292,-51.52097702
3003659489,-133.7747259
3003971687,-51.88037109
3004283884,-135.125556
3004596081,-52.32501984
3004908278,-131.7397223
3005220476,-52.30298615
3005532673,-130.536643
3005844870,-52.66605759
3006157067,-134.5810003
3006469265,-53.1077652
3006781462,-134.6787634
3007093659,-53.10410309
3007405856,-134.9271917
3007718054,-53.06296158
3008030251,-132.4438543
3008342448,-53.94930649
3008654645,-139.9512396
3008966843,-53.89640427
3009279040,-134.0114965
3009591237,-53.72296906
3009903434,-135.4416876
3010215632,-54.23596954
3010527829,-139.6800756
3010840026,-54.56890488
3011152224,-130.2067633
3011464421,-54.49248505
3011776618,-137.8956823
3012088815,-54.98343658
3012401013,-132.9752874
3012713210,-55.30755615
3013025407,-129.0037146
3013337604,-55.20981979
3013649802,-131.9030523
3013961999,-55.7816124
3014274196,-137.2982244
3014586393,-56.27550507
3014898591,-138.991538
3015210788,-55.80368805
3015522985,-134.1490545
3015835182,-56.54231262
3016147380,-133.3340216
3016459577,-56.9458046
3016771774,-131.5584173
3017083971,-56.63273239
3017396169,-132.2992468
3017708366,-56.48428726
3018020563,-130.5530615
3018332760,-57.64917374
3018644958,-125.7362967
3018957155,-57.2141037
3019269352,-128.3835516
3019581549,-57.11710739
3019893747,-134.7738256
3020205944,-57.91133499
3020518141,-133.7263098
3020830338,-57.78567505
3021142536,-141.3983221
3021454733,-57.78348541
3021766930,-135.9193945
3022079127,-58.6690979
3022391325,-126.5982046
3022703522,-58.19360733
3023015719,-146.0968237
3023327916,-58.41336823
3023640114,-133.4934149
3023952311,-59.3055954
3024264508,-130.8689642
3024576706,-59.45847702
3024888903,-132.8533087
3025201100,-58.79043198
3025513297,-135.9481421
3025825495,-59.94356155
3026137692,-133.3060522
3026449889,-59.95606995
3026762086,-133.2979803
3027074284,-59.25716019
3027386481,-138.9783239
3027698678,-59.64595795
3028010875,-127.7220526
3028323073,-60.42647552
3028635270,-131.334281
3028947467,-59.66656494
3029259664,-127.2149725
3029571862,-60.14281845
3029884059,-131.8230352
3030196256,-60.71387863
3030508453,-131.5099707
3030820651,-60.04950714
3031132848,-126.5881186
3031445045,-60.96378326
3031757242,-133.3172064
3032069440,-61.83102417
3032381637,-132.7461767
3032693834,-60.64117432
3033006031,-134.0036688
3033318229,-61.51502991
3033630426,-132.6330328
3033942623,-62.181633
3034254820,-130.9177008
3034567018,-61.46434784
3034879215,-128.9885015
3035191412,-61.01090622
3035503609,-134.9576788
3035815807,-62.65791321
3036128004,-127.509841
3036440201,-61.590065
3036752399,-131.2712622
3037064596,-61.43427277
3037376793,-128.1426458
3037688990,-62.70940018
3038001188,-134.3778601
3038313385,-62.07002258
3038625582,-127.4944677
3038937779,-62.24274445
3039249977,-127.8935537
3039562174,-63.21140671
3039874371,-128.5792608
3040186568,-62.35601044
3040498766,-141.4711828
3040810963,-62.46473312
3041123160,-129.459342
3041435357,-63.82651901
3041747555,-134.359107
3042059752,-63.5280838
3042371949,-140.6052771
3042684146,-62.39476395
3042996344,-136.5270758
3043308541,-64.38565826
3043620738,-150.4452429
3043932935,-63.51911545
3044245133,-133.5357733
3044557330,-62.84292221
3044869527,-130.2013159
3045181724,-63.86370087
3045493922,-134.7806616
3045806119,-63.58878326
3046118316,-141.569953
3046430513,-63.17129135
3046742711,-137.3124151
3047054908,-64.41254425
3047367105,-127.167304
3047679302,-63.80911255
3047991500,-132.182456
3048303697,-63.60989761
3048615894,-130.6360998
3048928092,-64.94816589
3049240289,-128.5672064
3049552486,-63.97285461
3049864683,-134.5539465
3050176881,-64.12493896
3050489078,-134.7677679
3050801275,-65.70279694
3051113472,-138.291007
3051425670,-65.18167877
3051737867,-136.4374456
3052050064,-64.08216095
3052362261,-129.3636236
3052674459,-66.09142303
3052986656,-132.6553564
3053298853,-65.25281525
3053611050,-128.7616186
3053923248,-64.32601166
3054235445,-135.4612494
3054547642,-65.27329254
3054859839,-131.6468725
3055172037,-65.25266266
3055484234,-129.9939489
3055796431,-64.68009949
3056108628,-132.2398748
3056420826,-66.06099701
3056733023,-131.8877783
3057045220,-65.19519043
3057357417,-126.4528799
3057669615,-64.96437073
3057981812,-128.9369116
3058294009,-66.64658356
3058606206,-133.0782232
3058918404,-66.59288788
3059230601,-131.2342291
3059542798,-65.17294312
3059854995,-133.5800848
3060167193,-67.28031921
3060479390,-127.572341
3060791587,-66.63581848
3061103784,-130.1174688
3061415982,-65.35044861
3061728179,-131.7005529
3062040376,-66.16332245
3062352574,-139.6981726
3062664771,-66.2397995
3062976968,-134.5918798
3063289165,-65.77241516
3063601363,-137.6999578
3063913560,-66.81606293
3064225757,-139.6314001
3064537954,-66.3420639
3064850152,-129.5326757
3065162349,-65.79310608
3065474546,-137.0937414
3065786743,-67.79657745
3066098941,-142.4742498
3066411138,-67.87451935
3066723335,-133.6969366
3067035532,-66.26577759
3067347730,-138.2337408
3067659927,-68.01276398
3067972124,-133.1098089
3068284321,-67.6725235
3068596519,-134.3504095
3068908716,-66.54737091
3069220913,-144.7703772
3069533110,-67.45652771
3069845308,-130.3355322
3070157505,-67.2618103
3070469702,-131.5555639
3070781899,-66.60774994
3071094097,-135.5654211
3071406294,-67.93287659
3071718491,-127.933135
3072030688,-67.1399231
3072342886,-133.0292273
3072655083,-67.09365845
3072967280,-132.4677649
3073279477,-68.39967346
3073591675,-131.4859381
3073903872,-68.60623169
3074216069,-130.015357
3074528267,-67.0224762
3074840464,-128.9769354
3075152661,-69.01566315
3075464858,-130.5063696
3075777056,-68.31971741
3076089253,-135.5892248
3076401450,-67.09681702
3076713647,-128.1943426
3077025845,-68.13752747
3077338042,-131.9646063
3077650239,-67.87739563
3077962436,-130.7049627
3078274634,-67.74588013
3078586831,-131.4656591
3078899028,-68.99163818
3079211225,-134.4568853
3079523423,-67.62615967
3079835620,-132.5460882
3080147817,-68.14839172
3080460014,-131.5698614
3080772212,-69.43767548
3081084409,-137.6016912
3081396606,-69.27545929
3081708803,-127.2833853
3082021001,-67.60441589
3082333198,-138.5927954
3082645395,-69.85058594
3082957592,-132.9788275
3083269790,-68.94094086
3083581987,-132.7710333
3083894184,-68.06289673
3084206381,-132.9784918
3084518579,-69.31396484
3084830776,-123.6824865
3085142973,-68.38447571
3085455170,-130.6403418
3085767368,-68.44494629
3086079565,-134.9759283
3086391762,-69.79522705
3086703959,-135.5758429
3087016157,-68.05951691
3087328354,-127.5821447
3087640551,-68.78289795
3087952749,-136.3089819
3088264946,-70.00456238
3088577143,-130.5325842
3088889340,-68.76567078
3089201538,-131.5212927
3089513735,-68.37488556
3089825932,-127.5932531
3090138129,-70.18009186
3090450327,-145.0063086
3090762524,-69.03600311
3091074721,-136.4092321
3091386918,-68.71871948
3091699116,-126.1938162
3092011313,-70.00359344
3092323510,-133.8505926
3092635707,-68.41118622
3092947905,-132.8079138
3093260102,-69.47337341
3093572299,-141.9595556
3093884496,-70.58847809
3094196694,-127.5145788
3094508891,-68.96080017
3094821088,-135.1595984
3095133285,-70.18247223
3095445483,-138.3663244
3095757680,-70.76548004
3096069877,-129.9096136
3096382074,-69.24289703
3096694272,-135.1675634
3097006469,-69.15196991
3097318666,-131.5452642
3097630863,-70.21709442
3097943061,-142.2909765
3098255258,-68.95909119
3098567455,-135.6047277
3098879652,-70.05214691
3099191850,-131.1556311
3099504047,-69.9450531
3099816244,-142.9089422
3100128442,-69.59825134
3100440639,-137.9938116
3100752836,-70.58113861
3101065033,-131.4237585
3101377231,-71.06501007
3101689428,-130.6170721
3102001625,-69.66156006
3102313822,-130.7342138
3102626020,-70.57977295
3102938217,-134.5032415
3103250414,-70.67927551
3103562611,-129.085578
3103874809,-69.78954315
3104187006,-138.3945532
3104499203,-70.80183411
3104811400,-132.4764013
3105123598,-70.239151
3105435795,-128.0648565
3105747992,-69.97999573
3106060189,-131.6920385
3106372387,-71.30536652
3106684584,-134.0036993
3106996781,-69.97541809
3107308978,-131.447135
3107621176,-70.50190735
3107933373,-130.1090918
3108245570,-71.79935455
3108557767,-130.4246588
3108869965,-70.90888977
3109182162,-136.6476507
3109494359,-70.07061005
3109806556,-130.1194983
3110118754,-71.34306335
3110430951,-132.3679419
3110743148,-70.54299927
3111055345,-137.1952887
3111367543,-70.56826782
3111679740,-132.9799719
3111991937,-71.46296692
3112304135,-125.0216208
3112616332,-70.4997406
3112928529,-130.5008612
3113240726,-71.43412781
3113552924,-130.0778112
3113865121,-71.69090271
3114177318,-138.178565
3114489515,-70.6813736
3114801713,-128.8708715
3115113910,-71.71350861
3115426107,-131.2347021
3115738304,-71.5998764
3116050502,-127.6315908
3116362699,-70.94973755
3116674896,-124.6965399
3116987093,-71.71802521
3117299291,-134.1547155
3117611488,-71.4397583
3117923685,-129.2720709
3118235882,-70.79623413
3118548080,-134.1016302
3118860277,-71.49324036
3119172474,-137.9786901
3119484671,-71.19880676
3119796869,-133.165885
3120109066,-71.3168869
3120421263,-131.2715673
3120733460,-72.21424866
3121045658,-137.4553289
3121357855,-72.40240479
3121670052,-144.6393347
3121982249,-71.63587189
3122294447,-128.8169012
3122606644,-72.3458252
3122918841,-138.4144354
3123231038,-71.58664703
3123543236,-129.8230352
3123855433,-71.65940857
3124167630,-134.0224676
3124479827,-72.08861542
3124792025,-130.2353582
3125104222,-71.37133026
3125416419,-134.7780066
3125728617,-72.55605316
3126040814,-134.8610601
3126353011,-72.36056519
3126665208,-127.6902838
3126977406,-72.15184784
3127289603,-134.3723364
3127601800,-72.50242615
3127913997,-129.9987402
3128226195,-72.98822021
3128538392,-129.9340734
3128850589,-72.0974884
3129162786,-131.7743597
3129474984,-72.4928894
3129787181,-134.378974
3130099378,-72.14159393
3130411575,-127.8836126
3130723773,-72.2239151
3131035970,-130.1847143
3131348167,-72.41867828
3131660364,-129.1043615
3131972562,-72.27023315
3132284759,-127.2060232
3132596956,-72.56861877
3132909153,-129.4696417
3133221351,-72.92948151
3133533548,-141.7232428
3133845745,-72.79793549
3134157942,-133.3501196
3134470140,-72.67447662
3134782337,-133.4023046
3135094534,-73.13234711
3135406731,-135.9812078
3135718929,-72.56938934
3136031126,-129.0617743
3136343323,-73.53216553
3136655520,-137.2342749
3136967718,-72.54808807
3137279915,-131.0711126
3137592112,-72.53045654
3137904310,-130.9777746
3138216507,-72.97290039
3138528704,-138.5130987
3138840901,-73.65271759
3139153099,-149.6797247
3139465296,-72.88619232
3139777493,-131.2850103
3140089690,-72.82601166
3140401888,-144.6920691
3140714085,-73.4056778
3141026282,-130.5281744
3141338479,-73.320961
3141650677,-130.4302282
3141962874,-73.50524139
3142275071,-128.5412512
3142587268,-72.86859131
3142899466,-130.1351385
3143211663,-73.88407898
3143523860,-128.087409
3143836057,-73.43924713
3144148255,-140.0211096
3144460452,-73.52209473
3144772649,-148.1125708
3145084846,-73.6269989
3145397044,-137.1912146
3145709241,-73.73777771
3146021438,-136.2583838
3146333635,-73.56560516
3146645833,-134.2613592
3146958030,-72.64086151
3147270227,-133.1888952
3147582424,-74.30015564
3147894622,-133.9015875
3148206819,-74.28820038
3148519016,-135.4726934
3148831213,-73.39064789
3149143411,-144.8333807
3149455608,-73.83582306
3149767805,-128.144248
3150080003,-74.58011627
3150392200,-131.8407812
3150704397,-73.36286926
3151016594,-130.3912878
3151328792,-74.92073822
3151640989,-128.8036413
3151953186,-73.45507813
3152265383,-132.6184912
3152577581,-74.23538971
3152889778,-135.3089056
3153201975,-74.42112732
3153514172,-133.8527899
3153826370,-74.44886017
3154138567,-133.4461889
3154450764,-73.4307785
3154762961,-136.3827887
3155075159,-74.43597412
3155387356,-127.8132391
3155699553,-73.50388336
3156011750,-134.2422705
3156323948,-75.00222015
3156636145,-133.6504431
3156948342,-74.0333786
3157260539,-137.2602606
3157572737,-73.58708191
3157884934,-132.4623938
3158197131,-75.35440826
3158509328,-129.9310827
3158821526,-74.98674011
3159133723,-131.3640203
3159445920,-73.60560608
3159758117,-128.4064398
3160070315,-75.07155609
3160382512,-134.0818853
3160694709,-74.10006714
3161006906,-131.7478247
3161319104,-74.41986847
3161631301,-136.6727362
3161943498,-75.02040863
3162255695,-131.4422827
3162567893,-73.81520844
3162880090,-130.1562567
3163192287,-75.48361206
3163504485,-131.2051001
3163816682,-75.83501434
3164128879,-135.1870947
3164441076,-74.29615784
3164753274,-134.1332922
3165065471,-75.30238342
3165377668,-128.1870184
3165689865,-74.75128174
3166002063,-131.5942755
3166314260,-74.43682861
3166626457,-133.7881689
3166938654,-75.70468903
3167250852,-136.0371771
3167563049,-74.43261719
3167875246,-132.5477972
3168187443,-75.91507721
3168499641,-134.6395178
3168811838,-75.59474945
3169124035,-130.5636663
3169436232,-73.8530426
3169748430,-131.6823339
3170060627,-75.75369263
3170372824,-128.4972143
3170685021,-76.23223114
3170997219,-146.8729315
3171309416,-73.68651581
3171621613,-133.380332
3171933810,-76.01194763
3172246008,-134.1366796
3172558205,-75.76805115
3172870402,-131.5645056
3173182599,-74.64149475
3173494797,-137.3632574
3173806994,-76.59284973
3174119191,-126.2437582
3174431388,-74.12944031
3174743586,-124.8974524
3175055783,-76.3490448
3175367980,-136.6565313
3175680178,-77.10980225
3175992375,-128.3261328
3176304572,-74.61846924
3176616769,-134.9149389
3176928967,-76.88658142
3177241164,-133.3253698
3177553361,-76.05914307
3177865558,-131.9724493
3178177756,-75.18392944
3178489953,-135.1922979
3178802150,-76.49369049
3179114347,-139.3109808
3179426545,-74.20519257
3179738742,-126.1579275
3180050939,-77.47148132
3180363136,-129.0744543
3180675334,-77.61209107
3180987531,-126.7309866
3181299728,-75.86465454
3181611925,-131.2341833
3181924123,-78.38866425
3182236320,-135.0244818
3182548517,-77.26078034
3182860714,-130.5357275
3183172912,-74.95478821
3183485109,-129.5276403
3183797306,-78.03514099
3184109503,-131.1895666
3184421701,-74.52458954
3184733898,-132.3392553
3185046095,-76.76712036
3185358292,-129.9942999
3185670490,-78.96041108
3185982687,-137.6312628
3186294884,-75.35137939
3186607081,-132.035697
3186919279,-78.10028076
3187231476,-137.1937323
3187543673,-77.50595093
3187855870,-144.8902197
3188168068,-74.83984375
3188480265,-136.609931
3188792462,-78.56547547
3189104660,-133.2676764
3189416857,-75.26511383
3189729054,-130.5920172
3190041251,-76.66320038
3190353449,-141.7485876
3190665646,-79.48780061
3190977843,-128.486167
3191290040,-75.1445694
3191602238,-134.1409979
3191914435,-79.42728425
3192226632,-127.4173117
3192538829,-77.80184174
3192851027,-136.1713781
3193163224,-74.83734894
3193475421,-129.5050116
3193787618,-79.03186799
3194099816,-138.2906713
3194412013,-75.99755859
3194724210,-138.1586218
3195036407,-77.14576721
3195348605,-135.8349981
3195660802,-80.97135165
3195972999,-134.4278326
3196285196,-75.81159973
3196597394,-133.6071539
3196909591,-80.78000643
3197221788,-128.6046667
3197533985,-80.27020265
3197846183,-136.08216
3198158380,-75.17512512
3198470577,-132.4194708
3198782774,-80.42648317
3199094972,-129.7629156
3199407169,-75.57981873
3199719366,-138.4287939
3200031563,-77.46720886
3200343761,-125.9854422
3200655958,-81.54151157
3200968155,-137.9404821
3201280353,-75.72357941
3201592550,-142.3609381
3201904747,-80.78196718
3202216944,-129.6346045
3202529142,-80.35993959
3202841339,-129.3904181
3203153536,-75.15200043
3203465733,-127.9159613
3203777931,-80.94532015
3204090128,-133.1654272
3204402325,-76.01298523
3204714522,-136.6951513
3205026720,-77.90821076
3205338917,-130.7618322
3205651114,-82.29486853
3205963311,-126.0602636
3206275509,-75.60015106
3206587706,-139.7181463
3206899903,-82.58187111
3207212100,-133.5048132
3207524298,-80.34968568
3207836495,-129.0538549
3208148692,-75.73410797
3208460889,-130.5933752
3208773087,-81.26138309
3209085284,-145.3044195
3209397481,-76.92434692
3209709678,-133.5202703
3210021876,-78.80634308
3210334073,-133.2893286
3210646270,-83.854439
3210958467,-137.8222265
3211270665,-76.7011261
3211582862,-129.9376593
3211895059,-84.15541104
3212207256,-129.7052374
3212519454,-80.98030093
3212831651,-128.7952032
3213143848,-75.69225311
3213456046,-129.1654272
3213768243,-82.86652385
3214080440,-131.1760473
3214392637,-75.48317719
3214704835,-136.7452154
3215017032,-79.27159882
3215329229,-130.4245825
3215641426,-85.72122286
3215953624,-133.787467
3216265821,-76.95838928
3216578018,-138.7025518
3216890215,-84.26568634
3217202413,-135.177619
3217514610,-79.40537263
3217826807,-131.8613958
3218139004,-75.93702698
3218451202,-134.8237524
3218763399,-81.10345462
3219075596,-129.9605017
3219387793,-75.76469421
3219699991,-131.0575781
3220012188,-81.61170964
3220324385,-127.9584265
3220636582,-86.1913542
3220948780,-128.4775457
3221260977,-76.8094101
3221573174,-128.8438025
3221885371,-85.42091444
3222197569,-131.52143
3222509766,-78.09017182
3222821963,-133.6037512
3223134160,-77.50321198
3223446358,-137.2096014
3223758555,-81.63528446
3224070752,-132.5481634
3224382949,-76.34545899
3224695147,-142.7728491
3225007344,-83.92511773
3225319541,-128.8247442
3225631738,-85.80460458
3225943936,-132.1932135
3226256133,-76.17718506
3226568330,-127.4494467
3226880528,-88.86172003
3227192725,-134.5146399
3227504922,-77.59759522
3227817119,-135.3821173
3228129317,-79.84895326
3228441514,-126.7174749
3228753711,-78.73136902
3229065908,-128.590354
3229378106,-76.46508026
3229690303,-131.0305853
3230002500,-88.39703335
3230314697,-141.5992346
3230626895,-82.2267533
3230939092,-131.3728399
3231251289,-76.149086
3231563486,-130.0553503
3231875684,-85.6410455
3232187881,-126.1450109
3232500078,-76.35243225
3232812275,-134.7124243
3233124473,-82.31375892
3233436670,-134.8354101
3233748867,-77.24221802
3234061064,-132.3199835
3234373262,-78.8167038
3234685459,-128.2494116
3234997656,-87.64942579
3235309853,-134.5164709
3235622051,-79.62343598
3235934248,-126.0605459
3236246445,-76.68320465
3236558642,-127.329299
3236870840,-81.0570679
3237183037,-126.4020681
3237495234,-76.17366791
3237807431,-140.7159491
3238119629,-89.83420902
3238431826,-134.2134771
3238744023,-75.7141037
3239056221,-134.388648
3239368418,-83.88244652
3239680615,-128.965064
3239992812,-87.35895102
3240305010,-134.3152838
3240617207,-76.40718079
3240929404,-132.7574835
3241241601,-80.04831697
3241553799,-133.08039
3241865996,-78.09291077
3242178193,-130.227622
3242490390,-79.22350312
3242802588,-141.6752539
3243114785,-97.99186611
3243426982,-141.3506842
3243739179,-76.7664032
3244051377,-131.5027838
3244363574,-89.09817976
3244675771,-130.5373449
3244987968,-82.25690467
3245300166,-128.97367
3245612363,-76.03004456
3245924560,-131.963645
3246236757,-86.46640941
3246548955,-136.333106
3246861152,-76.52591705
3247173349,-127.0746374
3247485546,-82.24913031
3247797744,-127.413703
3248109941,-92.18869677
3248422138,-128.5861883
3248734335,-77.34909821
3249046533,-138.7925177
3249358730,-96.92001247
3249670927,-134.3192205
3249983124,-78.27197266
3250295322,-132.0257483
3250607519,-78.39276123
3250919716,-135.1965246
3251231913,-79.49909974
3251544111,-142.4675207
3251856308,-77.09391785
3252168505,-131.3129034
3252480703,-94.62097072
3252792900,-132.183341
3253105097,-82.78578959
3253417294,-130.9018774
3253729492,-75.98127747
3254041689,-134.9406042
3254353886,-87.03718819
3254666083,-132.574378
3254978281,-76.18758392
3255290478,-131.3722754
3255602675,-84.95563558
3255914872,-132.1243811
3256227070,-77.02372742
3256539267,-131.5418463
3256851464,-81.53649906
3257163661,-132.3909521
3257475859,-90.83373092
3257788056,-137.8003454
3258100253,-78.46498871
3258412450,-137.4632788
3258724648,-79.54487611
3259036845,-136.8300238
3259349042,-80.76292421
3259661239,-133.7972021
3259973437,-77.46700287
3260285634,-137.7982702
3260597831,-89.46846839
3260910028,-132.6698828
3261222226,-77.16707611
3261534423,-135.7249975
3261846620,-89.10171198
3262158817,-132.3663244
3262471015,-83.7322466
3262783212,-130.096839
3263095409,-76.45930481
3263407606,-127.1276846
3263719804,-84.09822872
3264032001,-134.5461187
3264344198,-76.40270233
3264656396,-132.4111242
3264968593,-82.98772442
3265280790,-129.202384
3265592987,-87.26357564
3265905185,-129.6506872
3266217382,-76.64299774
3266529579,-131.379981
3266841776,-90.48920979
3267153974,-127.4002905
3267466171,-78.07684326
3267778368,-130.9074011
3268090565,-80.31103517
3268402763,-137.3094244
3268714960,-79.62313081
3269027157,-131.5394354
3269339354,-79.03076172
3269651552,-131.8914557
3269963749,-86.13611725
3270275946,-135.4830847
3270588143,-79.99497987
3270900341,-134.8525
3271212538,-76.94130707
3271524735,-130.7794714
3271836932,-81.479538
3272149130,-128.8877325
3272461327,-76.78548431
3272773524,-137.7069616
3273085721,-84.97414448
3273397919,-133.2047338
3273710116,-76.39595032
3274022313,-132.8688574
3274334510,-85.4371345
3274646708,-131.0667791
3274958905,-86.87172149
3275271102,-135.4609594
3275583299,-76.60097504
3275895497,-130.6074286
3276207694,-82.50544746
3276519891,-138.1074591
3276832089,-77.10953522
3277144286,-135.1052313
3277456483,-80.85769655
3277768680,-128.1034765
3278080878,-86.8760855
3278393075,-141.1206579
3278705272,-79.15703583
3279017469,-133.3251867
3279329667,-85.47674633
3279641864,-129.8614264
3279954061,-79.25624085
3280266258,-132.3227453
3280578456,-78.20265961
3280890653,-135.1462164
3281202850,-80.78727724
3281515047,-128.1465368
3281827245,-78.36698151
3282139442,-129.7272253
3282451639,-82.37516791
3282763836,-133.2209539
3283076034,-80.3127823
3283388231,-137.0564337
3283700428,-77.74990845
3284012625,-135.2160101
3284324823,-81.65373234
3284637020,-132.304038
3284949217,-76.73685455
3285261414,-133.6120672
3285573612,-85.05471089
3285885809,-133.3407202
3286198006,-76.68804169
3286510203,-128.8280554
3286822401,-83.57939164
3287134598,-131.5839148
3287446795,-83.48663345
3287758992,-126.4509649
3288071190,-76.52957153
3288383387,-128.4527807
3288695584,-86.29599127
3289007781,-134.6040411
3289319979,-77.29506683
3289632176,-131.270957
3289944373,-82.55485542
3290256571,-143.0025854
3290568768,-77.5960846
3290880965,-131.8938665
3291193162,-81.41906741
3291505360,-139.633338
3291817557,-85.77708519
3292129754,-141.0949621
3292441951,-78.63555909
3292754149,-136.9762335
3293066346,-80.02149201
3293378543,-132.9089422
3293690740,-78.99830628
3294002938,-132.3193731
3294315135,-79.27890015
3294627332,-130.72367
3294939529,-84.06465171
3295251727,-126.3859167
3295563924,-78.84718323
3295876121,-134.4759436
3296188318,-83.42127241
3296500516,-129.5840521
3296812713,-79.55241395
3297124910,-129.3766394
3297437107,-77.95965576
3297749305,-127.7258215
3298061502,-80.77503969
3298373699,-137.0843573
3298685896,-77.71020508
3298998094,-129.7495337
3299310291,-84.03491232
3299622488,-128.0678473
3299934685,-81.73808292
3300246883,-136.2235327
3300559080,-77.75514984
3300871277,-136.4584723
3301183474,-82.11455541
3301495672,-140.058692
3301807869,-77.41366577
3302120066,-127.7585516
3302432264,-82.29560857
3302744461,-128.4337225
3303056658,-76.90681458
3303368855,-133.8360052
3303681053,-83.25936138
3303993250,-131.8778906
3304305447,-82.47494513
3304617644,-129.1473608
3304929842,-77.24784088
3305242039,-134.7223425
3305554236,-81.60062412
3305866433,-131.8580542
3306178631,-77.21722412
3306490828,-129.2436438
3306803025,-81.20915987
3307115222,-127.4339972
3307427420,-83.37477887
3307739617,-130.582221
3308051814,-78.07711792
3308364011,-131.3521948
3308676209,-82.59232337
3308988406,-129.5976629
3309300603,-76.56340027
3309612800,-133.7439337
3309924998,-81.88924412
3310237195,-133.2579107
3310549392,-77.76748657
3310861589,-135.369132
3311173787,-80.30056764
3311485984,-129.4489813
3311798181,-82.56834418
3312110378,-129.1011114
3312422576,-77.45661926
3312734773,-138.1854315
3313046970,-80.4960785
3313359167,-133.7395544
3313671365,-77.89342499
3313983562,-126.062171
3314295759,-79.94365693
3314607956,-138.1479559
3314920154,-82.00491337
3315232351,-132.5254583
3315544548,-77.37825012
3315856746,-136.2711859
3316168943,-81.4032593
3316481140,-129.0965033
3316793337,-79.36430359
3317105535,-133.2582006
3317417732,-80.63918306
3317729929,-132.9140081
3318042126,-78.04241181
3318354324,-129.4448767
3318666521,-80.71513368
3318978718,-130.5176458
3319290915,-81.1955414
3319603113,-134.6021795
3319915310,-78.91552735
3320227507,-132.5004034
3320539704,-80.80371095
3320851902,-130.9214849
3321164099,-78.77206421
3321476296,-140.9582281
3321788493,-79.20319367
3322100691,-132.4540014
3322412888,-80.73820497
3322725085,-135.7550726
3323037282,-78.83517456
3323349480,-133.6852026
3323661677,-82.05465702
3323973874,-129.4855108
3324286071,-79.59601594
3324598269,-134.3556585
3324910466,-78.67486573
3325222663,-134.8992224
3325534860,-79.00751496
3325847058,-135.4222326
3326159255,-78.94329834
3326471452,-128.8626471
3326783649,-82.13411717
3327095847,-125.1303549
3327408044,-80.43392945
3327720241,-138.8645697
3328032439,-79.41503144
3328344636,-131.8632879
3328656833,-78.87677765
3328969030,-135.2606268
3329281228,-79.79370118
3329593425,-133.5045843
3329905622,-81.15820314
3330217819,-134.8279333
3330530017,-78.81053925
3330842214,-131.5461645
3331154411,-80.09860993
3331466608,-139.7764349
3331778806,-79.13262177
3332091003,-134.3618841
3332403200,-78.81191254
3332715397,-133.570075
3333027595,-80.07793427
3333339792,-131.5193243
3333651989,-79.13694001
3333964186,-133.4173956
3334276384,-80.37429811
3334588581,-135.0280981
3334900778,-79.83604432
3335212975,-137.5670233
3335525173,-79.79681397
3335837370,-137.3786077
3336149567,-80.08977509
3336461764,-129.6813421
3336773962,-79.49053193
3337086159,-134.3530493
3337398356,-80.29647828
3337710553,-135.8424902
3338022751,-79.83833314
3338334948,-127.9908895
3338647145,-80.69058229
3338959342,-135.7427282
3339271540,-79.93479157
3339583737,-131.4401312
3339895934,-78.98130036
3340208132,-130.1725683
3340520329,-79.15896607
3340832526,-130.8160467
3341144723,-79.88108826
3341456921,-129.6486425
3341769118,-81.61888888
3342081315,-130.8830175
3342393512,-79.7231598
3342705710,-132.6627111
3343017907,-79.33111573
3343330104,-138.2302618
3343642301,-79.00889588
3343954499,-139.5645819
3344266696,-79.60460663
3344578893,-131.5115576
3344891090,-81.21158602
3345203288,-131.8272619
3345515485,-79.66863251
3345827682,-137.0471869
3346139879,-81.19697573
3346452077,-135.6769476
3346764274,-78.80957794
3347076471,-128.4911413
3347388668,-80.37614442
3347700866,-142.2561865
3348013063,-78.8537674
3348325260,-130.076499
3348637457,-81.45806124
3348949655,-141.2927771
3349261852,-79.80045319
3349574049,-136.4521551
3349886246,-79.11075592
3350198444,-133.2482519
3350510641,-80.03792573
3350822838,-134.9926672
3351135035,-78.63461304
3351447233,-132.5119238
3351759430,-80.80970003
3352071627,-138.5645514
3352383824,-80.63593293
3352696022,-130.4372931
3353008219,-78.06847382
3353320416,-134.096961
3353632614,-81.88982394
3353944811,-130.8959875
3354257008,-78.76454926
3354569205,-136.7317877
3354881403,-80.56775666
3355193600,-127.8556433
3355505797,-79.30187226
3355817994,-150.0099707
3356130192,-81.85398868
3356442389,-143.2952795
3356754586,-80.83871461
3357066783,-134.8814001
3357378981,-77.5701294
3357691178,-135.9202795
3358003375,-81.22097017
3358315572,-131.9953985
3358627770,-79.06066895
3358939967,-129.4411688
3359252164,-80.75070192
3359564361,-130.1860723
3359876559,-81.41622927
3360188756,-132.0595312
3360500953,-78.87638855
3360813150,-144.9573126
3361125348,-81.99069217
3361437545,-130.6947851
3361749742,-79.07704926
3362061939,-130.8061285
3362374137,-81.08380128
3362686334,-132.0683966
3362998531,-78.94699097
3363310728,-133.6488867
3363622926,-79.58455658
3363935123,-131.9052649
3364247320,-81.87500003
3364559517,-135.960288
3364871715,-79.21343995
3365183912,-138.8401556
3365496109,-79.86277009
3365808307,-129.2621069
3366120504,-79.40528107
3366432701,-127.93225
3366744898,-80.12001801
3367057096,-140.5603094
3367369293,-81.53955843
3367681490,-134.4915838
3367993687,-79.88632966
3368305885,-134.2023993
3368618082,-80.57828523
3368930279,-131.2226019
3369242476,-80.55294038
3369554674,-138.0490789
3369866871,-80.27111054
3370179068,-127.1253576
3370491265,-80.51181031
3370803463,-137.6265173
3371115660,-80.18514252
3371427857,-133.8272619
3371740054,-79.5916977
3372052252,-128.4905462
3372364449,-80.7179947
3372676646,-135.6462622
3372988843,-79.24188996
3373301041,-134.7485418
3373613238,-80.83854676
3373925435,-132.1656256
3374237632,-81.00723268
3374549830,-133.0383673
3374862027,-80.04557801
3375174224,-134.5740423
3375486421,-81.91563418
3375798619,-129.9898748
3376110816,-79.65314484
3376423013,-134.3866491
3376735210,-81.98915103
3377047408,-130.4440985
3377359605,-81.68305971
3377671802,-130.2519293
3377983999,-79.10749054
3378296197,-130.6969366
3378608394,-82.11669925
3378920591,-136.0476599
3379232789,-78.72755432
3379544986,-133.1126928
3379857183,-79.63484192
3380169380,-130.5257177
3380481578,-80.42701722
3380793775,-133.8463659
3381105972,-79.42551423
3381418169,-133.8620214
3381730367,-82.32578281
3382042564,-139.0876226
3382354761,-80.31153107
3382666958,-128.8259192
3382979156,-80.7960663
3383291353,-133.6215887
3383603550,-82.20515445
3383915747,-133.4505682
3384227945,-80.57527162
3384540142,-129.6629095
3384852339,-80.11982728
3385164536,-134.7547674
3385476734,-80.50514222
3385788931,-131.8835821
3386101128,-81.31157686
3386413325,-133.3022223
3386725523,-81.79022982
3387037720,-132.2029638
3387349917,-81.07682039
3387662114,-132.202445
3387974312,-81.04616548
3388286509,-128.8292913
3388598706,-82.60884861
3388910903,-130.082572
3389223101,-79.60684967
3389535298,-133.3010626
3389847495,-80.82264711
3390159692,-134.4580755
3390471890,-81.7488785
3390784087,-131.6192236
3391096284,-80.75618745
3391408482,-133.3546209
3391720679,-82.2424393
3392032876,-138.3692999
3392345073,-79.61083985
3392657271,-134.1451025
3392969468,-81.51674654
3393281665,-138.3094549
3393593862,-80.66516877
3393906060,-133.9904547
3394218257,-81.08281709
3394530454,-131.4330816
3394842651,-83.85079967
3395154849,-129.6282873
3395467046,-80.912735
3395779243,-131.9486914
3396091440,-82.28286746
3396403638,-135.1363287
3396715835,-82.24045566
3397028032,-133.244071
3397340229,-81.13164522
3397652427,-130.9468756
3397964624,-80.84597016
3398276821,-129.8366003
3398589018,-82.54315189
3398901216,-135.09307
3399213413,-81.81724551
3399525610,-130.9930792
3399837807,-82.20182803
3400150005,-127.8614874
3400462202,-80.7557068
3400774399,-140.636878
3401086596,-82.22261813
3401398794,-136.8210669
3401710991,-83.02662664
3402023188,-130.7056494
3402335385,-81.77280428
3402647583,-133.6622839
3402959780,-81.56553652
3403271977,-127.2683096
3403584175,-82.42024997
3403896372,-130.7033911
3404208569,-80.61596681
3404520766,-128.9681921
3404832964,-84.18774427
3405145161,-136.4630499
3405457358,-81.52872469
3405769555,-134.4632788
3406081753,-82.32905582
3406393950,-132.1849585
3406706147,-84.47064225
3407018344,-131.7983618
3407330542,-81.26776887
3407642739,-129.1518316
3407954936,-83.13155371
3408267133,-133.7657537
3408579331,-82.07176211
3408891528,-128.3330908
3409203725,-81.44190218
3409515922,-131.3970251
3409828120,-81.7674637
3410140317,-130.8311071
3410452514,-81.41835023
3410764711,-134.372016
3411076909,-81.0538025
3411389106,-134.9908056
3411701303,-84.78579732
3412013500,-139.1769934
3412325698,-80.82521058
3412637895,-133.0939093
3412950092,-86.20639859
3413262289,-133.4363623
3413574487,-84.64611071
3413886684,-134.4733496
3414198881,-80.33569337
3414511078,-129.9284887
3414823276,-83.12696081
3415135473,-137.0007544
3415447670,-81.93267061
3415759867,-129.3897467
3416072065,-83.36210639
3416384262,-133.3422155
3416696459,-83.55390938
3417008657,-136.4884558
3417320854,-82.84909062
3417633051,-134.8076391
3417945248,-81.66582491
3418257446,-130.5890875
3418569643,-84.57909409
3418881840,-132.4389105
3419194037,-81.41076662
3419506235,-130.5045385
3419818432,-82.07072451
3420130629,-140.7117071
3420442826,-83.35565955
3420755024,-138.7389135
3421067221,-81.32849122
3421379418,-134.6958227
3421691615,-83.17295843
3422003813,-138.7730322
3422316010,-81.51913454
3422628207,-128.4917822
3422940404,-82.66247562
3423252602,-130.8301306
3423564799,-84.77740497
3423876996,-133.6880865
3424189193,-81.44131471
3424501391,-134.1949682
3424813588,-82.27597812
3425125785,-137.2829504
3425437982,-84.76940173
3425750180,-135.0742559
3426062377,-81.92938997
3426374574,-132.4348669
3426686771,-82.16287997
3426998969,-134.0706244
3427311166,-83.90372476
3427623363,-137.2519445
3427935560,-80.79472352
3428247758,-133.4572515
3428559955,-86.08017017
3428872152,-131.7387457
3429184350,-87.59980169
3429496547,-134.3798895
3429808744,-80.92929841
3430120941,-129.9854956
3430433139,-86.69319231
3430745336,-144.2819891
3431057533,-81.9915848
3431369730,-134.639411
3431681928,-82.59841922
3431994125,-131.3959112
3432306322,-84.70893877
3432618519,-130.8841772
3432930717,-82.99411778
3433242914,-129.1847906
3433555111,-81.70481874
3433867308,-133.5787573
3434179506,-86.00103805
3434491703,-129.9258947
3434803900,-80.5343628
3435116097,-133.6238775
3435428295,-85.77717629
3435740492,-136.6971655
3436052689,-86.94477938
3436364886,-144.6820288
3436677084,-81.87275698
3436989281,-133.0470343
3437301478,-84.53962722
3437613675,-128.5350409
3437925873,-83.17095952
3438238070,-130.9483557
3438550267,-84.70087449
3438862464,-130.7974768
3439174662,-83.61148078
3439486859,-134.8452826
3439799056,-85.84179727
3440111253,-130.9409246
3440423451,-84.08816539
3440735648,-131.8041296
3441047845,-89.67112715
3441360043,-134.4774694
3441672240,-87.94880875
3441984437,-139.5180426
3442296634,-82.63265995
3442608832,-132.0088415
3442921029,-89.21880866
3443233226,-133.4482336
3443545423,-84.01950846
3443857621,-134.4393072
3444169818,-86.24453789
3444482015,-135.280448
3444794212,-83.63001258
3445106410,-128.7053595
3445418607,-86.31732234
3445730804,-130.4592962
3446043001,-82.28804782
3446355199,-135.7644415
3446667396,-88.53465579
3446979593,-136.2094641
3447291790,-82.74079136
3447603988,-137.8788824
3447916185,-89.87667944
3448228382,-136.2697515
3448540579,-91.46600061
3448852777,-142.3870001
3449164974,-82.6147919
3449477171,-128.33393
3449789368,-85.1889193
3450101566,-133.8757391
3450413763,-84.69321458
3450725960,-128.777854
3451038157,-86.41481841
3451350355,-131.5004492
3451662552,-83.18735509
3451974749,-127.0559225
3452286946,-87.47755568
3452599144,-136.2900457
3452911341,-82.49139407
3453223538,-141.7274847
3453535735,-91.78139284
3453847933,-130.7567358
3454160130,-89.68204467
3454472327,-137.8139715
3454784525,-83.28553014
3455096722,-131.5666571
3455408919,-87.78886584
3455721116,-129.5525732
3456033314,-85.81005897
3456345511,-128.3248816
3456657708,-85.95301861
3456969905,-129.928153
3457282103,-83.08788304
3457594300,-144.7705755
3457906497,-89.70122502
3458218694,-142.252326
3458530892,-81.76207735
3458843089,-134.5887976
3459155286,-90.32154503
3459467483,-134.2804937
3459779681,-83.03575139
3460091878,-129.8660345
3460404075,-87.87609281
3460716272,-133.8147192
3461028470,-85.42641477
3461340667,-141.2514105
3461652864,-86.74916916
3461965061,-134.2421942
3462277259,-84.16941081
3462589456,-137.08039
3462901653,-94.16002556
3463213850,-133.2850409
3463526048,-91.45458689
3463838245,-132.3956366
3464150442,-81.90908052
3464462639,-132.4770727
3464774837,-91.00968441
3465087034,-134.0893927
3465399231,-82.77236942
3465711428,-136.1867743
3466023626,-86.00154919
3466335823,-130.5283575
3466648020,-86.45928253
3466960218,-138.2134619
3467272415,-90.29405592
3467584612,-131.8318701
3467896809,-82.1023102
3468209007,-131.2143927
3468521204,-94.07652184
3468833401,-134.539115
3469145598,-99.36278439
3469457796,-132.8456945
3469769993,-81.74326326
3470082190,-130.3467779
3470394387,-87.95628546
3470706585,-132.9600744
3471018782,-84.64599624
3471330979,-133.059165
3471643176,-89.24289447
3471955374,-132.3637762
3472267571,-84.21064769
3472579768,-133.8107367
3472891965,-91.82889346
3473204163,-139.1036139
3473516360,-81.35809327
3473828557,-135.8682928
3474140754,-96.77107143
3474452952,-135.2552252
3474765149,-83.8647004
3475077346,-129.3006353
3475389543,-90.51281546
3475701741,-129.7061834
3476013938,-85.40265682
3476326135,-135.0269995
3476638332,-89.12939151
3476950530,-136.98841
3477262727,-80.62310029
3477574924,-130.2871313
3477887121,-96.38076687
3478199319,-132.3477545
3478511516,-95.5508871
3478823713,-132.3160162
3479135910,-82.64672092
3479448108,-132.8604803
3479760305,-86.62920447
3480072502,-134.1155767
3480384700,-86.32978874
3480696897,-139.6161871
3481009094,-87.28480641
3481321291,-132.4729376
3481633489,-81.45929719
3481945686,-133.1699896
3482257883,-91.77889028
3482570080,-136.2857122
3482882278,-82.33673861
3483194475,-127.9217291
3483506672,-91.34667623
3483818869,-153.0083838
3484131067,-90.49741902
3484443264,-134.8984137
3484755461,-85.09448263
3485067658,-130.9425879
3485379856,-84.12837229
3485692053,-129.678092
3486004250,-93.3955449
3486316447,-137.5753241
3486628645,-91.02937573
3486940842,-135.0724554
3487253039,-82.59923557
3487565236,-132.1955175
3487877434,-91.29976286
3488189631,-136.7421637
3488501828,-83.32601934
3488814025,-136.9813452
3489126223,-88.00275612
3489438420,-132.2589788
3489750617,-84.52683271
3490062814,-134.5941992
3490375012,-90.68080862
3490687209,-133.5950232
3490999406,-81.33419801
3491311603,-138.1593084
3491623801,-91.9786434
3491935998,-133.2950964
3492248195,-82.28514101
3492560393,-141.3238745
3492872590,-87.94301787
3493184787,-138.9209661
3493496984,-84.68389907
3493809182,-129.8110266
3494121379,-89.35255966
3494433576,-132.2557592
3494745773,-82.42758181
3495057971,-135.7580633
3495370168,-100.250144
3495682365,-133.7145452
3495994562,-100.3724737
3496306760,-130.9860601
3496618957,-83.33328252
3496931154,-131.7786474
3497243351,-85.32088495
3497555549,-146.2190161
3497867746,-89.5147689
3498179943,-132.9588842
3498492140,-88.461932
3498804338,-136.8169012
3499116535,-82.02201845
3499428732,-138.4708471
3499740929,-96.36612606
3500053127,-133.5600653
3500365324,-82.65214542
3500677521,-130.7909307
3500989718,-88.95727932
3501301916,-138.396903
3501614113,-85.08132955
3501926310,-137.1674566
3502238507,-88.30928279
3502550705,-131.0859747
3502862902,-82.30570223
3503175099,-132.9204931
3503487296,-95.45972347
3503799494,-129.7383184
3504111691,-97.8344183
3504423888,-130.0110998
3504736086,-83.18502049
3505048283,-130.4220343
3505360480,-84.99013538
3505672677,-135.4285345
3505984875,-89.43294335
3506297072,-133.64643
3506609269,-91.52102372
3506921466,-133.0806341
3507233664,-81.86183931
3507545861,-135.1738501
3507858058,-96.6437521
3508170255,-131.2699804
3508482453,-83.78466042
3508794650,-135.8707952
3509106847,-89.42174339
3509419044,-130.8321753
3509731242,-85.9507374
3510043439,-132.4998541
3510355636,-89.59393965
3510667833,-149.9400091
3510980031,-82.6562424
3511292228,-140.8636541
3511604425,-91.21691498
3511916622,-135.5171118
3512228820,-84.25715648
3512541017,-137.5860662
3512853214,-87.28300588
3513165411,-138.540122
3513477609,-82.54130557
3513789806,-130.202384
3514102003,-91.25704581
3514414200,-131.7047033
3514726398,-81.56038667
3515038595,-141.3214636
3515350792,-87.53186172
3515662989,-150.5465002
3515975187,-88.04348957
3516287384,-134.0487432
3516599581,-84.274109
3516911778,-135.2842932
3517223976,-81.61521913
3517536173,-132.3946295
3517848370,-94.20701501
3518160568,-134.7237616
3518472765,-96.33476925
3518784962,-134.4188757
3519097159,-83.43966681
3519409357,-132.3060369
3519721554,-88.01622972
3520033751,-138.1340551
3520345948,-87.93558691
3520658146,-131.5936804
3520970343,-87.79797533
3521282540,-139.1508551
3521594737,-81.4839554
3521906935,-138.1599951
3522219132,-90.86158934
3522531329,-135.3045874
3522843526,-82.7182999
3523155724,-139.349494
3523467921,-86.10103654
3523780118,-136.8314276
3524092315,-83.91221627
3524404513,-132.9735785
3524716710,-88.72440691
3525028907,-128.783515
3525341104,-80.80602265
3525653302,-133.5060492
3525965499,-89.64125779
3526277696,-129.90763
3526589893,-88.96346712
3526902091,-138.4084539
3527214288,-84.583069
3527526485,-131.4190283
3527838682,-81.56523897
3528150880,-131.5989141
3528463077,-87.9817983
3528775274,-134.3400488
3529087471,-81.75229646
3529399669,-131.5081701
3529711866,-85.57231935
3530024063,-134.1155462
3530336261,-87.21105308
3530648458,-129.985755
3530960655,-85.99308822
3531272852,-133.7322912
3531585050,-81.75453188
3531897247,-129.3077917
3532209444,-87.25756192
3532521641,-135.6339483
3532833839,-87.81299775
3533146036,-137.3020849
3533458233,-82.69692234
3533770430,-128.2790899
3534082628,-82.85916905
3534394825,-128.9447699
3534707022,-87.11354173
3535019219,-135.600913
3535331417,-89.85247928
3535643614,-136.3018713
3535955811,-82.59038547
3536268008,-131.8391485
3536580206,-86.35308899
3536892403,-129.532752
3537204600,-85.22110774
3537516797,-136.2271032
3537828995,-87.27361422
3538141192,-134.5608282
3538453389,-81.15950013
3538765586,-134.566535
3539077784,-86.51333688
3539389981,-135.0271673
3539702178,-82.40633395
3540014375,-135.9250555
3540326573,-84.3724214
3540638770,-131.7518377
3540950967,-81.61615755
3541263164,-133.6322851
3541575362,-88.28398409
3541887559,-139.2101965
3542199756,-81.88463595
3542511953,-134.6335058
3542824151,-83.46009071
3543136348,-143.4965887
3543448545,-84.40423598
3543760743,-130.4886847
3544072940,-86.78884977
3544385137,-128.8208685
3544697334,-80.7804947
3545009532,-130.2559423
3545321729,-87.16536833
3545633926,-128.901206
3545946123,-87.83097277
3546258321,-132.9026861
3546570518,-83.93922435
3546882715,-148.496314
3547194912,-81.81353762
3547507110,-135.7566748
3547819307,-88.45270866
3548131504,-133.7177038
3548443701,-89.17563439
3548755899,-142.0016546
3549068096,-82.86668401
3549380293,-135.7618017
3549692490,-83.1802445
3550004688,-143.6121435
3550316885,-86.98035539
3550629082,-131.445014
3550941279,-87.28730911
3551253477,-129.6566534
3551565674,-81.16503145
3551877871,-138.7020025
3552190068,-85.46929966
3552502266,-134.0099249
3552814463,-84.91123222
3553126660,-131.2955389
3553438857,-85.80907485
3553751055,-134.3070593
3554063252,-82.3311005
3554375449,-136.8732061
3554687646,-86.25320498
3554999844,-133.3430548
3555312041,-83.22869116
3555624238,-130.8065405
3555936436,-85.97122244
3556248633,-134.4861212
3556560830,-81.08878328
3556873027,-132.6169195
3557185225,-89.98788819
3557497422,-133.0811529
3557809619,-81.10812379
3558121816,-131.8234167
3558434014,-84.19093336
3558746211,-130.5847998
3559058408,-83.04197698
3559370605,-131.8633337
3559682803,-85.7242436
3559995000,-130.1168737
3560307197,-80.87761689
3560619394,-128.0194616
3560931592,-84.73394033
3561243789,-132.2880774
3561555986,-83.45304878
3561868183,-134.2732458
3562180381,-86.80152994
3562492578,-135.9453344
3562804775,-81.55638887
3563116972,-131.7232275
3563429170,-86.20864933
3563741367,-137.136878
3564053564,-82.97135931
3564365761,-144.1784124
3564677959,-84.25099197
3564990156,-150.8399878
3565302353,-80.72854615
3565614550,-147.9143133
3565926748,-85.25733216
3566238945,-129.0919561
3566551142,-83.04160315
3566863339,-139.2077246
3567175537,-83.22544105
3567487734,-139.455512
3567799931,-82.49502567
3568112129,-132.8676519
3568424326,-89.64460151
3568736523,-137.255332
3569048720,-81.98592379
3569360918,-124.9077597
3569673115,-83.34493263
3569985312,-135.5159369
3570297509,-84.10643019
3570609707,-132.7078619
3570921904,-86.66705418
3571234101,-136.6898565
3571546298,-82.83226018
3571858496,-129.6940985
3572170693,-84.97470882
3572482890,-132.2054815
3572795087,-84.6235201
3573107285,-137.9704351
3573419482,-85.98986874
3573731679,-129.7693853
3574043876,-80.46398927
3574356074,-133.8961554
3574668271,-83.71913157
3574980468,-136.715476
3575292665,-84.7253649
3575604863,-129.7219305
3575917060,-84.42488116
3576229257,-134.306571
3576541454,-80.55480958
3576853652,-134.2581701
3577165849,-85.54367107
3577478046,-129.6965246
3577790243,-86.54696745
3578102441,-127.3683538
3578414638,-83.04142004
3578726835,-135.3947058
3579039032,-81.92957309
3579351230,-132.8210516
3579663427,-85.11489136
3579975624,-133.6009283
3580287821,-87.72655712
3580600019,-138.1898718
3580912216,-82.49597935
3581224413,-129.7211676
3581536611,-82.88398748
3581848808,-137.8884802
3582161005,-86.37342915
3582473202,-130.9381475
3582785400,-88.53558012
3583097597,-135.7203436
3583409794,-82.5590363
3583721991,-138.1551428
3584034189,-81.23023225
3584346386,-131.1982031
3584658583,-84.30811327
3584970780,-131.2393255
3585282978,-87.48814586
3585595175,-140.4759741
3585907372,-82.33767704
3586219569,-136.8718023
3586531767,-82.67129521
3586843964,-130.030982
3587156161,-85.0149768
3587468358,-127.6938467
3587780556,-87.21313636
3588092753,-130.1933203
3588404950,-82.31180576
3588717147,-136.7489233
3589029345,-82.60427098
3589341542,-132.0563116
3589653739,-87.0895553
3589965936,-130.6349096
3590278134,-88.05522464
3590590331,-135.3612585
3590902528,-82.72983556
3591214725,-126.3523626
3591526923,-82.45346074
3591839120,-133.7016973
3592151317,-87.53331203
3592463514,-131.7996435
3592775712,-85.41224712
3593087909,-131.4350805
3593400106,-80.33747102
3593712304,-128.8951025
3594024501,-83.83646405
3594336698,-131.3431311
3594648895,-86.23085863
3594961093,-132.1765203
3595273290,-85.86923277
3595585487,-133.626502
3595897684,-81.63228609
3596209882,-136.030448
3596522079,-83.19839485
3596834276,-129.4777136
3597146473,-84.73584773
3597458671,-130.7785254
3597770868,-87.79976157
3598083065,-139.4544134
3598395262,-81.55422976
3598707460,-132.5547857
3599019657,-83.3658143
3599331854,-131.0738592
3599644051,-86.38048644
3599956249,-132.2610083
3600268446,-85.08398037
3600580643,-128.085288
3600892840,-81.98120151
3601205038,-127.4502401
3601517235,-82.50733997
3601829432,-126.9592276
3602141629,-87.15943295
3602453827,-128.9670019
3602766024,-86.39428906
3603078221,-132.7246618
3603390418,-80.89026656
3603702616,-124.3176489
3604014813,-82.8634955
3604327010,-130.1698828
3604639207,-84.33329965
3604951405,-123.2077475
3605263602,-85.05273006
3605575799,-128.352973
3605887996,-80.66067516
3606200194,-133.5503607
3606512391,-81.44551107
3606824588,-127.5318975
3607136786,-87.68507026
3607448983,-131.1565313
3607761180,-88.50078411
3608073377,-128.8833075
3608385575,-81.92594939
3608697772,-132.5432196
3609009969,-83.53391364
3609322166,-126.5894232
3609634364,-84.39298437
3609946561,-128.1503515
3610258758,-87.86182853
3610570955,-134.3303595
3610883153,-83.14051127
3611195350,-141.2320776
3611507547,-82.65831805
3611819744,-131.4860144
3612131942,-85.82729888
3612444139,-128.4697638
3612756336,-87.65575756
3613068533,-135.583869
3613380731,-81.76808953
3613692928,-131.044837
3614005125,-83.21216655
3614317322,-133.0548162
3614629520,-84.47839544
3614941717,-131.8134375
3615253914,-87.75321571
3615566111,-126.7312765
3615878309,-83.45374383
3616190506,-130.1493902
3616502703,-80.53156289
3616814900,-142.3794012
3617127098,-85.92593175
3617439295,-125.1825476
3617751492,-86.62405571
3618063689,-127.9936056
3618375887,-83.58354277
3618688084,-125.2948446
3619000281,-82.88381248
3619312479,-133.0681982
3619624676,-85.16572107
3619936873,-135.5088568
3620249070,-86.27466515
3620561268,-130.5633917
3620873465,-82.62268871
3621185662,-130.5640478
3621497859,-80.63388071
3621810057,-126.8091879
3622122254,-84.64949993
3622434451,-130.6322546
3622746648,-89.49341463
3623058846,-133.8166723
3623371043,-84.90217823
3623683240,-131.794776
3623995437,-82.62967722
3624307635,-126.6435385
3624619832,-83.06835994
3624932029,-134.211112
3625244226,-85.76935255
3625556424,-131.5329809
3625868621,-85.82636716
3626180818,-129.886405
3626493015,-82.41448245
3626805213,-130.5122747
3627117410,-82.39065584
3627429607,-127.2032766
3627741804,-83.27742067
3628054002,-130.4594793
3628366199,-86.69236837
3628678396,-131.6497717
3628990593,-82.59331549
3629302791,-128.1291113
3629614988,-82.91711471
3629927185,-130.0403814
3630239382,-83.89574528
3630551580,-144.7395391
3630863777,-84.33713664
3631175974,-131.5243444
3631488172,-82.86695904
3631800369,-132.3794928
3632112566,-82.66013372
3632424763,-130.4837866
3632736961,-83.01921128
3633049158,-125.9944906
3633361355,-86.30554773
3633673552,-130.1105719
3633985750,-84.9360524
3634297947,-133.6960058
3634610144,-84.52343893
3634922341,-137.5967474
3635234539,-81.84796924
3635546736,-129.9729528
3635858933,-82.93536418
3636171130,-132.6661901
3636483328,-85.00464067
3636795525,-131.5708227
3637107722,-85.4916029
3637419919,-130.3953466
3637732117,-82.22596764
3638044314,-128.6157598
3638356511,-83.40817317
3638668708,-130.1610327
3638980906,-83.57175509
3639293103,-131.0801306
3639605300,-86.53031003
3639917497,-128.5861883
3640229695,-82.66570313
3640541892,-132.8374853
3640854089,-85.09730728
3641166286,-127.0620489
3641478484,-83.03917734
3641790681,-132.2812567
3642102878,-89.74959436
3642415075,-129.7476263
3642727273,-83.19068953
3643039470,-130.7953405
3643351667,-82.64653044
3643663864,-128.3484259
3643976062,-82.96298254
3644288259,-132.435111
3644600456,-85.30492618
3644912654,-129.9911261
3645224851,-85.72793876
3645537048,-127.9998846
3645849245,-85.82685405
3646161443,-136.7945623
3646473640,-83.25940748
3646785837,-135.0892096
3647098034,-87.79661433
3647410232,-127.2890158
3647722429,-86.65200618
3648034626,-131.4668188
3648346823,-84.0669182
3648659021,-132.5204229
3648971218,-82.87013276
3649283415,-130.8385687
3649595612,-82.81397277
3649907810,-129.3683996
3650220007,-88.29677071
3650532204,-134.0604162
3650844401,-84.96651608
3651156599,-136.0731726
3651468796,-83.10688817
3651780993,-131.8044195
3652093190,-82.04687516
3652405388,-144.596488
3652717585,-86.94866846
3653029782,-132.6072302
3653341979,-85.12798473
3653654177,-129.0961981
3653966374,-85.37983137
3654278571,-129.5310431
3654590768,-81.95405593
3654902966,-131.8524694
3655215163,-83.87714447
3655527360,-126.2659826
3655839557,-84.55819041
3656151755,-134.7255926
3656463952,-86.7002997
3656776149,-132.3544531
3657088347,-83.25026739
3657400544,-131.3730688
3657712741,-82.73483301
3658024938,-135.225379
3658337136,-83.35194436
3658649333,-129.7667608
3658961530,-88.09647307
3659273727,-132.1168432
3659585925,-85.49895675
3659898122,-131.5249853
3660210319,-83.7025304
3660522516,-127.1048422
3660834714,-82.82550837
3661146911,-130.5396948
3661459108,-86.79099792
3661771305,-137.9902411
3662083503,-90.2493884
3662395700,-129.899085
3662707897,-86.05411056
3663020094,-124.3008413
3663332292,-83.73000384
3663644489,-136.3263769
3663956686,-82.97425106
3664268883,-131.7357244
3664581081,-88.98140399
3664893278,-130.9439611
3665205475,-89.92335362
3665517672,-128.1377325
3665829870,-83.30058322
3666142067,-131.4829168
3666454264,-83.59285015
3666766461,-130.5206518
3667078659,-84.47232899
3667390856,-129.6642065
3667703053,-85.19820543
3668015250,-132.8425665
3668327448,-87.72763259
3668639645,-127.1870031
3668951842,-83.53971138
3669264040,-130.5976019
3669576237,-81.90644847
3669888434,-129.9153357
3670200631,-83.31728395
3670512829,-138.9357214
3670825026,-86.73450902
3671137223,-133.1258001
3671449420,-85.82000945
3671761618,-135.6882849
3672073815,-84.7048654
3672386012,-136.0518408
3672698209,-82.3888475
3673010407,-131.6294928
3673322604,-84.72423643
3673634801,-128.7894659
3673946998,-87.05815654
3674259196,-132.8828192
3674571393,-88.10962326
3674883590,-134.996253
3675195787,-85.60360889
3675507985,-132.9679785
3675820182,-82.62323778
3676132379,-130.1176977
3676444576,-87.6051716
3676756774,-126.7669058
3677068971,-88.39208933
3677381168,-127.613349
3677693365,-88.48374988
3678005563,-130.2883062
3678317760,-83.20374326
3678629957,-131.3919744
3678942154,-83.44753299
3679254352,-133.989768
3679566549,-86.27095328
3679878746,-130.7139502
3680190943,-91.53879446
3680503141,-130.5469122
3680815338,-83.77837416
3681127535,-136.3078833
3681439732,-84.53882679
3681751930,-137.2990942
3682064127,-83.85439348
3682376324,-132.0264502
3682688522,-85.33434444
3683000719,-125.6455297
3683312916,-90.43388243
3683625113,-126.5735464
3683937311,-85.5404528
3684249508,-129.1147528
3684561705,-84.52235493
3684873902,-132.1770239
3685186100,-84.21127383
3685498297,-142.3387823
3685810494,-85.20690293
3686122691,-128.7510748
3686434889,-90.09771588
3686747086,-129.9083929
3687059283,-90.43044159
3687371480,-134.0451422
3687683678,-84.34640575
3687995875,-127.5282507
3688308072,-83.64433331
3688620269,-134.6679602
3688932467,-85.17279953
3689244664,-143.0710058
3689556861,-88.91270088
3689869058,-131.4815893
3690181256,-94.80300808
3690493453,-129.7969122
3690805650,-84.02199612
3691117847,-130.0473089
3691430045,-85.12640517
3691742242,-127.9701757
3692054439,-84.1700446
3692366636,-130.024848
3692678834,-89.30338818
3692991031,-130.2032385
3693303228,-90.75688824
3693615425,-134.5046148
3693927623,-83.63953444
3694239820,-142.919425
3694552017,-83.66431472
3694864215,-125.4247961
3695176412,-84.16459723
3695488609,-137.2592688
3695800806,-85.52402687
3696113004,-134.3420935
3696425201,-88.80459222
3696737398,-134.424201
3697049595,-88.04077714
3697361793,-128.9803228
3697673990,-84.29679183
3697986187,-127.1405706
3698298384,-83.91588649
3698610582,-129.598731
3698922779,-87.38973293
3699234976,-130.3951941
3699547173,-92.14237879
3699859371,-134.8428259
3700171568,-91.37708182
3700483765,-130.4275885
3700795962,-84.08875341
3701108160,-127.7936392
3701420357,-83.99105897
3701732554,-129.8507757
3702044751,-86.61189738
3702356949,-131.3875799
3702669146,-88.79179039
3702981343,-127.6820898
3703293540,-88.71982207
3703605738,-129.6062078
3703917935,-84.53586676
3704230132,-130.0560369
3704542329,-86.21084188
3704854527,-133.6205359
3705166724,-84.16409377
3705478921,-129.5358191
3705791118,-88.45766737
3706103316,-132.1228552
3706415513,-94.35044765
3706727710,-128.839942
3707039907,-88.9303409
3707352105,-147.8704443
3707664302,-84.553094
3707976499,-129.796195
3708288697,-82.87308531
3708600894,-127.2247152
3708913091,-86.78447547
3709225288,-128.4521093
3709537486,-87.39453307
3709849683,-130.4195929
3710161880,-96.33363247
3710474077,-131.7667913
3710786275,-85.24862093
3711098472,-126.0380087
3711410669,-84.64602016
3711722866,-132.2945776
3712035064,-83.78840699
3712347261,-128.7066717
3712659458,-87.03615556
3712971655,-126.5724707
3713283853,-91.50389764
3713596050,-127.4816427
3713908247,-89.35352916
3714220444,-138.2073584
3714532642,-85.06521013
3714844839,-132.2316504
3715157036,-84.51773947
3715469233,-124.922019
3715781431,-84.89775237
3716093628,-130.3922033
3716405825,-90.15409735
3716718022,-126.3839178
3717030220,-96.04245663
3717342417,-129.9785528
3717654614,-89.87198512
3717966811,-127.0836859
3718279009,-85.30071472
3718591206,-129.3172064
3718903403,-83.68390718
3719215600,-131.7726965
3719527798,-87.60265857
3719839995,-130.8129187
3720152192,-93.46898556
3720464390,-127.3065939
3720776587,-93.51239681
3721088784,-138.6489172
3721400981,-84.47345089
3721713179,-135.0771856
3722025376,-84.42132683
3722337573,-132.1448431
3722649770,-83.66659611
3722961968,-128.2328253
3723274165,-87.01944061
3723586362,-128.8972692
3723898559,-96.84046841
3724210757,-130.5575476
3724522954,-91.90468501
3724835151,-125.2822256
3725147348,-88.08432277
3725459546,-136.5128088
3725771743,-84.68491512
3726083940,-136.0230322
3726396137,-86.35218586
3726708335,-132.492835
3727020532,-88.65665949
3727332729,-138.8240118
3727644926,-95.47289181
3727957124,-130.4020605
3728269321,-85.85886002
3728581518,-131.3277807
3728893715,-84.46658458
3729205913,-141.1447515
3729518110,-84.89695164
3729830307,-134.3235083
3730142504,-86.37167181
3730454702,-137.9089575
3730766899,-86.18836727
3731079096,-131.609519
3731391293,-94.89560604
3731703491,-141.007575
3732015688,-88.95628181
3732327885,-129.518012
3732640083,-88.1629755
3732952280,-131.5755224
3733264477,-83.85739226
3733576674,-130.6991796
3733888872,-86.98719268
3734201069,-129.8713293
3734513266,-94.28334713
3734825463,-132.9114599
3735137661,-96.28721523
3735449858,-135.1843176
3735762055,-89.35793171
3736074252,-134.3586798
3736386450,-84.49820865
3736698647,-125.649375
3737010844,-84.80951891
3737323041,-128.3514318
3737635239,-86.99418198
3737947436,-128.0042334
3738259633,-87.71633386
3738571830,-132.2004156
3738884028,-96.02595425
3739196225,-131.5526342
3739508422,-92.32524776
3739820619,-127.0464315
3740132817,-86.47998049
3740445014,-126.153182
3740757211,-84.81724002
3741069408,-124.5712957
3741381606,-87.4487619
3741693803,-124.0998983
3742006000,-88.14444443
3742318197,-135.7769995
3742630395,-95.75220394
3742942592,-127.5850897
3743254789,-87.75945616
3743566986,-129.9630346
3743879184,-88.15160859
3744191381,-131.2246161
3744503578,-83.47635734
3744815775,-128.1397924
3745127973,-86.41359746
3745440170,-130.2487555
3745752367,-83.82851521
3746064565,-132.8089666
3746376762,-95.97526455
3746688959,-131.7371283
3747001156,-96.88774776
3747313354,-125.9139166
3747625551,-88.09025307
3747937748,-130.9030981
3748249945,-85.44416448
3748562143,-129.6556005
3748874340,-84.03571458
3749186537,-126.0636663
3749498734,-85.32155221
3749810932,-130.6500921
3750123129,-85.84687609
3750435326,-129.1319342
3750747523,-97.04775906
3751059721,-130.6911688
3751371918,-88.89113478
3751684115,-131.3361425
3751996312,-86.94251083
3752308510,-131.1124182
3752620707,-82.02694734
3752932904,-128.2267675
3753245101,-83.33263484
3753557299,-139.2784491
3753869496,-90.27456565
3754181693,-129.6460638
3754493890,-95.00064754
3754806088,-125.4654531
3755118285,-91.34183406
3755430482,-128.643012
3755742679,-84.66461435
3756054877,-129.2843237
3756367074,-85.70646473
3756679271,-127.7487402
3756991468,-83.16254507
3757303666,-141.3058081
3757615863,-87.9775672
3757928060,-129.2672491
3758240258,-90.3533239
3758552455,-133.1444769
3758864652,-95.88562679
3759176849,-127.1103582
3759489047,-87.96712263
3759801244,-129.8521032
3760113441,-87.01728158
3760425638,-131.0651922
3760737836,-83.42312729
3761050033,-125.0611944
3761362230,-83.71312848
3761674427,-130.558219
3761986625,-88.01296023
3762298822,-131.0951605
3762611019,-89.89189809
3762923216,-129.0906897
3763235414,-93.05991268
3763547611,-128.8147955
3763859808,-85.33026609
3764172005,-131.2191992
3764484203,-88.69599782
3764796400,-131.9501715
3765108597,-82.85587385
3765420794,-131.5787268
3765732992,-85.46240028
3766045189,-138.159049
3766357386,-88.79946774
3766669583,-128.2157965
3766981781,-94.57356167
3767293978,-130.3762121
3767606175,-92.48824978
3767918372,-137.055747
3768230570,-84.30735256
3768542767,-127.216857
3768854964,-87.65397392
3769167161,-133.376792
3769479359,-81.90645638
3769791556,-125.483283
3770103753,-85.39637565
3770415950,-128.7130346
3770728148,-91.0911169
3771040345,-133.414115
3771352542,-94.31351376
3771664740,-126.0703344
3771976937,-92.17160702
3772289134,-127.404685
3772601331,-84.14064254
3772913529,-128.6030645
3773225726,-85.71237952
3773537923,-139.0498877
3773850120,-82.93768403
3774162318,-125.5987844
3774474515,-86.48347368
3774786712,-123.588439
3775098909,-84.93185862
3775411107,-127.7690496
3775723304,-89.79408164
3776035501,-129.3571234
3776347698,-91.39978695
3776659896,-125.5191565
3776972093,-90.825675
3777284290,-131.4154119
3777596487,-84.64985261
3777908685,-128.8194952
3778220882,-82.84104249
3778533079,-126.6645269
3778845276,-84.65915294
3779157474,-134.0946112
3779469671,-85.45716798
3779781868,-132.7128057
3780094065,-89.58077902
3780406263,-130.2006598
3780718460,-90.28545282
3781030657,-127.6113424
3781342854,-90.81815242
3781655052,-131.4828558
3781967249,-83.89416725
3782279446,-130.9337378
3782591643,-83.67135045
3782903841,-127.4772024
3783216038,-85.31087399
3783528235,-129.7730169
3783840433,-85.79506899
3784152630,-140.7895727
3784464827,-92.30354977
3784777024,-133.8891363
3785089222,-91.34799862
3785401419,-125.4210653
3785713616,-92.43557644
3786025813,-130.3472204
3786338011,-85.26760019
3786650208,-131.1716833
3786962405,-84.07980623
3787274602,-127.6783972
3787586800,-83.54757876
3787898997,-137.4044256
3788211194,-83.77087625
3788523391,-125.7437887
3788835589,-88.18258536
3789147786,-125.7546835
3789459983,-91.33533382
3789772180,-126.8334417
3790084378,-90.72373866
3790396575,-133.6579351
3790708772,-84.96169097
3791020969,-143.1443548
3791333167,-86.37117909
3791645364,-130.3320837
3791957561,-82.71105299
3792269758,-130.0210791
3792581956,-84.39319234
3792894153,-126.3374472
3793206350,-87.16452547
3793518547,-130.9718237
3793830745,-86.52205941
3794142942,-128.0855932
3794455139,-92.82768917
3794767336,-130.5114965
3795079534,-90.80280971
3795391731,-134.3029089
3795703928,-87.0640615
3796016126,-127.6721792
3796328323,-83.33484069
3796640520,-133.0488501
3796952717,-87.01308946
3797264915,-126.787055
3797577112,-83.66971829
3797889309,-125.6793737
3798201506,-85.59366146
3798513704,-130.8767157
3798825901,-88.21800112
3799138098,-129.4081793
3799450295,-94.83450222
3799762493,-137.8113165
3800074690,-91.75344753
3800386887,-126.9368429
3800699084,-84.33453785
3801011282,-129.7078466
3801323479,-86.23392661
3801635676,-128.4102392
3801947873,-82.59626879
3802260071,-136.5676031
3802572268,-82.59949603
3802884465,-128.1521368
3803196662,-86.80437928
3803508860,-126.9000921
3803821057,-86.26449772
3804133254,-133.2899237
3804445451,-91.97451687
3804757649,-134.0222235
3805069846,-86.49364797
3805382043,-129.8083868
3805694240,-88.53266033
3806006438,-142.5495367
3806318635,-83.9594223
3806630832,-133.4638128
3806943029,-84.46020954
3807255227,-135.6167364
3807567424,-82.26818168
3807879621,-128.292655
3808191818,-83.88240336
3808504016,-128.2414923
3808816213,-86.45131211
3809128410,-141.3310156
3809440608,-90.97661495
3809752805,-129.616416
3810065002,-88.91541186
3810377199,-125.4349203
3810689397,-85.56070966
3811001594,-134.9254522
3811313791,-88.61834608
3811625988,-125.9367361
3811938186,-83.22565629
3812250383,-122.5401525
3812562580,-82.66519275
3812874777,-128.7954931
3813186975,-84.65863542
3813499172,-127.9535437
3813811369,-84.93159343
3814123566,-127.5988607
3814435764,-87.897368
3814747961,-144.5997076
3815060158,-88.13872403
3815372355,-126.0303564
3815684553,-91.18018245
3815996750,-129.9485998
3816308947,-84.27867499
3816621144,-127.2413855
3816933342,-86.26257451
3817245539,-123.4236822
3817557736,-82.72780722
3817869933,-128.7677069
3818182131,-81.51619002
3818494328,-128.3152685
3818806525,-83.93516061
3819118722,-130.2080297
3819430920,-85.30243725
3819743117,-125.4679861
3820055314,-89.437499
3820367511,-132.3744726
3820679709,-87.47183808
3820991906,-137.3929205
3821304103,-91.72888088
3821616301,-130.2533026
3821928498,-83.82785291
3822240695,-132.5583563
3822552892,-82.97929516
3822865090,-129.713706
3823177287,-82.89433414
3823489484,-129.4604406
3823801681,-82.0685584
3824113879,-137.9205999
3824426076,-83.62838963
3824738273,-132.7609015
3825050470,-83.91745267
3825362668,-127.291503
3825674865,-89.0618581
3825987062,-127.2413549
3826299259,-88.48770026
3826611457,-132.3813238
3826923654,-90.29988001
3827235851,-135.1334906
3827548048,-85.66224896
3827860246,-141.066474
3828172443,-83.26176608
3828484640,-129.7423925
3828796837,-85.26136727
3829109035,-129.9612341
3829421232,-81.95690974
3829733429,-131.9644995
3830045626,-83.42955188
3830357824,-126.0569067
3830670021,-86.52495002
3830982218,-126.0016165
3831294415,-84.81163506
3831606613,-134.9346075
3831918810,-90.03393457
3832231007,-126.295989
3832543204,-86.07980063
3832855402,-128.2286901
3833167599,-88.73496133
3833479796,-131.2777777
3833791993,-82.91259873
3834104191,-135.0235815
3834416388,-85.52734398
3834728585,-129.8273993
3835040783,-82.07148798
3835352980,-129.6295385
3835665177,-82.2895972
3835977374,-135.9770117
3836289572,-85.01457727
3836601769,-122.3525839
3836913966,-84.80641606
3837226163,-125.0900564
3837538361,-88.1752076
3837850558,-128.73664
3838162755,-89.25466051
3838474952,-135.0833807
3838787150,-88.98844037
3839099347,-125.2997351
3839411544,-85.0401737
3839723741,-128.5759039
3840035939,-82.70290456
3840348136,-131.5985327
3840660333,-85.6608583
3840972530,-124.6973028
3841284728,-80.80054492
3841596925,-131.8818731
3841909122,-83.91503342
3842221319,-128.2474432
3842533517,-82.32960569
3842845714,-138.8832769
3843157911,-85.15600327
3843470108,-135.4186163
3843782306,-87.21146028
3844094503,-131.6335211
3844406700,-89.53663532
3844718897,-126.9216681
3845031095,-88.03645913
3845343292,-139.0692663
3845655489,-84.73934524
3845967686,-132.0893927
3846279884,-85.94741169
3846592081,-127.8479071
3846904278,-81.91536752
3847216476,-133.1679449
3847528673,-84.57419884
3847840870,-130.8681555
3848153067,-83.78544015
3848465265,-127.3535147
3848777462,-83.93446529
3849089659,-131.3851995
3849401856,-83.49774296
3849714054,-134.0557928
3850026251,-84.62437735
3850338448,-129.1672583
3850650645,-89.66499225
3850962843,-127.6992559
3851275040,-92.72492885
3851587237,-130.4762487
3851899434,-90.39852044
3852211632,-128.6980963
3852523829,-87.17402163
3852836026,-132.3437872
3853148223,-83.34170637
3853460421,-128.1263952
3853772618,-84.47391757
3854084815,-128.1436987
3854397012,-82.10707895
3854709210,-127.6619787
3855021407,-82.95192794
3855333604,-131.5950232
3855645801,-84.42955248
3855957999,-136.2100897
3856270196,-87.52037454
3856582393,-133.4052343
3856894590,-87.49431999
3857206788,-140.9468298
3857518985,-86.00205214
3857831182,-131.1284704
3858143379,-91.61077022
3858455577,-128.8314581
3858767774,-86.3813498
3859079971,-129.7608252
3859392169,-86.52947555
3859704366,-127.3065329
3860016563,-83.778993
3860328760,-131.349082
3860640958,-83.09590988
3860953155,-132.6201849
3861265352,-83.29253475
3861577549,-127.8089666
3861889747,-82.70719202
3862201944,-128.5803137
3862514141,-83.51675517
3862826338,-128.3756628
3863138536,-83.98237754
3863450733,-131.8288031
3863762930,-86.50949321
3864075127,-130.0925512
3864387325,-88.99031698
3864699522,-128.4819708
3865011719,-86.69844409
3865323916,-129.6501837
3865636114,-89.7775029
3865948311,-129.13906
3866260508,-86.12451876
3866572705,-125.4669867
3866884903,-85.74936435
3867197100,-129.3890142
3867509297,-82.8408819
3867821494,-133.1699286
3868133692,-82.41942636
3868445889,-125.0896978
3868758086,-86.35762829
3869070283,-126.6680059
3869382481,-83.05154482
3869694678,-130.8884192
3870006875,-81.84370447
3870319072,-160.3443365
3870631270,-86.77994852
3870943467,-131.5102301
3871255664,-84.31242531
3871567861,-149.5746374
3871880059,-89.16049062
3872192256,-133.5468206
3872504453,-87.04353083
3872816651,-138.0340033
3873128848,-91.2948141
3873441045,-130.0412359
3873753242,-87.30596921
3874065440,-133.1776037
3874377637,-88.70789925
3874689834,-126.0204611
3875002031,-84.03115203
3875314229,-132.1176519
3875626426,-84.92032097
3875938623,-130.4867163
3876250820,-84.01696894
3876563018,-125.4339132
3876875215,-82.94899801
3877187412,-139.2998571
3877499609,-82.15295437
3877811807,-137.8879309
3878124004,-85.39391651
3878436201,-131.1366949
3878748398,-85.92001821
3879060596,-143.7209082
3879372793,-87.35378157
3879684990,-132.5071325
3879997187,-85.8411604
3880309385,-127.8320913
3880621582,-86.85453213
3880933779,-137.389823
3881245976,-88.87404456
3881558174,-135.1981421
3881870371,-88.79970361
3882182568,-130.1982641
3882494765,-87.77582755
3882806963,-135.8961096
3883119160,-84.55814516
3883431357,-136.3237371
3883743554,-87.32802327
3884055752,-128.2481451
3884367949,-84.27130247
3884680146,-127.1162252
3884992344,-81.63276688
3885304541,-129.5546331
3885616738,-83.99327182
3885928935,-130.884757
3886241133,-83.84471214
3886553330,-128.3961554
3886865527,-83.91661922
3887177724,-132.1111517
3887489922,-83.80259784
3887802119,-131.5032568
3888114316,-87.04356557
3888426513,-132.0293493
3888738711,-88.57728307
3889050908,-130.4160528
3889363105,-90.73200887
3889675302,-128.7961493
3889987500,-90.17334636
3890299697,-131.4910498
3890611894,-84.77289737
3890924091,-131.4902105
3891236289,-88.35342039
3891548486,-137.8480291
3891860683,-85.34152457
3892172880,-137.1997137
3892485078,-83.62533632
3892797275,-127.9011831
3893109472,-82.84325443
3893421669,-128.7638922
3893733867,-83.33702136
3894046064,-134.7380743
3894358261,-82.56963375
3894670458,-137.0309668
3894982656,-85.17634777
3895294853,-131.3858099
3895607050,-84.34575755
3895919247,-127.4295416
3896231445,-85.15702243
3896543642,-137.3400488
3896855839,-83.7443625
3897168037,-135.3357611
3897480234,-85.22441293
3897792431,-133.392478
3898104628,-90.63345994
3898416826,-128.7475805
3898729023,-87.33126245
3899041220,-125.2146292
3899353417,-88.65919162
3899665615,-131.7135534
3899977812,-87.41996983
3900290009,-132.3207159
3900602206,-89.82710892
3900914404,-126.422965
3901226601,-86.57511641
3901538798,-135.711936
3901850995,-83.18202246
3902163193,-132.3555975
3902475390,-86.12556043
3902787587,-138.2212439
3903099784,-84.05976175
3903411982,-131.1674414
3903724179,-86.44989451
3904036376,-134.1411047
3904348573,-83.36106913
3904660771,-124.5062017
3904972968,-82.26832598
3905285165,-126.7809439
3905597362,-84.80617643
3905909560,-131.4170294
3906221757,-83.52970931
3906533954,-130.4653997
3906846151,-84.58592323
3907158349,-128.8956976
3907470546,-88.93541417
3907782743,-133.4281683
3908094940,-87.59646058
3908407138,-133.1350317
3908719335,-91.93124292
3909031532,-132.7272558
3909343729,-89.10699199
3909655927,-142.073554
3909968124,-91.35822195
3910280321,-128.9256659
3910592519,-87.2904432
3910904716,-137.6435919
3911216913,-94.63700008
3911529110,-129.8195715
3911841308,-87.75662506
3912153505,-125.7929678
3912465702,-83.42060889
3912777899,-128.5865698
3913090097,-85.4653109
3913402294,-130.5482397
3913714491,-82.81083702
3914026688,-127.7791052
3914338886,-83.47165717
3914651083,-129.0337591
3914963280,-83.33139834
3915275477,-132.7813177
3915587675,-82.60466022
3915899872,-129.657218
3916212069,-86.15745827
3916524266,-127.1732397
3916836464,-83.16197233
3917148661,-136.1528082
3917460858,-84.3298957
3917773055,-144.8824987
3918085253,-86.64653414
3918397450,-135.3960485
3918709647,-84.84604744
3919021844,-128.3055029
3919334042,-87.55735037
3919646239,-138.3926153
3919958436,-89.71598626
3920270633,-136.6964941
3920582831,-89.31335174
3920895028,-132.4633703
3921207225,-91.79902549
3921519422,-131.4705877
3921831620,-92.79498195
3922143817,-141.1042547
3922456014,-88.55009512
3922768212,-137.4870062
3923080409,-88.63693354
3923392606,-131.740653
3923704803,-89.22572766
3924017001,-131.4328222
3924329198,-86.03473125
3924641395,-139.9956884
3924953592,-85.58580174
3925265790,-139.4878607
3925577987,-85.45669698
3925890184,-133.6743536
3926202381,-84.41439883
3926514579,-131.7464666
3926826776,-83.41032439
3927138973,-128.8756475
3927451170,-86.54687829
3927763368,-135.4325933
3928075565,-84.13980155
3928387762,-133.2077856
3928699959,-85.64626477
3929012157,-127.187026
3929324354,-83.74703255
3929636551,-131.1827154
3929948748,-83.14643121
3930260946,-127.5784369
3930573143,-86.48950511
3930885340,-127.9376669
3931197537,-85.10399737
3931509735,-142.4892492
3931821932,-85.9027196
3932134129,-148.6787329
3932446326,-87.95524805
3932758524,-123.1556997
3933070721,-86.83504135
3933382918,-136.0992498
3933695115,-93.60366726
3934007313,-131.100791
3934319510,-91.12824904
3934631707,-132.3404608
3934943904,-96.22855282
3935256102,-129.1374578
3935568299,-90.3150926
3935880496,-130.9268713
3936192694,-91.8443441
3936504891,-128.9659033
3936817088,-90.16485445
3937129285,-133.8935003
3937441483,-90.63652679
3937753680,-129.8254766
3938065877,-91.66013998
3938378074,-135.2035742
3938690272,-86.54701564
3939002469,-132.2555914
3939314666,-85.17325708
3939626863,-126.0687399
3939939061,-87.1611076
3940251258,-127.2239065
3940563455,-84.36157289
3940875652,-133.1818762
3941187850,-86.92341293
3941500047,-135.9759588
3941812244,-84.79855433
3942124441,-129.2261419
3942436639,-84.4118201
3942748836,-137.0589361
3943061033,-85.00108439
3943373230,-130.9823217
3943685428,-84.17118126
3943997625,-128.7362127
3944309822,-84.22835597
3944622019,-129.2600622
3944934217,-83.90261885
3945246414,-131.1119452
3945558611,-85.92574517
3945870808,-131.2830267
3946183006,-83.77516214
3946495203,-140.4805975
3946807400,-83.98078965
3947119597,-132.1719885
3947431795,-86.36183455
3947743992,-128.8800573
3948056189,-86.09047933
3948368387,-129.8411932
3948680584,-86.05358352
3948992781,-136.7656164
3949304978,-88.94027255
3949617176,-129.175025
3949929373,-90.36515672
3950241570,-141.44065
3950553767,-89.51435611
3950865965,-126.690299
3951178162,-91.34491626
3951490359,-131.7854376
3951802556,-90.84865457
3952114754,-134.7720556
3952426951,-94.63120174
3952739148,-130.5526037
3953051345,-93.90270901
3953363543,-127.2687368
3953675740,-97.10317898
3953987937,-134.8192968
3954300134,-94.12136745
3954612332,-133.273551
3954924529,-91.23216144
3955236726,-128.5749273
3955548923,-92.17270563
3955861121,-126.7873907
3956173318,-92.44004725
3956485515,-130.2377386
3956797712,-88.84088492
3957109910,-133.2133245
3957422107,-90.56267431
3957734304,-133.2594519
3958046501,-88.97944309
3958358699,-128.2337866
3958670896,-91.11793414
3958983093,-131.3512182
3959295290,-87.88476177
3959607488,-128.6156073
3959919685,-86.91740968
3960231882,-133.3337164
3960544080,-85.34667373
3960856277,-132.9440374
3961168474,-84.25952222
3961480671,-130.7081823
3961792869,-84.83995173
3962105066,-138.4983282
3962417263,-86.48089253
3962729460,-129.8170843
3963041658,-84.47287078
3963353855,-135.8801489
3963666052,-84.85707216
3963978249,-149.0353308
3964290447,-84.32112204
3964602644,-127.7756491
3964914841,-84.58993634
3965227038,-127.9900808
3965539236,-84.8367017
3965851433,-133.6775732
3966163630,-84.18831713
3966475827,-128.8304968
3966788025,-83.62738089
3967100222,-132.9312658
3967412419,-85.55201186
3967724616,-126.8002539
3968036814,-84.41047765
3968349011,-129.7265997
3968661208,-85.78316778
3968973405,-128.9040289
3969285603,-83.68401393
3969597800,-131.1968603
3969909997,-85.06184553
3970222194,-139.9857855
3970534392,-84.81179185
3970846589,-131.2472143
3971158786,-86.13744743
3971470983,-127.8869162
3971783181,-84.315362
3972095378,-134.3835821
3972407575,-87.10281447
3972719772,-131.6913366
3973031970,-89.3897689
3973344167,-130.8989019
3973656364,-86.88491787
3973968562,-131.6512976
3974280759,-87.16034848
3974592956,-135.2942114
3974905153,-88.01785456
3975217351,-122.6118994
3975529548,-87.72942278
3975841745,-132.7984991
3976153942,-87.11464847
3976466140,-126.5225058
3976778337,-88.23065528
3977090534,-139.1130743
3977402731,-89.3510727
3977714929,-130.5073309
3978027126,-87.44868944
3978339323,-136.0785284
3978651520,-90.01987343
3978963718,-127.4242849
3979275915,-89.7049548
3979588112,-128.5807104
3979900309,-92.6612463
3980212507,-139.0083685
3980524704,-94.57465267
3980836901,-141.0415716
3981149098,-90.80039115
3981461296,-132.4865484
3981773493,-92.99233913
3982085690,-129.236289
3982397887,-95.03951168
3982710085,-132.9561682
3983022282,-94.13149929
3983334479,-125.8989477
3983646676,-94.55813503
3983958874,-128.8184881
3984271071,-97.4512167
3984583268,-134.874732
3984895465,-97.5978384
3985207663,-131.879508
3985519860,-95.34636593
3985832057,-126.2781897
3986144255,-96.72327328
3986456452,-134.448844
3986768649,-94.31598568
3987080846,-126.9675665
3987393044,-97.88300228
3987705241,-142.0547094
3988017438,-96.20918941
3988329635,-130.3725348
3988641833,-96.00672054
3988954030,-128.1541357
3989266227,-95.46103573
3989578424,-137.8071508
3989890622,-97.29139614
3990202819,-129.3329687
3990515016,-96.36280727
3990827213,-137.5352392
3991139411,-95.20271206
3991451608,-129.4505682
3991763805,-95.913764
3992076002,-130.3225775
3992388200,-96.29704189
3992700397,-138.136054
3993012594,-97.12715054
3993324791,-130.2057257
3993636989,-94.71766567
3993949186,-130.2516699
3994261383,-96.40545559
3994573580,-128.4066076
3994885778,-97.04007626
3995197975,-131.9148321
3995510172,-97.00443172
3995822369,-133.3086462
3996134567,-94.859519
3996446764,-129.2286444
3996758961,-91.68937587
3997071158,-131.1574926
3997383356,-96.42714596
3997695553,-139.9212408
3998007750,-95.33540249
3998319947,-129.0452948
3998632145,-96.13171291
3998944342,-131.7833014
3999256539,-95.07083034
3999568737,-133.1690283
3999880934,-96.20374203
4000193131,-133.2834387
4000505328,-96.53534603
4000817526,-125.647109
4001129723,-95.82358456
4001441920,-129.9343939
4001754117,-96.76837063
4002066315,-126.2086554
4002378512,-95.75675869
4002690709,-134.9577398
4003002906,-95.49478817
4003315104,-127.3280249
4003627301,-95.63555813
4003939498,-128.0023565
4004251695,-95.8792181
4004563893,-131.1203527
4004876090,-96.54839992
4005188287,-130.2660131
4005500484,-94.24550533
4005812682,-131.1409826
4006124879,-94.47593594
4006437076,-128.4140387
4006749273,-95.21347713
4007061471,-130.0827398
4007373668,-95.67761898
4007685865,-128.4831762
4007998062,-96.6371069
4008310260,-137.4534674
4008622457,-95.95768642
4008934654,-126.1608343
4009246851,-96.00585079
4009559049,-126.5110617
4009871246,-95.49767208
4010183443,-136.7873297
4010495640,-96.48728847
4010807838,-129.2935858
4011120035,-95.6256094
4011432232,-135.116889
4011744430,-97.00915432
4012056627,-125.7901983
4012368824,-95.8887701
4012681021,-122.6053762
4012993219,-95.98764706
4013305416,-130.4196234
4013617613,-94.58210659
4013929810,-127.842597
4014242008,-96.4213171
4014554205,-129.246726
4014866402,-97.38521481
4015178599,-130.3355627
4015490797,-94.91181087
4015802994,-130.1801519
4016115191,-95.93156338
4016427388,-134.5254889
4016739586,-94.41725826
4017051783,-127.4962149
4017363980,-92.50681972
4017676177,-133.3636084
4017988375,-90.55301569
4018300572,-130.587409
4018612769,-90.82901667
4018924966,-135.3428411
4019237164,-92.16405392
4019549361,-130.8241186
4019861558,-95.17181301
4020173755,-125.6402731
4020485953,-95.75427914
4020798150,-130.4589148
4021110347,-89.440833
4021422544,-140.8615942
4021734742,-94.82463741
4022046939,-138.2265081
4022359136,-90.44628046
4022671333,-128.0737677
4022983531,-89.39572038
4023295728,-127.2128134
4023607925,-85.74640674
4023920123,-138.7700872
4024232320,-87.58195249
4024544517,-130.3304663
4024856714,-89.75261588
4025168912,-125.3872747
4025481109,-87.33283686
4025793306,-129.4688025
4026105503,-86.26098295
4026417701,-126.6404562
4026729898,-86.04019407
4027042095,-130.1053686
4027354292,-85.95021997
4027666490,-129.2187262
4027978687,-85.48910421
4028290884,-128.9185705
4028603081,-85.05223558
4028915279,-130.2822943
4029227476,-85.9603138
4029539673,-132.3963995
4029851870,-84.98694301
4030164068,-135.3644934
4030476265,-84.58609343
4030788462,-128.3793554
4031100659,-83.49145653
4031412857,-132.1757269
4031725054,-85.33070205
4032037251,-136.9488287
4032349448,-84.31323515
4032661646,-132.3272314
4032973843,-84.78769315
4033286040,-130.3470068
4033598237,-85.14897676
4033910435,-141.4089575
4034222632,-84.02421027
4034534829,-127.7616186
4034847026,-84.94477529
4035159224,-128.6035376
4035471421,-84.13897184
4035783618,-138.2206182
4036095815,-84.78908175
4036408013,-133.2697668
4036720210,-85.59941082
4037032407,-129.4066381
4037344605,-84.71937941
4037656802,-126.7245398
4037968999,-86.80703964
4038281196,-142.6657324
4038593394,-85.13988259
4038905591,-129.5534277
4039217788,-84.75593197
4039529985,-126.6684942
4039842183,-86.38204802
4040154380,-126.4344702
4040466577,-87.50105042
4040778774,-136.1147375
4041090972,-87.07962421
4041403169,-128.0845251
4041715366,-88.92401011
4042027563,-139.8336401
4042339761,-90.26274774
4042651958,-131.089057
4042964155,-89.32686511
4043276352,-125.8464422
4043588550,-88.18225714
4043900747,-125.4198675
4044212944,-91.9734869
4044525141,-126.7850714
4044837339,-93.42468166
4045149536,-122.6470709
4045461733,-92.3866415
4045773930,-138.0010595
4046086128,-92.30033779
4046398325,-136.9982824
4046710522,-88.67165256
4047022719,-127.8340597
4047334917,-96.43814754
4047647114,-132.6416998
4047959311,-96.84792995
4048271508,-128.9600897
4048583706,-91.80007839
4048895903,-132.2390661
4049208100,-90.99281215
4049520298,-126.2137518
4049832495,-86.47851565
4050144692,-130.1831274
4050456889,-92.7122488
4050769087,-130.711997
4051081284,-86.14235341
4051393481,-127.6837759
4051705678,-84.12319433
4052017876,-129.3444433
4052330073,-90.32285212
4052642270,-130.8471136
4052954467,-84.94942942
4053266665,-130.6072302
4053578862,-84.75439092
4053891059,-132.8257208
4054203256,-84.68943405
4054515454,-131.0211706
4054827651,-83.43607476
4055139848,-126.5517416
4055452045,-85.02399934
4055764243,-129.8571997
4056076440,-83.77578923
4056388637,-131.6053381
4056700834,-83.20519377
4057013032,-129.5340033
4057325229,-86.22256922
4057637426,-133.6111364
4057949623,-85.26833164
4058261821,-137.4420843
4058574018,-83.54168093
4058886215,-125.5813971
4059198412,-86.53333281
4059510610,-127.9027777
4059822807,-86.29566699
4060135004,-132.6398993
4060447201,-88.32160811
4060759399,-136.7750921
4061071596,-88.19270939
4061383793,-127.4962378
4061695990,-85.86340472
4062008188,-127.3974752
4062320385,-94.70294857
4062632582,-140.6628027
4062944780,-88.41675434
4063256977,-131.3038244
4063569174,-92.62251186
4063881371,-125.6945105
4064193569,-92.63471889
4064505766,-127.2625799
4064817963,-91.33212947
4065130160,-129.1400671
4065442358,-91.9190588
4065754555,-128.0182714
4066066752,-90.38423059
4066378949,-125.7124853
4066691147,-88.89349251
4067003344,-128.3910437
4067315541,-88.27292487
4067627738,-134.2166052
4067939936,-89.3669652
4068252133,-130.2946997
4068564330,-84.91074029
4068876527,-125.3938589
4069188725,-83.78012261
4069500922,-130.7659674
4069813119,-86.9599256
4070125316,-130.0763006
4070437514,-84.70116779
4070749711,-131.4408026
4071061908,-85.09701254
4071374105,-135.2577734
4071686303,-86.56514685
4071998500,-126.5940619
4072310697,-85.09865284
4072622894,-137.2694616
4072935092,-85.98397238
4073247289,-127.9891424
4073559486,-83.42537058
4073871683,-129.2558813
4074183881,-83.98216448
4074496078,-128.6830816
4074808275,-88.10048509
4075120473,-131.7376776
4075432670,-84.28507482
4075744867,-130.4751806
4076057064,-87.33078429
4076369262,-127.2165823
4076681459,-92.3497839
4076993656,-139.9458075
4077305853,-85.41061969
4077618051,-130.1786108
4077930248,-92.32870388
4078242445,-131.2142553
4078554642,-91.54023647
4078866840,-129.4270086
4079179037,-91.43746852
4079491234,-130.8139563
4079803431,-86.49732681
4080115629,-127.7971563
4080427826,-90.58223627
4080740023,-132.9308081
4081052220,-87.25455804
4081364418,-125.5110006
4081676615,-85.3313342
4081988812,-128.3229895
4082301009,-87.13279197
4082613207,-132.9561529
4082925404,-83.95356152
4083237601,-131.9030981
4083549798,-85.74692412
4083861996,-131.1322699
4084174193,-84.50499969
4084486390,-130.5775061
4084798587,-81.92548404
4085110785,-127.0940313
4085422982,-86.69829307
4085735179,-133.6424322
4086047376,-84.07541062
4086359574,-145.5624914
4086671771,-83.54564014
4086983968,-130.2663641
4087296166,-88.25230979
4087608363,-128.3740301
4087920560,-85.52212251
4088232757,-132.3795538
4088544955,-88.07909928
4088857152,-130.1829443
4089169349,-91.98099422
4089481546,-124.5968008
4089793744,-90.24960227
4090105941,-127.8644476
4090418138,-90.22767538
4090730335,-133.1700811
4091042533,-88.07295745
4091354730,-140.7143164
4091666927,-92.11376094
4091979124,-131.3660345
4092291322,-89.65624891
4092603519,-130.0271063
4092915716,-85.9632935
4093227913,-134.578681
4093540111,-85.20789677
4093852308,-129.4423285
4094164505,-83.37948691
4094476702,-129.2116766
4094788900,-86.5251403
4095101097,-131.3019476
4095413294,-84.90692397
4095725491,-137.2785711
4096037689,-83.35264665
4096349886,-129.4354467
4096662083,-87.07375898
4096974280,-125.8902349
4097286478,-83.12725893
4097598675,-131.486167
4097910872,-88.91354982
4098223069,-133.06565
4098535267,-84.95601905
4098847464,-136.7911749
4099159661,-85.71017897
4099471858,-137.3270483
4099784056,-92.98839474
4100096253,-124.7051916
4100408450,-90.78974053
4100720648,-137.1741858
4101032845,-90.49434561
4101345042,-130.175437
4101657239,-88.49243704
4101969437,-131.4939642
4102281634,-89.83521921
4102593831,-126.6809225
4102906028,-86.33769874
4103218226,-125.0567694
4103530423,-83.57291489
4103842620,-130.4365606
4104154817,-87.05657522
4104467015,-125.1810827
4104779212,-82.03186058
4105091409,-130.230155
4105403606,-87.10445734
4105715804,-126.2821264
4106028001,-83.0226674
4106340198,-127.9490194
4106652395,-82.70890082
4106964593,-133.0480566
4107276790,-86.03675538
4107588987,-132.7049017
4107901184,-84.52430867
4108213382,-131.8634558
4108525579,-86.09198461
4108837776,-128.3710852
4109149973,-90.99114128
4109462171,-130.1291113
4109774368,-89.54337176
4110086565,-128.8518438
4110398762,-89.28472745
4110710960,-129.5008459
4111023157,-88.24705104
4111335354,-127.924468
4111647551,-88.33456049
4111959749,-123.9786444
4112271946,-86.78168436
4112584143,-132.8809881
4112896341,-89.02110092
4113208538,-129.0806799
4113520735,-84.42999381
4113832932,-130.012641
4114145130,-83.20784803
4114457327,-131.4950628
4114769524,-84.65131508
4115081721,-131.0864935
4115393919,-82.87429079
4115706116,-128.7663488
4116018313,-84.3052683
4116330510,-129.1860571
4116642708,-86.83571522
4116954905,-128.2255468
4117267102,-83.98347546
4117579299,-126.5572958
4117891497,-93.85081386
4118203694,-127.2650976
4118515891,-88.63943137
4118828088,-127.5275183
4119140286,-89.58682095
4119452483,-132.9109869
4119764680,-89.07609326
4120076877,-134.980628
4120389075,-90.56586347
4120701272,-132.7134008
4121013469,-84.72829554
4121325666,-134.346488
4121637864,-83.92579713
4121950061,-133.9643621
4122262258,-85.42733195
4122574455,-127.7689047
4122886653,-84.24707871
4123198850,-137.9301977
4123511047,-83.39240304
4123823244,-130.8939734
4124135442,-87.83295078
4124447639,-136.3920813
4124759836,-83.43513528
4125072034,-133.7334051
4125384231,-88.270821
4125696428,-128.3702917
4126008625,-86.13259426
4126320823,-129.7781439
4126633020,-87.24206476
4126945217,-126.9784842
4127257414,-92.18424128
4127569612,-129.5578222
4127881809,-88.54600728
4128194006,-137.6910772
4128506203,-88.39138855
4128818401,-128.3284369
4129130598,-85.33227691
4129442795,-130.4278631
4129754992,-85.71268663
4130067190,-128.536582
4130379387,-84.39980388
4130691584,-129.8474188
4131003781,-82.76355001
4131315979,-133.4858007
4131628176,-89.14841146
4131940373,-133.1849279
4132252570,-83.72941631
4132564768,-133.7483435
4132876965,-86.99004859
4133189162,-134.1147833
4133501359,-91.08705031
4133813557,-133.8624182
4134125754,-86.67418285
4134437951,-127.7989035
4134750148,-89.94291516
4135062346,-128.0286474
4135374543,-87.00726791
4135686740,-136.6925268
4135998937,-88.60033458
4136311135,-126.5692282
4136623332,-83.56204256
4136935529,-130.2252417
4137247726,-85.88783456
4137559924,-131.3751287
4137872121,-84.36695921
4138184318,-132.180335
4138496516,-83.11581443
4138808713,-130.8748083
4139120910,-87.95803204
4139433107,-131.014884
4139745305,-84.35434016
4140057502,-128.0814734
4140369699,-87.16592882
4140681896,-133.268363
4140994094,-91.48560991
4141306291,-147.8220282
4141618488,-86.56344132
4141930685,-131.7633734
4142242883,-91.25353131
4142555080,-127.5173635
4142867277,-89.19395003
4143179474,-132.20156
4143491672,-89.55157931
4143803869,-134.1914892
4144116066,-84.1406712
4144428263,-139.7179174
4144740461,-86.45176181
4145052658,-151.6897497
4145364855,-83.98722876
4145677052,-135.2702398
4145989250,-83.31961844
4146301447,-133.6648474
4146613644,-86.74487601
4146925841,-137.5156317
4147238039,-85.69656503
4147550236,-137.3992224
4147862433,-88.5757716
4148174630,-134.7076025
4148486828,-91.39838299
4148799025,-127.9922018
4149111222,-89.54459012
4149423419,-133.73104
4149735617,-86.54133079
4150047814,-131.8814764
4150360011,-85.66439938
4150672209,-134.8994665
4150984406,-85.29286282
4151296603,-130.088172
4151608800,-84.35028118
4151920998,-126.3763418
4152233195,-86.21221335
4152545392,-140.7498388
4152857589,-83.31910724
4153169787,-131.9478369
4153481984,-84.89074006
4153794181,-133.6444159
4154106378,-90.36123465
4154418576,-130.189826
4154730773,-86.29808984
4155042970,-139.3687811
4155355167,-89.35284614
4155667365,-132.3475409
4155979562,-88.67703548
4156291759,-133.0034399
4156603956,-88.04679755
4156916154,-137.8058538
4157228351,-85.17426371
4157540548,-138.6528387
4157852745,-82.76768505
4158164943,-129.259223
4158477140,-86.05613081
4158789337,-131.4121923
4159101534,-84.34700811
4159413732,-134.2809973
4159725929,-89.05389955
4160038126,-130.4677496
4160350323,-85.02750456
4160662521,-133.3313971
4160974718,-89.27432239
4161286915,-130.7932653
4161599112,-91.11568314
4161911310,-134.8651648
4162223507,-89.85486976
4162535704,-135.1447668
4162847901,-86.66263014
4163160099,-141.3876715
4163472296,-85.30113289
4163784493,-128.6750708
4164096691,-87.22700796
4164408888,-137.4762793
4164721085,-84.01200129
4165033282,-130.3433294
4165345480,-84.0476153
4165657677,-131.1998663
4165969874,-88.6200034
4166282071,-135.386405
4166594269,-84.79352613
4166906466,-126.308074
4167218663,-92.58200735
4167530860,-129.2334661
4167843058,-89.67787351
4168155255,-129.569663
4168467452,-88.43836133
4168779649,-133.938468
4169091847,-86.33457318
4169404044,-139.3729315
4169716241,-86.6075761
4170028438,-128.4183111
4170340636,-83.43225875
4170652833,-129.6555395
4170965030,-84.10285973
4171277227,-132.0422277
4171589425,-90.84773065
4171901622,-130.4808264
4172213819,-85.58811259
4172526016,-130.0526953
4172838214,-86.97233785
4173150411,-134.6133184
4173462608,-93.78114985
4173774805,-133.3745489
4174087003,-92.44390002
4174399200,-134.1546545
4174711397,-88.86876752
4175023594,-129.3871069
4175335792,-85.69860913
4175647989,-132.3228216
4175960186,-85.40941678
4176272384,-133.1521978
4176584581,-83.63859573
4176896778,-141.7123785
4177208975,-86.53608841
4177521173,-132.4746008
4177833370,-83.85100573
4178145567,-137.4416876
4178457764,-86.24066271
4178769962,-128.571372
4179082159,-94.73912716
4179394356,-133.3348761
4179706553,-89.55451813
4180018751,-129.9346991
4180330948,-88.33929983
4180643145,-139.7729254
4180955342,-85.05670972
4181267540,-140.7728186
4181579737,-86.61882162
4181891934,-130.6009436
4182204131,-83.341385
4182516329,-133.3293982
4182828526,-84.49119596
4183140723,-134.7548132
4183452920,-90.75766523
4183765118,-143.8007879
4184077315,-90.21050613
4184389512,-139.3334875
4184701709,-95.05926418
4185013907,-133.5315313
4185326104,-88.5333847
4185638301,-128.2712317
4185950498,-90.06978874
4186262696,-130.3051825
4186574893,-85.47899686
4186887090,-136.5370855
4187199287,-84.91053047
4187511485,-127.8909292
4187823682,-84.25240349
4188135879,-131.0169897
4188448077,-85.16262863
4188760274,-133.3397741
4189072471,-97.00432491
4189384668,-131.926856
4189696866,-89.08795316
4190009063,-138.8731146
4190321260,-90.41342584
4190633457,-130.6473455
4190945655,-87.71730359
4191257852,-132.0955572
4191570049,-89.14199246
4191882246,-130.0579443
4192194444,-85.111237
4192506641,-130.0054083
4192818838,-83.4925462
4193131035,-128.3712835
4193443233,-87.34251639
4193755430,-127.7116842
4194067627,-86.76376493
4194379824,-133.0050726
4194692022,-92.75462239
4195004219,-132.1088324
4195316416,-90.5825242
4195628613,-126.6302481
4195940811,-93.67992304
4196253008,-134.8802862
4196565205,-87.02395811
4196877402,-131.901969
4197189600,-86.28057964
4197501797,-131.4341803
4197813994,-85.29540301
4198126191,-129.1952124
4198438389,-84.31684135
4198750586,-133.4317541
4199062783,-87.33487166
4199374980,-135.1923132
4199687178,-88.30683613
4199999375,-130.4332342
4200311572,-92.58878221
4200623769,-140.5430212
4200935967,-89.13971098
4201248164,-127.4170523
4201560361,-89.66519018
4201872559,-140.5393438
4202184756,-84.84399449
4202496953,-129.9819708
4202809150,-83.81213395
4203121348,-129.3183203
4203433545,-87.5588407
4203745742,-133.6191626
4204057939,-86.834192
4204370137,-130.5970984
4204682334,-94.3371725
4204994531,-136.7352972
4205306728,-92.70340626
4205618926,-135.7144537
4205931123,-90.23253993
4206243320,-130.0936651
4206555517,-85.34812981
4206867715,-130.1281958
4207179912,-87.46547974
4207492109,-132.2881689
4207804306,-83.70039383
4208116504,-143.9053106
4208428701,-85.75821761
4208740898,-132.9010992
4209053095,-89.02575092
4209365293,-128.8023596
4209677490,-89.96867623
4209989687,-131.3143682
4210301884,-93.61028956
4210614082,-132.8709631
4210926279,-86.9583531
4211238476,-129.8738928
4211550673,-90.86749836
4211862871,-133.2171087
4212175068,-85.31943569
4212487265,-135.8055487
4212799462,-84.88214152
4213111660,-129.6710272
4213423857,-91.1952652
4213736054,-140.4040442
4214048252,-88.23344966
4214360449,-130.6830359
4214672646,-96.96891689
4214984843,-131.6641607
4215297041,-90.99314711
4215609238,-134.4819098
4215921435,-90.94904917
4216233632,-129.2712011
4216545830,-85.81181423
4216858027,-125.3914709
4217170224,-85.36055818
4217482421,-129.9069128
4217794619,-84.83802075
4218106816,-136.832221
4218419013,-88.16066525
4218731210,-137.3768072
4219043408,-98.15728664
4219355605,-129.4953375
4219667802,-96.39710903
4219979999,-128.067359
4220292197,-87.98868289
4220604394,-137.1474981
4220916591,-85.17680416
4221228788,-135.9885015
4221540986,-84.58076514
4221853183,-129.8304663
4222165380,-84.9864507
4222477577,-131.7163
4222789775,-87.87915506
4223101972,-133.6109686
4223414169,-94.63471126
4223726366,-133.9556494
4224038564,-98.51516628
4224350761,-133.6969519
4224662958,-91.03938907
4224975155,-138.0565863
4225287353,-85.56212698
4225599550,-131.6631384
4225911747,-84.87181903
4226223944,-130.9243231
4226536142,-85.47278672
4226848339,-130.2626715
4227160536,-89.54709034
4227472734,-136.6064367
4227784931,-87.76244047
4228097128,-132.9874029
4228409325,-99.51903439
4228721523,-140.2865973
4229033720,-92.98597619
4229345917,-128.6104498
4229658114,-90.0592468
4229970312,-128.5029364
4230282509,-85.52667321
4230594706,-131.7283697
4230906903,-87.28663965
4231219101,-135.2146978
4231531298,-88.60785063
4231843495,-140.79708
4232155692,-91.36807892
4232467890,-141.2966223
4232780087,-96.25813961
4233092284,-135.7439795
4233404481,-88.87695701
4233716679,-134.2511053
4234028876,-88.77606512
4234341073,-130.1477575
4234653270,-86.12493275
4234965468,-133.1093359
4235277665,-86.16147761
4235589862,-139.3428717
4235902059,-90.40113628
4236214257,-126.5995932
4236526454,-91.94870653
4236838651,-132.8757544
4237150848,-94.88603878
4237463046,-138.6903601
4237775243,-87.60773928
4238087440,-134.6244879
4238399637,-85.95172249
4238711835,-142.9849157
4239024032,-86.67469253
4239336229,-132.1488104
4239648427,-86.36434355
4239960624,-131.2387457
4240272821,-86.58094241
4240585018,-136.2765265
4240897216,-98.57858944
4241209413,-129.6082373
4241521610,-94.69351101
4241833807,-133.759696
4242146005,-89.45614141
4242458202,-128.7979345
4242770399,-85.95247788
4243082596,-132.0762701
4243394794,-88.61275025
4243706991,-139.0800085
4244019188,-86.96333617
4244331385,-131.2093725
4244643583,-89.93376652
4244955780,-130.9585485
4245267977,-96.74789333
4245580174,-133.1749182
4245892372,-90.74251412
4246204569,-131.903266
4246516766,-88.16634396
4246828963,-131.4878302
4247141161,-84.01300082
4247453358,-132.8472509
4247765555,-86.99885124
4248077752,-127.3298712
4248389950,-91.57217299
4248702147,-135.5991735
4249014344,-95.27163601
4249326541,-134.0813208
4249638739,-90.24445915
4249950936,-135.2298193
4250263133,-86.7736616
4250575330,-126.2307501
4250887528,-85.20048609
4251199725,-137.4770727
4251511922,-87.22262218
4251824120,-128.2061682
4252136317,-87.18986912
4252448514,-143.6136999
4252760711,-98.07241726
4253072909,-125.980689
4253385106,-97.58695126
4253697303,-134.1953955
4254009500,-91.757018
4254321698,-129.3436651
4254633895,-85.65000279
4254946092,-133.9645452
4255258289,-85.0388573
4255570487,-132.9646215
4255882684,-87.03085697
4256194881,-136.4184027
4256507078,-90.60666514
4256819276,-127.3694525
4257131473,-97.69985867
4257443670,-131.1524878
4257755867,-88.93312148
4258068065,-135.1619024
4258380262,-87.660521
4258692459,-131.7638769
4259004656,-86.13585093
4259316854,-132.162528
4259629051,-85.55262881
4259941248,-133.1366491
4260253445,-94.73600674
4260565643,-134.007865
4260877840,-98.89533138
4261190037,-138.334754
4261502234,-95.06443691
4261814432,-129.7377996
4262126629,-87.43536155
4262438826,-128.9458532
4262751023,-86.15248312
4263063221,-133.5020514
4263375418,-86.59083082
4263687615,-126.9254293
4263999812,-91.43146408
4264312010,-131.7285681
4264624207,-91.61625568
4264936404,-126.0720816
4265248602,-92.57420252
4265560799,-129.5567389
4265872996,-89.88832646
4266185193,-140.0813513
4266497391,-86.73355435
4266809588,-135.2193365
4267121785,-85.65498498
4267433982,-129.2725439
4267746180,-89.63427478
4268058377,-130.9639654
4268370574,-96.08586788
4268682771,-127.9760275
4268994969,-95.88922787
4269307166,-136.5251379
4269619363,-87.87065185
4269931560,-130.3791876
4270243758,-85.85870539
4270555955,-126.568862
4270868152,-85.73262186
4271180349,-136.655448
4271492547,-87.7091978
4271804744,-133.6939764
4272116941,-93.65149593
4272429138,-128.938529
4272741336,-90.2791962
4273053533,-130.4822149
4273365730,-87.50511818
4273677927,-132.6204748
4273990125,-87.01743766
4274302322,-141.1659002
4274614519,-87.6534879
4274926716,-130.7845068
4275238914,-96.74667263
4275551111,-131.5628271
4275863308,-98.49511623
4276175505,-138.9379492
4276487703,-88.64183864
4276799900,-133.608222
4277112097,-85.01420693
4277424295,-133.7442083
4277736492,-85.93952383
4278048689,-131.7496252
4278360886,-86.18649539
4278673084,-128.9128027
4278985281,-95.25492001
4279297478,-131.8944616
4279609675,-93.50800991
4279921873,-126.9601278
4280234070,-90.49185815
4280546267,-132.4420538
4280858464,-85.74491299
4281170662,-134.5212164
4281482859,-88.6920486
4281795056,-131.2309332
4282107253,-86.79593303
4282419451,-127.7701406
4282731648,-94.40477657
4283043845,-129.8963385
4283356042,-91.95673272
4283668240,-129.378974
4283980437,-90.60079834
4284292634,-132.2629004
4284604831,-83.62038458
4284917029,-130.5828619
4285229226,-85.86931816
4285541423,-126.6524496
4285853620,-94.0991888
4286165818,-127.8673315
4286478015,-96.65164852
4286790212,-130.2867651
4287102409,-91.43730061
4287414607,-129.3166876
4287726804,-84.45027231
4288039001,-135.3483343
4288351198,-88.3829567
4288663396,-132.1660833
4288975593,-87.81855194
4289287790,-138.9694281
4289599987,-93.92812252
4289912185,-126.633544
4290224382,-90.28359851
4290536579,-132.1544104
4290848777,-90.5893619
4291160974,-127.5574179
4291473171,-86.64717495
4291785368,-134.2666845
4292097566,-86.30765838
4292409763,-131.593009
4292721960,-95.04536343
4293034157,-129.3595648
4293346355,-97.98808193
4293658552,-128.1124029
4293970749,-91.71836754
4294282946,-129.3169928
4294595144,-84.79233648
4294907341,-133.0064154
4295219538,-88.91611093
4295531735,-128.6820745
4295843933,-84.12580168
4296156130,-130.0946417
4296468327,-97.9375143
4296780524,-137.0104284
4297092722,-88.49286778
4297404919,-133.2652197
4297717116,-90.54411197
4298029313,-132.9021978
4298341511,-83.61954539
4298653708,-129.7610998
4298965905,-87.40303788
4299278102,-133.0558538
4299590300,-86.17645558
4299902497,-131.3552313
4300214694,-97.11708736
4300526891,-126.6979666
4300839089,-89.15635398
4301151286,-130.2977819
4301463483,-89.48349552
4301775680,-133.2560034
4302087878,-84.28830787
4302400075,-129.0735693
4302712272,-87.65368791
4303024470,-144.1457434
4303336667,-93.8823843
4303648864,-128.0066442
4303961061,-89.85135488
4304273259,-135.4060736
4304585456,-84.84210308
4304897653,-136.3005896
4305209850,-84.74151707
4305522048,-128.1120214
4305834245,-87.70708625
4306146442,-134.3318853
4306458639,-88.68098702
4306770837,-131.9838629
4307083034,-95.85112667
4307395231,-132.1735754
4307707428,-85.31221917
4308019626,-135.6675634
4308331823,-89.27437325
4308644020,-130.5591192
4308956217,-83.64337198
4309268415,-133.3416815
4309580612,-91.7108831
4309892809,-135.4885321
4310205006,-93.18453121
4310517204,-133.6968451
4310829401,-91.71696373
4311141598,-131.6207495
4311453795,-83.93920185
4311765993,-142.0811987
4312078190,-85.56939107
4312390387,-137.0183172
4312702584,-93.97276974
4313014782,-134.9738226
4313326979,-93.14459896
4313639176,-132.0216894
4313951373,-85.22425974
4314263571,-129.8382788
4314575768,-85.0442974
4314887965,-133.951087
4315200163,-89.26883416
4315512360,-127.8585577
4315824557,-86.06385287
4316136754,-133.7565222
4316448952,-96.80359554
4316761149,-135.5447149
4317073346,-84.3545844
4317385543,-132.8784704
4317697741,-88.77607986
4318009938,-139.2225409
4318322135,-85.03459278
4318634332,-126.7720785
4318946530,-89.47005224
4319258727,-146.1612616
4319570924,-92.41945551
4319883121,-143.2907019
4320195319,-88.79190321
4320507516,-127.2478704
4320819713,-83.7429661
4321131910,-125.9780035
4321444108,-87.8087402
4321756305,-132.5844488
4322068502,-83.81518597
4322380699,-132.3706732
4322692897,-90.76780585
4323005094,-133.3173742
4323317291,-86.77277019
4323629488,-132.0893927
4323941686,-89.76480674
4324253883,-126.9258184
4324566080,-83.60685003
4324878277,-127.0074987
4325190475,-89.55233534
4325502672,-132.1100073
4325814869,-91.099532
4326127066,-129.5026159
4326439264,-90.42500937
4326751461,-129.7497015
4327063658,-83.89595838
4327375855,-132.6969366
4327688053,-83.96225784
4328000250,-133.1454077
4328312447,-92.15182397
4328624645,-137.1759405
4328936842,-90.30581525
4329249039,-129.8612738
4329561236,-88.9544098
4329873434,-131.0571661
4330185631,-82.74065417
4330497828,-139.2342138
4330810025,-88.17787543
4331122223,-128.5314856
4331434420,-85.90265853
4331746617,-130.1661444
4332058814,-93.42637538
4332371012,-130.7373419
4332683209,-84.67707901
4332995406,-136.8440771
4333307603,-86.216189
4333619801,-128.5218115
4333931998,-83.56983217
4334244195,-130.2240667
4334556392,-90.30716561
4334868590,-133.4542608
4335180787,-88.4442426
4335492984,-133.5249701
4335805181,-88.35987585
4336117379,-136.811759
4336429576,-83.9775929
4336741773,-140.0786963
4337053970,-88.13087745
4337366168,-129.4634314
4337678365,-96.92529201
4337990562,-133.3102331
4338302759,-92.46804712
4338614957,-130.4874945
4338927154,-84.41474211
4339239351,-131.0807409
4339551548,-85.01974582
4339863746,-135.0032415
4340175943,-97.59321499
4340488140,-130.5445318
4340800338,-92.35105798
4341112535,-133.4271002
4341424732,-87.18532289
4341736929,-133.5147161
4342049127,-83.04557058
4342361324,-130.689765
4342673521,-91.09109385
4342985718,-129.0297003
4343297916,-88.21175682
4343610113,-130.6356878
4343922310,-90.89810825
4344234507,-129.3621893
4344546705,-83.59370453
4344858902,-132.9547033
4345171099,-87.86751596
4345483296,-128.7223577
4345795494,-85.47323736
4346107691,-141.0936956
4346419888,-94.45065975
4346732085,-133.6342382
4347044283,-86.77878914
4347356480,-133.7843237
4347668677,-87.50138687
4347980874,-131.5002813
4348293072,-82.9919588
4348605269,-129.8938665
4348917466,-91.82092184
4349229663,-127.3334951
4349541861,-86.86391046
4349854058,-144.1431189
4350166255,-90.00842855
4350478452,-130.2752142
4350790650,-82.62224593
4351102847,-130.9917212
4351415044,-87.87774669
4351727241,-132.3329382
4352039439,-85.32599749
4352351636,-129.183692
4352663833,-91.98817344
4352976031,-138.2784948
4353288228,-84.85113601
4353600425,-130.9893408
4353912622,-85.59632243
4354224820,-146.6713781
4354537017,-84.53355466
4354849214,-134.03263
4355161411,-94.20529842
4355473609,-128.8130713
4355785806,-85.56164679
4356098003,-133.0234747
4356410200,-86.46483867
4356722398,-132.4928045
4357034595,-82.653412
4357346792,-129.7573309
4357658989,-88.29474907
4357971187,-137.5204229
4358283384,-86.99827192
4358595581,-137.8775549
4358907778,-91.30056652
4359219976,-129.6212378
4359532173,-83.61453275
4359844370,-132.1162939
4360156567,-85.42390554
4360468765,-129.5072393
4360780962,-90.79994074
4361093159,-140.443778
4361405356,-89.83933019
4361717554,-129.3799963
4362029751,-82.54502118
4362341948,-132.0632086
4362654145,-82.03640755
4362966343,-139.0987158
4363278540,-95.41149044
4363590737,-136.261817
4363902934,-92.05425925
4364215132,-138.7509985
4364527329,-84.12348978
4364839526,-140.1194067
4365151723,-84.57984219
4365463921,-139.0581121
4365776118,-89.83608762
4366088315,-133.981864
4366400513,-86.00259569
4366712710,-130.2674475
4367024907,-85.23013399
4367337104,-136.3600378
4367649302,-81.93315895
4367961499,-142.408515
4368273696,-87.60976984
4368585893,-129.0686407
4368898091,-86.02005937
4369210288,-133.294486
4369522485,-87.65745373
4369834682,-133.8206549
4370146880,-83.39991783
4370459077,-129.2110815
4370771274,-87.52875288
4371083471,-137.1762762
4371395669,-86.09778772
4371707866,-133.044425
4372020063,-87.61244765
4372332260,-141.2742071
4372644458,-82.00042732
4372956655,-136.0428839
4373268852,-86.60181685
4373581049,-127.6006155
4373893247,-85.46556199
4374205444,-130.0773077
4374517641,-90.7240129
4374829838,-134.0856085
4375142036,-83.56670405
4375454233,-130.5864935
4375766430,-87.96675833
4376078627,-133.6952581
4376390825,-83.78715544
4376703022,-136.0617285
4377015219,-96.01061916
4377327416,-129.8654699
4377639614,-84.1391529
4377951811,-128.554328
4378264008,-87.01420934
4378576206,-131.0354528
4378888403,-83.98551974
4379200600,-129.8029394
4379512797,-88.63178654
4379824995,-138.1238775
4380137192,-84.96736215
4380449389,-137.5623693
4380761586,-88.53032986
4381073784,-126.0194387
4381385981,-81.89676673
4381698178,-137.355094
4382010375,-88.37449054
4382322573,-129.2222662
4382634770,-86.99278581
4382946967,-129.880744
4383259164,-85.55375778
4383571362,-128.4005651
4383883559,-83.98244508
4384195756,-133.9522619
4384507953,-85.95059346
4384820151,-131.5218115
4385132348,-87.32490946
4385444545,-134.260169
4385756742,-87.73205355
4386068940,-133.0048895
4386381137,-82.8197099
4386693334,-136.3701391
4387005531,-88.73080092
4387317729,-141.3809271
4387629926,-88.22514372
4387942123,-134.9230108
4388254320,-88.01714233
4388566518,-129.4124517
4388878715,-81.56217198
4389190912,-132.1140509
4389503109,-86.11949313
4389815307,-131.8288794
4390127504,-88.40513737
4390439701,-130.1951056
4390751898,-87.61579615
4391064096,-133.8028936
4391376293,-82.13241584
4391688490,-132.1808691
4392000688,-87.54668116
4392312885,-132.0786963
4392625082,-89.43693785
4392937279,-141.8783178
4393249477,-88.4807602
4393561674,-127.7866354
4393873871,-83.11348739
4394186068,-131.3488531
4394498266,-87.21148261
4394810463,-131.1173315
4395122660,-86.86457323
4395434857,-127.4823217
4395747055,-89.33175798
4396059252,-128.5170965
4396371449,-83.61759207
4396683646,-131.9977331
4396995844,-86.34345417
4397308041,-131.1121283
4397620238,-91.5328434
4397932435,-131.9095221
4398244633,-88.62173675
4398556830,-135.5702124
4398869027,-83.58812734
4399181224,-134.0525579
4399493422,-85.43353355
4399805619,-135.3203039
4400117816,-92.19530385
4400430013,-131.9372015
4400742211,-88.11385995
4401054408,-143.2556219
4401366605,-83.36509722
4401678802,-132.3730993
4401991000,-84.6259236
4402303197,-136.7206488
4402615394,-90.4918804
4402927591,-133.5828772
4403239789,-89.67503683
4403551986,-134.2542944
4403864183,-83.49681873
4404176381,-131.3612585
4404488578,-87.0800429
4404800775,-134.4101782
4405112972,-89.78282542
4405425170,-134.0636969
4405737367,-89.87730823
4406049564,-136.5320196
4406361761,-82.72823344
4406673959,-128.2702703
4406986156,-85.66986183
4407298353,-134.5014715
4407610550,-89.67936267
4407922748,-128.7693701
4408234945,-87.83065549
4408547142,-138.8222418
4408859339,-83.09733595
4409171537,-132.4279699
4409483734,-86.48727601
4409795931,-135.5276098
4410108128,-89.20401711
4410420326,-127.1600256
4410732523,-88.63778877
4411044720,-132.2300329
4411356917,-83.61415883
4411669115,-130.1314611
4411981312,-86.29341283
4412293509,-128.8148565
4412605706,-86.84134914
4412917904,-131.1898413
4413230101,-89.28028889
4413542298,-138.9431067
4413854495,-83.7796862
4414166693,-132.3151159
4414478890,-88.74165607
4414791087,-130.0497198
4415103284,-85.9823697
4415415482,-140.7904882
4415727679,-85.06263794
4416039876,-140.3322973
4416352074,-81.4692078
4416664271,-136.8204412
4416976468,-90.07353683
4417288665,-136.7208929
4417600863,-86.89753208
4417913060,-131.3349524
4418225257,-85.4405602
4418537454,-129.5582952
4418849652,-83.34787004
4419161849,-139.6118994
4419474046,-89.69594128
4419786243,-130.4226599
4420098441,-85.23085854
4420410638,-131.6298285
4420722835,-86.5357761
4421035032,-133.903388
4421347230,-82.55870828
4421659427,-136.9251318
4421971624,-90.35828176
4422283821,-129.6761236
4422596019,-85.21778937
4422908216,-134.319129
4423220413,-85.32255628
4423532610,-131.9655371
4423844808,-84.58582348
4424157005,-132.3907385
4424469202,-90.11517814
4424781399,-131.1366034
4425093597,-84.66457411
4425405794,-134.4558477
4425717991,-85.07401336
4426030188,-127.4439001
4426342386,-83.81367516
4426654583,-140.2561254
4426966780,-90.10410025
4427278977,-135.4702978
4427591175,-84.3723911
4427903372,-129.9076452
4428215569,-87.26958795
4428527766,-136.0907507
4428839964,-85.32355574
4429152161,-138.0905828
4429464358,-88.79033962
4429776556,-128.0051336
4430088753,-83.8553164
4430400950,-128.8944921
4430713147,-84.67926071
4431025345,-129.0665503
4431337542,-85.43558584
4431649739,-143.3273382
4431961936,-87.0077008
4432274134,-131.7867041
4432586331,-83.69027732
4432898528,-137.3671637
4433210725,-89.52576681
4433522923,-133.5536566
4433835120,-86.63238732
4434147317,-127.3369055
4434459514,-83.39360064
4434771712,-135.8982611
4435083909,-83.63327047
4435396106,-135.367713
4435708303,-88.26639525
4436020501,-129.2259283
4436332698,-85.26425244
4436644895,-132.4906073
4436957092,-85.88682675
4437269290,-130.4350653
4437581487,-84.02972441
4437893684,-136.632865
4438205881,-93.53623103
4438518079,-131.9117193
4438830276,-85.0852515
4439142473,-129.9149694
4439454670,-85.11105413
4439766868,-129.4909887
4440079065,-85.73068344
4440391262,-129.1074286
4440703459,-91.55148202
4441015657,-141.9079046
4441327854,-83.03069319
4441640051,-132.4456854
4441952249,-84.45948832
4442264446,-143.0450201
4442576643,-88.44293311
4442888840,-128.9291601
4443201038,-91.68703351
4443513235,-140.6235571
4443825432,-84.26864659
4444137629,-135.5547857
4444449827,-88.24106578
4444762024,-132.2064886
4445074221,-89.53684516
4445386418,-134.0556707
4445698616,-86.92421232
4446010813,-133.104743
4446323010,-84.52839704
4446635207,-129.4029455
4446947405,-89.88765399
4447259602,-132.4677191
4447571799,-87.80637899
4447883996,-131.7130194
4448196194,-84.38679544
4448508391,-129.5795813
4448820588,-84.18476901
4449132785,-130.3910284
4449444983,-90.37303726
4449757180,-142.2911901
4450069377,-86.87710076
4450381574,-128.6201391
4450693772,-84.09555086
4451005969,-142.307044
4451318166,-86.66360705
4451630363,-134.2170477
4451942561,-88.04547794
4452254758,-130.5741644
4452566955,-85.45942019
4452879152,-127.9800177
4453191350,-82.99315658
4453503547,-128.6857519
4453815744,-87.18689324
4454127941,-132.9588537
4454440139,-87.46342154
4454752336,-133.0883856
4455064533,-84.05937991
4455376731,-130.4420691
4455688928,-85.72567107
4456001125,-131.6740179
4456313322,-87.19793314
4456625520,-133.7048254
4456937717,-84.32305187
4457249914,-132.4923773
4457562111,-84.5753179
4457874309,-131.1843786
4458186506,-87.85333129
4458498703,-141.9403601
4458810900,-84.56834464
4459123098,-129.8794928
4459435295,-84.55089621
4459747492,-126.5254354
4460059689,-90.02784505
4460371887,-135.673377
4460684084,-92.1439199
4460996281,-138.0297766
4461308478,-83.72759275
4461620676,-132.7854528
4461932873,-84.74125734
4462245070,-130.6080236
4462557267,-93.08666896
4462869465,-134.01612
4463181662,-89.7039461
4463493859,-127.4386206
4463806056,-85.22246644
4464118254,-127.7283697
4464430451,-88.52694355
4464742648,-129.6504126
4465054845,-91.1626194
4465367043,-136.637641
4465679240,-86.23209588
4465991437,-133.5606604
4466303634,-84.66319338
4466615832,-129.3540716
4466928029,-93.71562099
4467240226,-131.5120306
4467552424,-86.87940565
4467864621,-133.2914953
4468176818,-84.84455183
4468489015,-133.9685583
4468801213,-86.60564711
4469113410,-136.8320532
4469425607,-88.37704075
4469737804,-137.3026037
4470050002,-85.16922095
4470362199,-140.5372534
4470674396,-86.70616471
4470986593,-138.9653997
4471298791,-91.14317973
4471610988,-132.5540075
4471923185,-83.80280339
4472235382,-129.4843664
4472547580,-84.8936318
4472859777,-141.4191809
4473171974,-87.57414131
4473484171,-132.7868109
4473796369,-87.47290644
4474108566,-133.6380529
4474420763,-84.90301599
4474732960,-129.0243139
4475045158,-88.98971061
4475357355,-130.7219305
4475669552,-89.99499332
4475981749,-135.6679296
4476293947,-84.66877056
4476606144,-132.7655554
4476918341,-87.45113229
4477230538,-140.4440527
4477542736,-93.05051326
4477854933,-131.8268042
4478167130,-92.26475427
4478479327,-129.9342413
4478791525,-84.34200345
4479103722,-133.5191412
4479415919,-89.91934021
4479728117,-133.7130499
4480040314,-89.12622446
4480352511,-132.1960211
4480664708,-84.74146352
4480976906,-131.5947332
4481289103,-85.53360898
4481601300,-127.9743185
4481913497,-92.89977931
4482225695,-129.2559271
4482537892,-84.07673695
4482850089,-134.9728918
4483162286,-86.33875557
4483474484,-129.1028357
4483786681,-89.14243722
4484098878,-141.7891912
4484411075,-86.00927194
4484723273,-128.2713842
4485035470,-84.53119732
4485347667,-126.3729391
4485659864,-91.92603966
4485972062,-131.0242376
4486284259,-86.42269447
4486596456,-127.9991217
4486908653,-84.856431
4487220851,-137.0490179
4487533048,-86.88547967
4487845245,-137.5471869
4488157442,-88.24059817
4488469640,-138.8236609
4488781837,-84.44158243
4489094034,-130.8781347
4489406231,-90.31362781
4489718429,-127.2511129
4490030626,-93.80740261
4490342823,-128.4283667
4490655020,-85.46426549
4490967218,-128.4495611
4491279415,-86.40340749
4491591612,-138.8091192
4491903809,-91.52875418
4492216007,-128.4515448
4492528204,-86.53546507
4492840401,-129.4737158
4493152599,-84.38786387
4493464796,-138.3972082
4493776993,-97.66219234
4494089190,-130.2216558
4494401388,-87.84919232
4494713585,-131.4959173
4495025782,-86.73122842
4495337979,-134.8081732
4495650177,-84.8460017
4495962374,-134.6426916
4496274571,-88.40078783
4496586768,-131.7667608
4496898966,-83.6323933
4497211163,-125.1316442
4497523360,-87.89344353
4497835557,-127.4612799
4498147755,-87.21645246
4498459952,-138.8828192
4498772149,-85.34812322
4499084346,-132.9113379
4499396544,-85.52145567
4499708741,-125.6044836
4500020938,-93.60809231
4500333135,-129.1210089
4500645333,-84.41853411
4500957530,-127.9929876
4501269727,-87.38631453
4501581924,-133.6227026
4501894122,-96.96339321
4502206319,-129.1470556
4502518516,-88.21627778
4502830713,-130.6758184
4503142911,-83.82291464
4503455108,-133.1357641
4503767305,-95.99800014
4504079502,-132.6596289
4504391700,-92.76438808
4504703897,-125.6712255
4505016094,-84.57727909
4505328292,-131.5684576
4505640489,-88.62690303
4505952686,-135.8040075
4506264883,-85.1918961
4506577081,-140.0557165
4506889278,-86.6846592
4507201475,-132.9320745
4507513672,-83.68769124
4507825870,-136.3988867
4508138067,-90.73291671
4508450264,-133.8722754
4508762461,-83.40568584
4509074659,-127.9289465
4509386856,-95.01486874
4509699053,-129.0814276
4510011250,-96.28135586
4510323448,-131.7731085
4510635645,-84.53157907
4510947842,-133.5969
4511260039,-84.831117
4511572237,-131.0683966
4511884434,-97.40631008
4512196631,-131.8103704
4512508828,-95.038764
4512821026,-129.6360998
4513133223,-83.88355318
4513445420,-137.9023504
4513757617,-97.3619833
4514069815,-140.4191809
4514382012,-85.27488131
4514694209,-128.7480688
4515006406,-87.44336158
4515318604,-127.4513235
4515630801,-85.38447775
4515942998,-129.9012823
4516255195,-88.39373317
4516567393,-129.9097815
4516879590,-83.47593737
4517191787,-134.2713079
4517503984,-96.08861446
4517816182,-138.1955328
4518128379,-83.74575102
4518440576,-128.8505011
4518752774,-88.20945183
4519064971,-127.3273916
4519377168,-87.82107393
4519689365,-129.9809179
4520001563,-89.97266262
4520313760,-128.0336676
4520625957,-83.73986114
4520938154,-133.6098394
4521250352,-95.88638973
4521562549,-129.4459143
4521874746,-93.8963995
4522186943,-136.8880835
4522499141,-82.36470816
4522811338,-131.2138586
4523123535,-90.7468938
4523435732,-134.6263952
4523747930,-87.05992162
4524060127,-129.8700933
4524372324,-86.22451442
4524684521,-133.4781103
4524996719,-84.42853653
4525308916,-127.5378408
4525621113,-92.83203792
4525933310,-132.4665442
4526245508,-82.32852195
4526557705,-131.5870428
4526869902,-96.85478115
4527182099,-131.6702948
4527494297,-97.45397091
4527806494,-138.7648535
4528118691,-87.5531127
4528430888,-141.1896276
4528743086,-86.65890353
4529055283,-126.1596594
4529367480,-89.34973746
4529679677,-132.7926855
4529991875,-87.28330469
4530304072,-127.6040411
4530616269,-84.12658781
4530928467,-133.0490637
4531240664,-96.43813992
4531552861,-130.6780462
4531865058,-82.82403598
4532177256,-132.057395
4532489453,-91.63068293
4532801650,-130.4242468
4533113847,-85.20572111
4533426045,-134.9991064
4533738242,-86.23524944
4534050439,-131.7829046
4534362636,-84.758638
4534674834,-132.7426062
4534987031,-92.35263728
4535299228,-130.0467291
4535611425,-83.59645907
4535923623,-135.6828375
4536235820,-98.77794552
4536548017,-129.9516821
4536860214,-97.49536037
4537172412,-133.8298254
4537484609,-84.5691542
4537796806,-136.1300573
4538109003,-89.17490221
4538421201,-131.713706
4538733398,-87.27495916
4539045595,-136.7883215
4539357792,-91.41768549
4539669990,-129.5858221
4539982187,-83.99762054
4540294384,-127.8100729
4540606581,-97.02511501
4540918779,-129.478507
4541230976,-83.65525125
4541543173,-124.9014349
4541855370,-91.03709312
4542167568,-129.315589
4542479765,-92.22560787
4542791962,-147.057807
4543104160,-83.72763137
4543416357,-129.276145
4543728554,-87.64277641
4544040751,-130.7600927
4544352949,-88.45867633
4544665146,-129.4579077
4544977343,-89.50388202
4545289540,-126.5065222
4545601738,-83.55834265
4545913935,-138.5103674
4546226132,-96.69621181
4546538329,-140.5389013
4546850527,-83.15363361
4547162724,-131.7851934
4547474921,-95.11118984
4547787118,-127.623374
4548099316,-84.06446176
4548411513,-129.3270788
4548723710,-90.27995957
4549035907,-134.7069311
4549348105,-87.53507921
4549660302,-127.0379858
4549972499,-87.13612676
4550284696,-131.0845556
4550596894,-83.17190603
4550909091,-127.1557608
4551221288,-96.86837673
4551533485,-129.5187597
4551845683,-96.62308407
4552157880,-126.7474813
4552470077,-83.18418174
4552782274,-132.3221502
4553094472,-98.19765377
4553406669,-133.7708807
4553718866,-82.841309
4554031063,-126.2357397
4554343261,-88.80697434
4554655458,-133.5573492
4554967655,-88.06927079
4555279852,-133.0136633
4555592050,-86.87736642
4555904247,-140.2808905
4556216444,-84.11269486
4556528642,-127.1426001
4556840839,-91.99507808
4557153036,-132.9076147
4557465233,-88.56456515
4557777431,-126.9327459
4558089628,-82.63819157
4558401825,-126.3251257
4558714022,-96.23250484
4559026220,-128.1045752
4559338417,-84.23775601
4559650614,-131.006278
4559962811,-89.32738355
4560275009,-138.0223761
4560587206,-86.74408009
4560899403,-127.6797628
4561211600,-87.66069876
4561523798,-131.7499914
4561835995,-85.75440593
4562148192,-128.56565
4562460389,-91.62230586
4562772587,-130.8360205
4563084784,-83.0964284
4563396981,-131.3932409
4563709178,-94.90629482
4564021376,-132.5884008
4564333573,-91.82117366
4564645770,-127.5527563
4564957967,-83.14904835
4565270165,-129.5048895
4565582362,-89.1308654
4565894559,-137.7524939
4566206756,-83.07217454
4566518954,-128.7232122
4566831151,-91.68873499
4567143348,-134.9416571
4567455545,-87.18812121
4567767743,-131.6220922
4568079940,-85.26639805
4568392137,-126.8664694
4568704335,-84.17516434
4569016532,-128.6356115
4569328729,-91.2601156
4569640926,-132.0745153
4569953124,-93.13214779
4570265321,-132.7230902
4570577518,-83.15107012
4570889715,-128.6122656
4571201913,-89.97172431
4571514110,-133.9417181
4571826307,-80.9294587
4572138504,-126.6581717
4572450702,-93.29594326
4572762899,-128.8237219
4573075096,-83.46803343
4573387293,-128.7910528
4573699491,-89.14291211
4574011688,-125.4497213
4574323885,-85.97500246
4574636082,-127.7402029
4574948280,-86.60232422
4575260477,-139.165946
4575572674,-83.51526701
4575884871,-124.8005514
4576197069,-91.74699305
4576509266,-134.0611792
4576821463,-87.65087001
4577133660,-132.7409124
4577445858,-82.42293574
4577758055,-132.3892889
4578070252,-91.4674978
4578382449,-128.4438391
4578694647,-82.14228841
4579006844,-133.3440771
4579319041,-92.98671627
4579631238,-127.5230627
4579943436,-88.15859494
4580255633,-143.8310308
4580567830,-83.20414778
4580880028,-125.5514669
4581192225,-87.59812675
4581504422,-129.7896338
4581816619,-84.31199748
4582128817,-135.5748358
4582441014,-88.47448376
4582753211,-132.9222326
4583065408,-83.75154942
4583377606,-132.5119238
4583689803,-88.5482831
4584002000,-130.07833
4584314197,-82.87213167
4584626395,-122.9624624
4584938592,-88.37366831
4585250789,-126.7368841
4585562986,-81.16223916
4585875184,-126.8748388
4586187381,-94.76572323
4586499578,-133.5103674
4586811775,-90.0913074
4587123973,-137.1186895
4587436170,-82.68437985
4587748367,-132.5868444
4588060564,-88.44167682
4588372762,-131.1454229
4588684959,-83.40860032
4588997156,-140.9367743
4589309353,-87.66441032
4589621551,-137.4242926
4589933748,-86.17814258
4590245945,-124.7328329
4590558142,-84.66514707
4590870340,-136.2698126
4591182537,-85.07518932
4591494734,-132.1180944
4591806931,-85.89606018
4592119129,-132.8250494
4592431326,-88.9886374
4592743523,-132.5979071
4593055720,-82.77687863
4593367918,-141.0665197
4593680115,-86.11857961
4593992312,-127.4951315
4594304510,-81.86985792
4594616707,-137.4740515
4594928904,-92.95487117
4595241101,-132.0104742
4595553299,-82.0211412
4595865496,-131.0976324
4596177693,-87.57281029
4596489890,-132.57479
4596802088,-87.70357154
4597114285,-131.2452459
4597426482,-83.43940779
4597738679,-127.9828024
4598050877,-85.17453932
4598363074,-129.3717718
4598675271,-84.47261907
4598987468,-133.646842
4599299666,-87.12936373
4599611863,-133.3329687
4599924060,-83.39508861
4600236257,-133.1034002
4600548455,-86.1723744
4600860652,-135.8774328
4601172849,-83.50640151
4601485046,-130.8802557
4601797244,-89.2687052
4602109441,-127.9849844
4602421638,-88.06011144
4602733835,-131.4726477
4603046033,-82.61239646
4603358230,-131.7611151
4603670427,-87.42147196
4603982624,-143.1177435
4604294822,-81.55043803
4604607019,-141.4115973
4604919216,-88.53641056
4605231413,-130.5143347
4605543611,-82.8219073
4605855808,-136.974082
4606168005,-88.32109994
4606480203,-127.0895681
4606792400,-86.23351641
4607104597,-128.1930914
4607416794,-82.7811587
4607728992,-128.4264441
4608041189,-85.14216003
4608353386,-134.3467321
4608665583,-83.69765522
4608977781,-132.9992437
4609289978,-89.76422729
4609602175,-132.4653234
4609914372,-84.90297824
4610226570,-130.8005285
4610538767,-88.1276927
4610850964,-127.9478216
4611163161,-85.01113264
4611475359,-130.6181707
4611787556,-88.25106118
4612099753,-134.7238379
4612411950,-83.59922073
4612724148,-131.0215521
4613036345,-87.87467637
4613348542,-129.6615057
4613660739,-87.63687373
4613972937,-126.5015936
4614285134,-80.62808995
4614597331,-131.1283331
4614909528,-86.24259528
4615221726,-128.3689642
4615533923,-81.01163489
4615846120,-134.1701422
4616158317,-89.79152526
4616470515,-133.570014
4616782712,-89.12598924
4617094909,-125.9769735
4617407106,-82.74042534
4617719304,-128.0615759
4618031501,-85.21013032
4618343698,-139.7047491
4618655895,-82.73004173
4618968093,-131.8610907
4619280290,-85.91189837
4619592487,-130.3533239
4619904685,-81.72161113
4620216882,-129.0425482
4620529079,-85.00299201
4620841276,-131.7384405
4621153474,-85.94679524
4621465671,-128.0697699
4621777868,-82.48390979
4622090065,-128.2867193
4622402263,-83.34980809
4622714460,-133.169776
4623026657,-84.56332487
4623338854,-129.5172796
4623651052,-85.65852561
4623963249,-128.4355993
4624275446,-82.24120346
4624587643,-138.7527685
4624899841,-86.21882178
4625212038,-140.6409674
4625524235,-83.64742322
4625836432,-131.8057013
4626148630,-85.71640986
4626460827,-130.6703558
4626773024,-84.6979227
4627085221,-129.4534369
4627397419,-81.615738
4627709616,-129.4888525
4628021813,-85.40815133
4628334010,-128.0507269
4628646208,-82.04080975
4628958405,-130.2681646
4629270602,-86.79378969
4629582799,-135.8222265
4629894997,-81.23633582
4630207194,-130.0804968
4630519391,-87.04220367
4630831588,-139.1172247
4631143786,-87.13328375
4631455983,-131.7817602
4631768180,-82.02468121
4632080378,-130.7954321
4632392575,-87.18903194
4632704772,-133.4808264
4633016969,-81.46087654
4633329167,-135.7906866
4633641364,-86.91920197
4633953561,-129.9537725
4634265758,-87.54237387
4634577956,-133.5732794
4634890153,-81.68854531
4635202350,-131.7270575
4635514547,-87.89284007
4635826745,-130.6716375
4636138942,-83.17742184
4636451139,-129.3038702
4636763336,-85.87899996
4637075534,-130.616416
4637387731,-83.15085628
4637699928,-132.4191656
4638012125,-85.19760258
4638324323,-128.5173254
4638636520,-84.27814546
4638948717,-131.0123816
4639260914,-83.16246059
4639573112,-136.5566931
4639885309,-84.57862932
4640197506,-130.872962
4640509703,-84.50389935
4640821901,-131.3762732
4641134098,-85.50108493
4641446295,-136.0290289
4641758492,-83.72094766
4642070690,-132.9304113
4642382887,-83.9177861
4642695084,-134.0334387
4643007281,-83.78463786
4643319479,-130.5761633
4643631676,-85.74386016
4643943873,-129.3156347
4644256071,-86.08400962
4644568268,-135.7807379
4644880465,-82.99053977
4645192662,-126.6879873
4645504860,-84.27140866
4645817057,-134.7530584
4646129254,-81.95917521
4646441451,-135.8788519
4646753649,-86.38411238
4647065846,-140.3603735
4647378043,-82.41165175
4647690240,-131.7254858
4648002438,-88.89736435
4648314635,-131.90763
4648626832,-85.82151215
4648939029,-132.7460699
4649251227,-81.85125741
4649563424,-132.8517675
4649875621,-85.9947149
4650187818,-133.9334478
4650500016,-82.96731588
4650812213,-132.948432
4651124410,-87.7956548
4651436607,-135.0979223
4651748805,-86.68127785
4652061002,-131.3524694
4652373199,-83.21658349
4652685396,-130.8620672
4652997594,-84.79649433
4653309791,-132.2736731
4653621988,-83.1926577
4653934185,-132.7247229
4654246383,-87.97615956
4654558580,-152.9536505
4654870777,-82.15084086
4655182974,-144.4002447
4655495172,-87.31724324
4655807369,-137.1756201
4656119566,-85.795717
4656431763,-130.1891088
4656743961,-82.26634227
4657056158,-128.2854223
4657368355,-86.29065182
4657680553,-129.5904608
4657992750,-83.15741751
4658304947,-130.9881048
4658617144,-89.10947717
4658929342,-135.8715582
4659241539,-85.91963373
4659553736,-132.9632025
4659865933,-82.36820995
4660178131,-130.9999914
4660490328,-86.86989194
4660802525,-138.0250769
4661114722,-81.99635324
4661426920,-131.4266424
4661739117,-87.52510666
4662051314,-135.3958654
4662363511,-82.77944199
4662675709,-140.2602301
4662987906,-86.24450142
4663300103,-127.8785849
4663612300,-86.42364754
4663924498,-133.2434454
4664236695,-82.0542756
4664548892,-133.2756109
4664861089,-85.77802429
4665173287,-126.5941305
4665485484,-82.02232369
4665797681,-127.919776
4666109878,-87.67014194
4666422076,-128.8919287
4666734273,-87.00925832
4667046470,-135.5282354
4667358667,-82.43190014
4667670865,-131.0765448
4667983062,-86.30484232
4668295259,-131.7282629
4668607456,-83.01141375
4668919654,-130.3971167
4669231851,-85.51884582
4669544048,-128.8763647
4669856246,-83.13012715
4670168443,-130.2963171
4670480640,-86.38588949
4670792837,-137.2565832
4671105035,-85.01712118
4671417232,-133.8880529
4671729429,-82.67603316
4672041626,-127.6297522
4672353824,-85.54343537
4672666021,-133.1311712
4672978218,-83.92699468
4673290415,-128.8932104
4673602613,-86.13001443
4673914810,-133.6303015
4674227007,-85.44767875
4674539204,-132.5334539
4674851402,-82.07694253
4675163599,-132.535346
4675475796,-86.26576445
4675787993,-132.3160162
4676100191,-82.72525038
4676412388,-136.4467688
4676724585,-85.19138429
4677036782,-129.6122808
4677348980,-83.33902763
4677661177,-136.0918951
4677973374,-87.66528174
4678285571,-127.5596991
4678597769,-84.23133894
4678909966,-129.1115637
4679222163,-83.78932221
4679534360,-128.3976355
4679846558,-85.55947235
4680158755,-135.2008276
4680470952,-84.00682868
4680783149,-130.5498877
4681095347,-87.59087188
4681407544,-133.2277441
4681719741,-85.31010538
4682031938,-131.4335089
4682344136,-82.5553056
4682656333,-130.9401159
4682968530,-86.05040918
4683280728,-133.4386511
4683592925,-83.70864898
4683905122,-130.190711
4684217319,-89.21161925
4684529517,-140.8977423
4684841714,-82.25149546
4685153911,-137.3786077
4685466108,-87.61187564
4685778306,-134.2519445
4686090503,-83.06677264
4686402700,-141.1453924
4686714897,-83.42002129
4687027095,-133.364356
4687339292,-85.29973701
4687651489,-139.1245337
4687963686,-84.13460581
4688275884,-130.8106909
4688588081,-86.53906504
4688900278,-128.4836187
4689212475,-83.21983357
4689524673,-138.4571905
4689836870,-85.68382395
4690149067,-139.6424322
4690461264,-82.6144563
4690773462,-129.2103796
4691085659,-84.9541252
4691397856,-134.7139502
4691710053,-88.24995606
4692022251,-141.3904791
4692334448,-83.25789663
4692646645,-133.0823889
4692958842,-88.29405434
4693271040,-138.9232855
4693583237,-83.82746919
4693895434,-129.8832006
4694207631,-85.05150687
4694519829,-135.0979528
4694832026,-84.18244214
4695144223,-129.2901068
4695456421,-85.52994657
4695768618,-131.0785742
4696080815,-87.25006552
4696393012,-132.4914923
4696705210,-82.47407543
4697017407,-136.5259314
4697329604,-85.03128897
4697641801,-132.8979101
4697953999,-84.00200691
4698266196,-126.0302954
4698578393,-85.25838569
4698890590,-133.3925238
4699202788,-85.70559068
4699514985,-129.3411779
4699827182,-84.0758671
4700139379,-136.0385046
4700451577,-84.78321144
4700763774,-129.2372808
4701075971,-83.63805418
4701388168,-127.9186697
4701700366,-86.74450232
4702012563,-131.3220282
4702324760,-83.21887991
4702636957,-132.3324347
4702949155,-87.45860831
4703261352,-132.2198706
4703573549,-85.47194027
4703885746,-132.7452154
4704197944,-86.55363735
4704510141,-135.0329504
4704822338,-84.91680223
4705134535,-127.7091742
4705446733,-85.30545148
4705758930,-131.4189978
4706071127,-83.9383396
4706383324,-136.0673437
4706695522,-84.48867854
4707007719,-132.7622137
4707319916,-83.8520969
4707632114,-132.4975042
4707944311,-84.30248309
4708256508,-131.4985876
4708568705,-88.30409529
4708880903,-132.8691168
4709193100,-82.41637432
4709505297,-127.7553015
4709817494,-83.92948188
4710129692,-133.3153143
4710441889,-82.71437087
4710754086,-130.5486517
4711066283,-86.0168094
4711378481,-129.2643499
4711690678,-87.67666527
4712002875,-140.7554541
4712315072,-82.89479082
4712627270,-130.536521
4712939467,-87.68915473
4713251664,-139.3965521
4713563861,-82.85216539
4713876059,-131.8336859
4714188256,-87.16661532
4714500453,-128.386466
4714812650,-82.07312784
4715124848,-129.7876196
4715437045,-87.92212746
4715749242,-130.705924
4716061439,-87.99893313
4716373637,-132.9147711
4716685834,-84.43484555
4716998031,-126.6093817
4717310228,-85.76986094
4717622426,-140.6315985
4717934623,-83.67344698
4718246820,-131.1417303
4718559017,-86.1512931
4718871215,-134.1869421
4719183412,-86.36184953
4719495609,-128.7406988
4719807806,-83.8884205
4720120004,-129.0630713
4720432201,-85.83378777
4720744398,-131.0196142
4721056596,-87.10537426
4721368793,-129.9857092
4721680990,-84.97346589
4721993187,-132.0811529
4722305385,-85.75412156
4722617582,-130.0484686
4722929779,-83.10188316
4723241976,-131.9043341
4723554174,-86.57901322
4723866371,-143.9353857
4724178568,-90.12010795
4724490765,-126.219161
4724802963,-83.01633475
4725115160,-131.0125647
4725427357,-88.836466
4725739554,-127.4872198
4726051752,-82.03549204
4726363949,-136.3845129
4726676146,-88.13930079
4726988343,-127.3736029
4727300541,-83.15362573
4727612738,-126.4403753
4727924935,-86.9232679
4728237132,-130.3327551
4728549330,-87.50842208
4728861527,-126.6391058
4729173724,-82.5595018
4729485921,-130.7997351
4729798119,-86.06309738
4730110316,-131.4874334
4730422513,-84.82341855
4730734710,-125.0943518
4731046908,-85.82673838
4731359105,-131.8051825
4731671302,-86.00178749
4731983499,-126.879775
4732295697,-83.44874604
4732607894,-129.3096075
4732920091,-88.25169862
4733232289,-136.2578344
4733544486,-88.23713402
4733856683,-133.2520666
4734168880,-81.77716073
4734481078,-128.7492437
4734793275,-90.65828585
4735105472,-126.6452551
4735417669,-82.89232656
4735729867,-133.5214605
4736042064,-90.06693113
4736354261,-135.6396704
4736666458,-82.36784377
4736978656,-127.180686
4737290853,-88.93024017
4737603050,-129.9243383
4737915247,-89.50362927
4738227445,-134.0033636
4738539642,-82.47554032
4738851839,-134.364356
4739164036,-87.71578319
4739476234,-132.3360662
4739788431,-83.53411138
4740100628,-128.2528143
4740412825,-83.95595599
4740725023,-129.3265295
4741037220,-86.32316889
4741349417,-135.7425146
4741661614,-82.76899739
4741973812,-139.1386328
4742286009,-88.461815
4742598206,-135.9614935
4742910403,-89.45102452
4743222601,-130.2451391
4743534798,-83.26135283
4743846995,-131.0660467
4744159192,-88.06268685
4744471390,-142.2620459
4744783587,-82.18757642
4745095784,-127.6764822
4745407981,-92.19447229
4745720179,-125.5914526
4746032376,-92.05481622
4746344573,-132.6563787
4746656771,-81.97733318
4746968968,-139.4214544
4747281165,-93.86199093
4747593362,-127.8674994
4747905560,-83.37514527
4748217757,-127.9475851
4748529954,-85.12059903
4748842151,-130.8954077
4749154349,-84.71930782
4749466546,-124.4639502
4749778743,-83.30159789
4750090940,-133.2663794
4750403138,-89.54430171
4750715335,-130.8904028
4751027532,-87.47037471
4751339729,-134.2513342
4751651927,-81.79673014
4751964124,-135.9461737
4752276321,-87.47492954
4752588518,-129.9866552
4752900716,-81.89241801
4753212913,-128.4896612
4753525110,-91.76859184
4753837307,-129.5914068
4754149505,-81.32666785
4754461702,-127.8746634
4754773899,-89.65359302
4755086096,-130.2853308
4755398294,-92.68454646
4755710491,-132.4836035
4756022688,-82.35800186
4756334885,-133.3450232
4756647083,-86.0011621
4756959280,-131.1711493
4757271477,-84.66143886
4757583674,-131.2447119
4757895872,-83.930985
4758208069,-131.0176916
4758520266,-92.89804744
4758832464,-126.5449438
4759144661,-81.1339646
4759456858,-130.473258
4759769055,-94.88325405
4760081253,-129.6939764
4760393450,-88.84267006
4760705647,-125.3059607
4761017844,-80.824791
4761330042,-134.3709631
4761642239,-90.28888572
4761954436,-130.8692846
4762266633,-80.73792271
4762578831,-136.0060492
4762891028,-85.86954724
4763203225,-133.7581854
4763515422,-93.55215358
4763827620,-128.1817694
4764139817,-81.22607428
4764452014,-138.3741674
4764764211,-92.22324274
4765076409,-142.3622351
4765388606,-84.06498775
4765700803,-129.6238775
4766013000,-81.30119331
4766325198,-130.256217
4766637395,-90.19129808
4766949592,-129.4598455
4767261789,-81.81990824
4767573987,-132.3888617
4767886184,-92.01821039
4768198381,-133.315177
4768510578,-95.33013058
4768822776,-129.947257
4769134973,-81.8141862
4769447170,-142.3569555
4769759367,-96.25747585
4770071565,-129.337821
4770383762,-82.32863632
4770695959,-128.9673071
4771008157,-83.45517767
4771320354,-141.2538519
4771632551,-85.40411538
4771944748,-131.9149084
4772256946,-83.0705798
4772569143,-130.2611914
4772881340,-96.93727016
4773193537,-132.7209082
4773505735,-87.73353024
4773817932,-132.3761053
4774130129,-80.02686312
4774442326,-131.0707464
4774754524,-94.76077938
4775066721,-134.2043982
4775378918,-81.04305273
4775691115,-129.4536505
4776003313,-87.23037628
4776315510,-130.9116583
4776627707,-82.88457513
4776939904,-138.6349859
4777252102,-81.68431101
4777564299,-134.823493
4777876496,-97.37805843
4778188693,-131.8770208
4778500891,-84.79213057
4778813088,-130.9053259
4779125285,-80.74546056
4779437482,-133.4833593
4779749680,-90.56191138
4780061877,-134.2337866
4780374074,-80.75135808
4780686271,-136.3945532
4780998469,-90.25121943
4781310666,-132.013648
4781622863,-82.21765914
4781935060,-139.0609961
4782247258,-85.22800594
4782559455,-131.439765
4782871652,-99.04930019
4783183849,-128.4890356
4783496047,-82.03113569
4783808244,-129.9633703
4784120441,-81.13015754
4784432639,-127.1897802
4784744836,-86.27403594
4785057033,-133.386817
4785369230,-80.62903599
4785681428,-134.8060217
4785993625,-93.62499141
4786305822,-128.0542212
4786618019,-80.3968964
4786930217,-130.5611334
4787242414,-86.14562532
4787554611,-140.3747931
4787866808,-97.54602718
4788179006,-127.542861
4788491203,-81.29293831
4788803400,-127.8464346
4789115597,-82.28147904
4789427795,-132.7169104
4789739992,-83.64924667
4790052189,-127.5638266
4790364386,-81.50858316
4790676584,-131.4147863
4790988781,-91.09721271
4791300978,-131.0641088
4791613175,-80.11933139
4791925373,-139.8067999
4792237570,-87.19446493
4792549767,-129.5337439
4792861964,-91.10129444
4793174162,-130.2641668
4793486359,-81.17070014
4793798556,-133.1207495
4794110753,-84.6674128
4794422951,-130.1882544
4794735148,-83.66338395
4795047345,-132.1122046
4795359542,-81.52607736
4795671740,-128.7225714
4795983937,-94.3425436
4796296134,-134.5549078
4796608332,-79.60105898
4796920529,-130.2399817
4797232726,-87.0782
4797544923,-135.05445
4797857121,-91.40320487
4798169318,-128.5545568
4798481515,-79.89102938
4798793712,-132.3562689
4799105910,-84.81793325
4799418107,-128.5513983
4799730304,-82.54393025
4800042501,-135.430274
4800354699,-80.66518407
4800666896,-127.8431768
4800979093,-93.89885616
4801291290,-129.2561102
4801603488,-79.87001803
4801915685,-136.2971869
4802227882,-87.75260463
4802540079,-125.0787649
4802852277,-91.30862325
4803164474,-127.1450567
4803476671,-80.49660496
4803788868,-142.5577917
4804101066,-83.55285687
4804413263,-133.1958227
4804725460,-82.02236189
4805037657,-134.1854315
4805349855,-80.74469762
4805662052,-132.8489599
4805974249,-91.91172693
4806286446,-131.9725714
4806598644,-80.59553532
4806910841,-132.6366034
4807223038,-86.27698098
4807535235,-126.0424032
4807847433,-91.2205724
4808159630,-132.4176245
4808471827,-80.47469334
4808784025,-134.0458899
4809096222,-83.20536074
4809408419,-128.7532721
4809720616,-83.14033539
4810032814,-126.5524054
4810345011,-80.1964722
4810657208,-130.9925756
4810969405,-89.44167898
4811281603,-129.5870581
4811593800,-79.94376376
4811905997,-137.5659552
4812218194,-85.49368486
4812530392,-132.3152533
4812842589,-87.70039711
4813154786,-134.4124517
4813466983,-79.5400696
4813779181,-126.3256292
4814091378,-81.39326486
4814403575,-130.6731939
4814715772,-81.86919416
4815027970,-124.5736456
4815340167,-78.73290254
4815652364,-130.184577
4815964561,-87.6260642
4816276759,-126.7396078
4816588956,-79.34300997
4816901153,-132.6062994
4817213350,-83.33927961
4817525548,-129.0848913
4817837745,-88.11018515
4818149942,-127.913825
4818462139,-80.39816289
4818774337,-129.5582952
4819086534,-80.08918003
4819398731,-130.6140966
4819710928,-83.20719952
4820023126,-143.005271
4820335323,-79.15684511
4820647520,-126.647666
4820959717,-85.51098885
4821271915,-132.3109655
4821584112,-80.22078709
4821896309,-130.1258764
4822208507,-81.72580733
4822520704,-134.8330145
4822832901,-88.12773372
4823145098,-128.1817236
4823457296,-82.73609955
4823769493,-125.8716879
4824081690,-78.92533113
4824393887,-137.2645483
4824706085,-84.0072869
4825018282,-128.4069738
4825330479,-78.46941377
4825642676,-126.1344213
4825954874,-84.21796516
4826267071,-138.2548742
4826579268,-79.27024844
4826891465,-129.9337835
4827203663,-80.51804358
4827515860,-132.7345037
4827828057,-88.42438931
4828140254,-141.6469641
4828452452,-82.03470631
4828764649,-123.5989981
4829076846,-78.05416108
4829389043,-143.0511694
4829701241,-85.04107859
4830013438,-127.4251013
4830325635,-79.5318909
4830637832,-131.0219793
4830950030,-82.0873644
4831262227,-125.7371511
4831574424,-81.17393504
4831886621,-133.2923956
4832198819,-78.49225618
4832511016,-125.0046225
4832823213,-84.34171406
4833135410,-129.1696081
4833447608,-82.89031256
4833759805,-133.4587927
4834072002,-78.61749269
4834384200,-125.3055105
4834696397,-85.28346477
4835008594,-127.7536764
4835320791,-79.37320712
4835632989,-132.6124487
4835945186,-79.41813662
4836257383,-136.4378881
4836569580,-81.88468186
4836881778,-132.4208288
4837193975,-77.5074997
4837506172,-127.0206137
4837818369,-82.75210603
4838130567,-133.8460608
4838442764,-84.82325897
4838754961,-127.7410498
4839067158,-78.55214692
4839379356,-142.1591406
4839691553,-85.17181594
4840003750,-128.4688177
4840315947,-81.1041871
4840628145,-135.0336981
4840940342,-77.87162019
4841252539,-127.6752005
4841564736,-83.87648082
4841876934,-132.1197729
4842189131,-78.51406862
4842501328,-126.7522268
4842813525,-81.30283366
4843125723,-135.081687
4843437920,-83.38313342
4843750117,-129.0284338
4844062314,-78.26692201
4844374512,-130.8867712
4844686709,-83.14585154
4844998906,-128.9366674
4845311103,-83.42628529
4845623301,-127.2607031
4845935498,-78.0984192
4846247695,-134.3098974
4846559892,-81.46485149
4846872090,-136.4386969
4847184287,-79.89691165
4847496484,-130.2311163
4847808682,-78.66705324
4848120879,-129.3643103
4848433076,-81.79609694
4848745273,-131.1498938
4849057471,-77.5787201
4849369668,-129.3431005
4849681865,-80.45494848
4849994062,-133.4856329
4850306260,-82.38779471
4850618457,-134.854331
4850930654,-77.80867768
4851242851,-131.5290289
4851555049,-82.59118678
4851867246,-130.7083807
4852179443,-81.02384193
4852491640,-133.7057257
4852803838,-77.10176087
4853116035,-130.2863379
4853428232,-81.51239025
4853740429,-134.4250402
4854052627,-78.15253449
4854364824,-128.0850134
4854677021,-78.45707704
4854989218,-131.4726171
4855301416,-82.21067066
4855613613,-131.4214392
4855925810,-77.34934235
4856238007,-130.591239
4856550205,-80.12179569
4856862402,-128.9944983
4857174599,-81.56475078
4857486796,-126.9193182
4857798994,-78.8788376
4858111191,-135.2537756
4858423388,-79.53026583
4858735585,-130.573966
4859047783,-80.36542515
4859359980,-135.0588293
4859672177,-77.64791108
4859984375,-137.7482367
4860296572,-80.5926972
4860608769,-125.8534842
4860920966,-78.66803743
4861233164,-131.5611334
4861545361,-78.90482332
4861857558,-133.1649084
4862169755,-82.45616934
4862481953,-136.7441778
4862794150,-80.04425052
4863106347,-129.3751135
4863418544,-77.1362381
4863730742,-132.9801092
4864042939,-81.05873115
4864355136,-129.3114538
4864667333,-79.07748415
4864979531,-130.6124182
4865291728,-78.41911317
4865603925,-127.733077
4865916122,-79.69142916
4866228320,-131.7143621
4866540517,-77.7924881
4866852714,-140.0714636
4867164911,-79.84162906
4867477109,-130.0918951
4867789306,-80.86186224
4868101503,-131.5508947
4868413700,-77.57462311
4868725898,-128.4179907
4869038095,-80.47776036
4869350292,-129.786582
4869662489,-79.59303286
4869974687,-128.3095007
4870286884,-77.50502778
4870599081,-127.3875647
4870911278,-78.78415681
4871223476,-128.2808599
4871535673,-78.69850923
4871847870,-134.8037481
4872160068,-77.85955048
4872472265,-131.4446936
4872784462,-80.01618961
4873096659,-129.2064123
4873408857,-77.30240631
4873721054,-130.5208197
4874033251,-78.5249405
4874345448,-129.6120367
4874657646,-80.11127475
4874969843,-142.0746984
4875282040,-78.69097901
4875594237,-133.572547
4875906435,-77.32653809
4876218632,-134.4121923
4876530829,-80.64144139
4876843026,-128.2669897
4877155224,-77.29414368
4877467421,-129.4123602
4877779618,-78.35646058
4878091815,-132.9859533
4878404013,-78.57434083
4878716210,-135.9260321
4879028407,-77.79785157
4879340604,-134.9849157
4879652802,-80.02725223
4879964999,-134.7052526
4880277196,-79.20491029
4880589393,-135.3485174
4880901591,-77.92747498
4881213788,-130.2266302
4881525985,-79.24803926
4881838182,-127.4793158
4882150380,-78.46374513
4882462577,-128.0781775
4882774774,-77.21717835
4883086971,-129.7177038
4883399169,-79.11392976
4883711366,-134.4586554
4884023563,-77.12875367
4884335760,-126.0898199
4884647958,-77.45274353
4884960155,-136.156867
4885272352,-79.18854524
4885584550,-136.7307348
4885896747,-76.99831391
4886208944,-134.3325109
4886521141,-78.04107667
4886833339,-137.4874792
4887145536,-78.54879762
4887457733,-131.2514257
4887769930,-78.35906983
4888082128,-125.1998434
4888394325,-76.91480255
4888706522,-135.6608191
4889018719,-79.10038759
4889330917,-132.1668005
4889643114,-76.89913178
4889955311,-128.9175329
4890267508,-77.8238144
4890579706,-126.9097509
4890891903,-78.52247621
4891204100,-131.0640783
4891516297,-77.261055
4891828495,-142.8896704
4892140692,-78.49033357
4892452889,-136.191184
4892765086,-77.65370942
4893077284,-132.9829168
4893389481,-76.56278992
4893701678,-131.6810827
4894013875,-78.30138398
4894326073,-128.6102514
4894638270,-77.4875412
4894950467,-133.038703
4895262664,-76.72146607
4895574862,-132.0734625
4895887059,-76.99459076
4896199256,-131.3904333
4896511453,-77.23464966
4896823651,-132.0552893
4897135848,-76.41860199
4897448045,-126.6054678
4897760243,-77.41784668
4898072440,-129.7595434
4898384637,-77.04202271
4898696834,-128.3268805
4899009032,-76.90579224
4899321229,-150.5158148
4899633426,-77.83154297
4899945623,-129.1127234
4900257821,-77.56684876
4900570018,-131.8676062
4900882215,-76.17624664
4901194412,-128.925559
4901506610,-77.67101288
4901818807,-129.5508947
4902131004,-76.84043122
4902443201,-135.3384161
4902755399,-76.29280853
4903067596,-128.6922827
4903379793,-76.61093903
4903691990,-128.0035467
4904004188,-76.56967926
4904316385,-133.980689
4904628582,-76.59897614
4904940779,-129.8406897
4905252977,-77.04645539
4905565174,-130.5424566
4905877371,-76.16296387
4906189568,-131.1383886
4906501766,-77.08888245
4906813963,-129.8617163
4907126160,-76.26565552
4907438357,-132.458869
4907750555,-76.70211029
4908062752,-131.6834173
4908374949,-76.21327973
4908687146,-129.905509
4908999344,-76.80113221
4909311541,-134.356925
4909623738,-76.44972992
4909935935,-126.1990271
4910248133,-76.67445374
4910560330,-130.5745153
4910872527,-76.53733826
4911184725,-132.5400457
4911496922,-76.17606354
4911809119,-133.6773138
4912121316,-76.47770691
4912433514,-129.3988256
4912745711,-75.7107544
4913057908,-136.6243048
4913370105,-75.86173248
4913682303,-133.7649908
4913994500,-77.18273163
4914306697,-143.1923285
4914618894,-76.21586609
4914931092,-128.682807
4915243289,-75.65028381
4915555486,-128.2406836
4915867683,-75.26990509
4916179881,-129.6969061
4916492078,-75.81407929
4916804275,-132.9353552
4917116472,-76.11277771
4917428670,-127.2854834
4917740867,-75.23851776
4918053064,-136.3137579
4918365261,-75.06686401
4918677459,-131.9904547
4918989656,-76.11299134
4919301853,-129.6779242
4919614050,-74.95137787
4919926248,-130.8908758
4920238445,-74.96884155
4920550642,-134.471839
4920862839,-75.628685
4921175037,-131.9368963
4921487234,-74.8605423
4921799431,-126.5555639
4922111628,-75.54537201
4922423826,-134.3046026
4922736023,-76.18389893
4923048220,-137.1317816
4923360418,-75.38195801
4923672615,-128.5226049
4923984812,-75.56040955
4924297009,-123.9901114
4924609207,-75.88439179
4924921404,-134.2217627
4925233601,-75.37126923
4925545798,-126.4761419
4925857996,-74.76702118
4926170193,-126.6788473
4926482390,-75.59957123
4926794587,-131.0486517
4927106785,-74.83143616
4927418982,-127.6281271
4927731179,-74.74752045
4928043376,-131.5069952
4928355574,-75.11779785
4928667771,-132.3130865
4928979968,-74.68331909
4929292165,-127.3638906
4929604363,-75.00067902
4929916560,-126.4156866
4930228757,-75.49971008
4930540954,-126.9179831
4930853152,-74.46543121
4931165349,-129.6524572
4931477546,-74.98260498
4931789743,-128.7276831
4932101941,-75.08453369
4932414138,-131.7237921
4932726335,-75.04315186
4933038532,-128.8734961
4933350730,-74.50422669
4933662927,-134.5763769
4933975124,-75.36093903
4934287321,-133.656745
4934599519,-74.4376297
4934911716,-132.3792028
4935223913,-74.50576019
4935536111,-134.6594915
4935848308,-75.01116943
4936160505,-131.8679724
4936472702,-74.22530365
4936784900,-130.597785
4937097097,-73.96123505
4937409294,-135.3496618
4937721491,-75.64621735
4938033689,-128.9937048
4938345886,-73.65358734
4938658083,-132.1830969
4938970280,-74.8226471
4939282478,-132.3776312
4939594675,-74.63354492
4939906872,-131.0949469
4940219069,-74.27313995
4940531267,-151.6621161
4940843464,-73.50466919
4941155661,-133.0236578
4941467858,-74.57206726
4941780056,-136.9845037
4942092253,-73.36190033
4942404450,-134.1119146
4942716647,-73.4863739
4943028845,-128.7206793
4943341042,-74.13706207
4943653239,-133.5296392
4943965436,-72.86589813
4944277634,-133.8591681
4944589831,-72.83383179
4944902028,-131.8324804
4945214225,-74.18418121
4945526423,-132.0150213
4945838620,-72.54333496
4946150817,-134.4846716
4946463014,-73.52841949
4946775212,-133.7764654
4947087409,-73.58087158
4947399606,-129.0371313
4947711803,-72.86825562
4948024001,-130.7475958
4948336198,-72.19826508
4948648395,-133.9301519
4948960593,-73.47144318
4949272790,-129.5156622
4949584987,-72.54863739
4949897184,-131.1173468
4950209382,-71.8650589
4950521579,-137.5120764
4950833776,-72.93859863
4951145973,-125.7073278
4951458171,-71.68606567
4951770368,-136.7907019
4952082565,-71.7556839
4952394762,-130.5802984
4952706960,-72.92476654
4953019157,-134.8625708
4953331354,-71.03357697
4953643551,-124.1528769
4953955749,-71.31999969
4954267946,-127.784728
4954580143,-72.61182404
4954892340,-130.4670477
4955204538,-71.57389069
4955516735,-129.5202551
4955828932,-70.9489975
4956141129,-124.2718649
4956453327,-72.14086151
4956765524,-128.1139135
4957077721,-71.24036407
4957389918,-127.6051397
4957702116,-70.39866638
4958014313,-129.580451
4958326510,-71.18484497
4958638707,-125.9599524
4958950905,-70.43795013
4959263102,-133.0989294
4959575299,-70.10408783
4959887496,-132.5681067
4960199694,-71.04724884
4960511891,-133.7746801
4960824088,-70.06873322
4961136286,-133.5891485
4961448483,-69.49001312
4961760680,-131.2421789
4962072877,-71.04409027
4962385075,-130.2717504
4962697272,-70.38085938
4963009469,-128.7457037
4963321666,-69.18553162
4963633864,-126.2649755
4963946061,-70.39859772
4964258258,-125.544425
4964570455,-69.97128296
4964882653,-127.6827688
4965194850,-68.75023651
4965507047,-129.6021032
4965819244,-69.10047913
4966131442,-129.7259893
4966443639,-69.0861969
4966755836,-134.0610571
4967068033,-67.93423462
4967380231,-129.1903296
4967692428,-68.50790405
4968004625,-135.758872
4968316822,-68.50905609
4968629020,-127.9351492
4968941217,-67.83112335
4969253414,-128.2346869
4969565611,-68.40553284
4969877809,-137.1182775
4970190006,-67.85905457
4970502203,-125.3748388
4970814400,-67.36959076
4971126598,-127.2298193
4971438795,-68.17360687
4971750992,-127.0284414
4972063189,-68.38011932
4972375387,-133.0020056
4972687584,-66.65081024
4972999781,-127.1445608
4973311978,-67.71646881
4973624176,-127.3385763
4973936373,-67.79509735
4974248570,-130.2415686
4974560768,-66.59642029
4974872965,-129.9483252
4975185162,-66.19954681
4975497359,-133.846427
4975809557,-67.20935059
4976121754,-134.145545
4976433951,-65.94084167
4976746148,-128.5460577
4977058346,-65.77694702
4977370543,-135.2567663
4977682740,-66.43618774
4977994937,-137.7386389
4978307135,-65.57189941
4978619332,-133.2805243
4978931529,-65.25146484
4979243726,-125.471076
4979555924,-66.09883881
4979868121,-125.1616659
4980180318,-64.69848633
4980492515,-127.5568762
4980804713,-64.8256073
4981116910,-134.3028326
4981429107,-65.70015717
4981741304,-125.9377661
4982053502,-65.07396698
4982365699,-124.8088827
4982677896,-64.11264801
4982990093,-126.1883307
4983302291,-64.95632935
4983614488,-129.6454535
4983926685,-64.36467743
4984238882,-125.7458563
4984551080,-63.49596024
4984863277,-126.4447546
4985175474,-63.78550339
4985487671,-129.203681
4985799869,-63.63922882
4986112066,-131.949378
4986424263,-62.92337418
4986736461,-134.2783728
4987048658,-63.20409775
4987360855,-134.5414495
4987673052,-63.03503799
4987985250,-140.2658453
4988297447,-62.24716187
4988609644,-137.740592
4988921841,-62.51171494
4989234039,-136.8983221
4989546236,-62.97323227
4989858433,-130.3220892
4990170630,-61.6076889
4990482828,-129.9642553
4990795025,-61.95771408
4991107222,-130.6266241
4991419419,-62.21660233
4991731617,-124.711318
4992043814,-61.4627533
4992356011,-134.1723394
4992668208,-60.83972168
4992980406,-142.0745764
4993292603,-61.33158875
4993604800,-129.1156378
4993916997,-60.64241409
4994229195,-127.5952444
4994541392,-60.22001648
4994853589,-127.115531
4995165786,-60.50242615
4995477984,-132.1897192
4995790181,-59.8551445
4996102378,-129.9432135
4996414575,-59.40996552
4996726773,-145.7122107
4997038970,-59.66518402
4997351167,-133.5771246
4997663364,-59.18987274
4997975562,-133.754447
4998287759,-58.71677017
4998599956,-128.0405035
4998912154,-58.92127609
4999224351,-130.8819647
4999536548,-58.97144318
4999848745,-134.7435217
5000160943,-57.98378754
5000473140,-132.1366034
5000785337,-58.13500595
5001097534,-126.0004416
5001409732,-58.07970428
5001721929,-128.6041479
5002034126,-57.52244186
5002346323,-129.1037207
5002658521,-57.25327682
5002970718,-134.5229559
5003282915,-57.25162506
5003595112,-127.6033545
5003907310,-56.78990555
5004219507,-126.3243856
5004531704,-56.38991928
5004843901,-126.8298407
5005156099,-56.46837616
5005468296,-135.1535559
5005780493,-56.0287056
5006092690,-134.1060858
5006404888,-55.75365829
5006717085,-134.3491735
5007029282,-55.73583984
5007341479,-131.2174292
5007653677,-55.27999878
5007965874,-141.2630987
5008278071,-54.99907303
5008590268,-130.0720282
5008902466,-54.93274689
5009214663,-131.9650488
5009526860,-54.80321884
5009839057,-138.0258856
5010151255,-54.28069305
5010463452,-128.895545
5010775649,-54.24695587
5011087846,-133.0186071
5011400044,-54.07210922
5011712241,-132.8467016
5012024438,-53.82523727
5012336636,-129.393302
5012648833,-53.54382706
5012961030,-140.4387274
5013273227,-53.36016083
5013585425,-130.168067
5013897622,-53.1831131
5014209819,-132.9608984
5014522016,-53.05897522
5014834214,-143.1795263
5015146411,-52.75698471
5015458608,-132.5803289
5015770805,-52.61227417
5016083003,-141.9942083
5016395200,-52.51606369
5016707397,-132.4239264
5017019594,-52.37208557
5017331792,-132.1123877
5017643989,-52.06201172
5017956186,-126.9458532
5018268383,-52.03856277
5018580581,-134.5819159
5018892778,-51.87180328
5019204975,-131.3864813
5019517172,-51.64918518
5019829370,-128.1322546
5020141567,-51.57555771
5020453764,-139.6651831
5020765961,-51.4817009
5021078159,-127.5484915
5021390356,-51.26878357
5021702553,-132.1626348
5022014750,-51.22563553
5022326948,-133.5254278
5022639145,-51.21261978
5022951342,-128.9411077
5023263539,-50.96001434
5023575737,-130.608161
5023887934,-50.97125244
5024200131,-133.5503149
5024512329,-51.06627274
5024824526,-131.4846258
5025136723,-50.81219864
5025448920,-130.9035101
5025761118,-50.77492905
5026073315,-136.2195196
5026385512,-50.98239517
5026697709,-129.1929998
5027009907,-50.95027161
5027322104,-136.5462561
5027634301,-50.74176407
5027946498,-132.2904425
5028258696,-51.00802612
5028570893,-134.5028143
5028883090,-51.04425049
5029195287,-140.8176031
5029507485,-50.88204193
5029819682,-135.5292273
5030131879,-50.91954041
5030444076,-127.1632528
5030756274,-51.21700668
5031068471,-132.1407995
5031380668,-51.14994431
5031692865,-133.6751623
5032005063,-51.20414734
5032317260,-145.7242651
5032629457,-51.42738342
5032941654,-134.7625036
5033253852,-51.56463242
5033566049,-136.2939215
5033878246,-51.67542648
5034190443,-128.3299627
5034502641,-51.86191559
5034814838,-131.6083441
5035127035,-52.02635574
5035439232,-126.7458105
5035751430,-52.26649857
5036063627,-129.1915045
5036375824,-52.45078278
5036688022,-131.3049994
5037000219,-52.53070831
5037312416,-133.4206915
5037624613,-52.65179062
5037936811,-130.8004522
5038249008,-53.01539993
5038561205,-129.3913946
5038873402,-52.9725914
5039185600,-132.760169
5039497797,-53.15246582
5039809994,-144.1566381
5040122191,-53.44311142
5040434389,-127.9485769
5040746586,-53.30231094
5041058783,-135.2394629
5041370980,-53.40771484
5041683178,-133.6346655
5041995375,-53.64981842
5042307572,-136.6114721
5042619769,-53.28706741
5042931967,-132.8680029
5043244164,-53.2895813
5043556361,-134.3396521
5043868558,-53.39351654
5044180756,-131.363471
5044492953,-53.28064346
5044805150,-133.5318518
5045117347,-52.89731598
5045429545,-133.3925085
5045741742,-52.8145752
5046053939,-129.776206
5046366136,-52.68480301
5046678334,-131.5440283
5046990531,-52.48300171
5047302728,-138.2910528
5047614925,-52.23710632
5047927123,-131.7078009
5048239320,-52.00811386
5048551517,-129.9494085
5048863714,-51.96579742
5049175912,-133.4061193
5049488109,-52.01387787
5049800306,-139.0169439
5050112504,-51.59581757
5050424701,-131.0555334
5050736898,-51.60502625
5051049095,-131.6879644
5051361293,-51.70904541
5051673490,-135.9083624
5051985687,-51.67048264
5052297884,-140.3573217
5052610082,-51.47537994
5052922279,-145.5103521
5053234476,-51.67567444
5053546673,-130.8737555
5053858871,-51.77234268
5054171068,-130.8969336
5054483265,-51.7521553
5054795462,-129.5692816
5055107660,-51.77606201
5055419857,-133.2428961
5055732054,-52.12554932
5056044251,-136.0000219
5056356449,-52.21780777
5056668646,-128.1218939
5056980843,-52.44529343
5057293040,-140.8991613
5057605238,-52.55371857
5057917435,-131.7393103
5058229632,-52.81648254
5058541829,-127.3682928
5058854027,-53.08145142
5059166224,-133.0490026
5059478421,-53.13916779
5059790618,-136.9217749
5060102816,-53.04747391
5060415013,-128.2946081
5060727210,-53.48384094
5061039407,-129.0911016
5061351605,-53.39766693
5061663802,-129.3834143
5061975999,-53.21227646
5062288197,-135.0429754
5062600394,-53.17681122
5062912591,-127.5118933
5063224788,-53.0671196
5063536986,-149.9691534
5063849183,-52.91847229
5064161380,-132.2430334
5064473577,-52.8117218
5064785775,-135.2164068
5065097972,-52.42716217
5065410169,-130.3215399
5065722366,-52.40786743
5066034564,-135.8759985
5066346761,-52.42017365
5066658958,-139.5674047
5066971155,-52.22449493
5067283353,-129.1774206
5067595550,-51.9656105
5067907747,-128.9927588
5068219944,-52.14915466
5068532142,-137.9918737
5068844339,-52.07988358
5069156536,-132.6207647
5069468733,-51.95843506
5069780931,-130.7016668
5070093128,-52.06084824
5070405325,-133.9574499
5070717522,-52.28139114
5071029720,-131.3925848
5071341917,-52.35642242
5071654114,-128.5785742
5071966311,-52.55932999
5072278509,-129.3613501
5072590706,-52.69168091
5072902903,-143.4530859
5073215100,-52.93501282
5073527298,-130.3492346
5073839495,-53.24448395
5074151692,-128.0673285
5074463889,-53.24308014
5074776087,-155.1777258
5075088284,-53.11673737
5075400481,-133.2097998
5075712679,-53.50264359
5076024876,-130.3098059
5076337073,-53.40128708
5076649270,-130.105567
5076961468,-53.19263077
5077273665,-133.192359
5077585862,-53.06702042
5077898059,-134.7960577
5078210257,-52.92450714
5078522454,-143.6028662
5078834651,-52.8106575
5079146848,-126.3877783
5079459046,-52.83644485
5079771243,-128.8182745
5080083440,-52.28237152
5080395637,-128.0341864
5080707835,-52.36623764
5081020032,-131.8257971
5081332229,-52.43761444
5081644426,-135.421195
5081956624,-52.32598877
5082268821,-135.122901
5082581018,-52.21068573
5082893215,-131.7047949
5083205413,-52.43419266
5083517610,-129.1517096
5083829807,-52.44089127
5084142004,-135.0658178
5084454202,-52.57693863
5084766399,-128.0700445
5085078596,-52.81440735
5085390793,-138.8553228
5085702991,-52.84976959
5086015188,-131.9264288
5086327385,-53.09458923
5086639582,-139.9071875
5086951780,-53.28722763
5087263977,-128.9309912
5087576174,-53.17633438
5087888372,-128.554801
5088200569,-53.25799942
5088512766,-132.0134954
5088824963,-53.32496262
5089137161,-129.1326208
5089449358,-53.03768539
5089761555,-128.0979223
5090073752,-53.01485825
5090385950,-133.0662451
5090698147,-52.74928284
5091010344,-134.7298651
5091322541,-52.49987793
5091634739,-130.6823187
5091946936,-52.57237244
5092259133,-128.0737524
5092571330,-52.40013123
5092883528,-130.9110785
5093195725,-52.24920654
5093507922,-129.5651464
5093820119,-52.34962845
5094132317,-134.1795568
5094444514,-52.47356796
5094756711,-131.6459723
5095068908,-52.61367798
5095381106,-135.63346
5095693303,-52.77656937
5096005500,-131.849021
5096317697,-52.80717468
5096629895,-130.4053411
5096942092,-52.82381439
5097254289,-132.2843084
5097566486,-53.3387413
5097878684,-133.6510229
5098190881,-53.27527237
5098503078,-130.2244787
5098815275,-53.19563293
5099127473,-129.6722784
5099439670,-53.18949127
5099751867,-136.2239752
5100064065,-53.0486412
5100376262,-134.6952581
5100688459,-52.97280121
5101000656,-127.8602133
5101312854,-52.95502472
5101625051,-126.7385626
5101937248,-52.45880127
5102249445,-128.7153997
5102561643,-52.529953
5102873840,-130.8333502
5103186037,-52.60771561
5103498234,-130.9162512
5103810432,-52.46426392
5104122629,-129.1030188
5104434826,-52.45824432
5104747023,-132.3579168
5105059221,-52.62419891
5105371418,-141.3739843
5105683615,-52.73797607
5105995812,-136.8841162
5106308010,-52.95904922
5106620207,-132.3288336
5106932404,-53.15513992
5107244601,-127.4229956
5107556799,-53.08297348
5107868996,-135.0235662
5108181193,-53.31213379
5108493390,-131.2282171
5108805588,-53.33257294
5109117785,-129.4737921
5109429982,-53.16045761
5109742179,-131.4763403
5110054377,-53.12784195
5110366574,-132.9929113
5110678771,-52.84315109
5110990968,-131.9652014
5111303166,-52.55552292
5111615363,-136.7405462
5111927560,-52.67137146
5112239757,-134.6243963
5112551955,-52.59981155
5112864152,-132.9925604
5113176349,-52.53707504
5113488547,-130.9352179
5113800744,-52.66027451
5114112941,-127.8930349
5114425138,-52.68719482
5114737336,-131.735755
5115049533,-53.01397324
5115361730,-127.8300314
5115673927,-53.28268814
5115986125,-130.8496161
5116298322,-53.15821457
5116610519,-129.4029913
5116922716,-53.1711731
5117234914,-139.7712011
5117547111,-53.26424026
5117859308,-134.4227972
5118171505,-53.15814209
5118483703,-131.0249243
5118795900,-53.15640259
5119108097,-128.0716772
5119420294,-52.73942184
5119732492,-134.0089636
5120044689,-52.57655334
5120356886,-128.4680395
5120669083,-52.67962265
5120981281,-134.2117529
5121293478,-52.74153519
5121605675,-137.9623175
5121917872,-52.63515091
5122230070,-137.0056067
5122542267,-52.83302689
5122854464,-132.2117987
5123166661,-52.80013275
5123478859,-129.7778692
5123791056,-52.83779144
5124103253,-133.75846
5124415450,-53.20838165
5124727648,-141.8422003
5125039845,-53.26000595
5125352042,-128.3989172
5125664240,-53.23225403
5125976437,-131.2565374
5126288634,-53.27653122
5126600831,-134.2677526
5126913029,-52.8923378
5127225226,-131.1473913
5127537423,-53.02186584
5127849620,-138.2455816
5128161818,-52.96912766
5128474015,-131.1440649
5128786212,-52.70252609
5129098409,-133.7775183
5129410607,-52.6240654
5129722804,-129.5554876
5130035001,-52.7340126
5130347198,-127.2278585
5130659396,-52.77869415
5130971593,-128.2088537
5131283790,-53.06884003
5131595987,-136.5678625
5131908185,-53.13777161
5132220382,-129.8445196
5132532579,-53.21332169
5132844776,-131.613349
5133156974,-53.38073349
5133469171,-126.4899588
5133781368,-53.33207703
5134093565,-126.0694265
5134405763,-53.23197174
5134717960,-130.802268
5135030157,-53.22741318
5135342354,-129.6475286
5135654552,-52.92814255
5135966749,-133.8254919
5136278946,-52.72294235
5136591143,-141.6972418
5136903341,-52.84846497
5137215538,-131.7100439
5137527735,-52.85492706
5137839932,-132.7983313
5138152130,-53.08922195
5138464327,-137.7905951
5138776524,-53.27868271
5139088722,-130.3014441
5139400919,-53.19695282
5139713116,-135.8699102
5140025313,-53.51593399
5140337511,-128.7173986
5140649708,-53.52287674
5140961905,-134.3047094
5141274102,-53.48131561
5141586300,-129.6514196
5141898497,-53.45077896
5142210694,-136.9026403
5142522891,-53.16595459
5142835089,-138.8387976
5143147286,-53.03179169
5143459483,-140.1348181
5143771680,-53.10708618
5144083878,-129.9063025
5144396075,-53.09859467
5144708272,-130.8135443
5145020469,-53.37746811
5145332667,-136.5654821
5145644864,-53.47774887
5145957061,-132.3237677
5146269258,-53.40899658
5146581456,-130.8292303
5146893653,-53.5386734
5147205850,-131.3770819
5147518047,-53.76095581
5147830245,-126.6253195
5148142442,-53.67603302
5148454639,-131.4799109
5148766836,-53.74765015
5149079034,-129.4224157
5149391231,-53.33347702
5149703428,-128.1829138
5150015625,-53.25941086
5150327823,-130.2375097
5150640020,-53.33749008
5150952217,-132.82833
5151264415,-53.26784897
5151576612,-128.4416723
5151888809,-53.29301453
5152201006,-134.2581396
5152513204,-53.72386169
5152825401,-132.7215643
5153137598,-53.72404099
5153449795,-131.079154
5153761993,-53.74626541
5154074190,-131.4989843
5154386387,-53.77289963
5154698584,-139.6033087
5155010782,-53.70105362
5155322979,-131.8851843
5155635176,-53.79236221
5155947373,-129.423316
5156259571,-53.65731049
5156571768,-128.3063879
5156883965,-53.3488121
5157196162,-138.0150824
5157508360,-53.40410995
5157820557,-131.5316534
5158132754,-53.31682968
5158444951,-128.3568945
5158757149,-53.42063522
5159069346,-136.7331457
5159381543,-53.78754425
5159693740,-131.2337866
5160005938,-53.81856155
5160318135,-130.0919409
5160630332,-53.90709686
5160942529,-133.2098761
5161254727,-53.86407852
5161566924,-124.7591848
5161879121,-53.5212059
5162191318,-136.4950018
5162503516,-53.56343842
5162815713,-128.4389563
5163127910,-53.38960266
5163440108,-128.5796728
5163752305,-53.28264236
5164064502,-128.7446508
5164376699,-53.46451569
5164688897,-138.5607977
5165001094,-53.41047287
5165313291,-136.0145941
5165625488,-53.57102966
5165937686,-129.3865423
5166249883,-53.80875778
5166562080,-128.9297552
5166874277,-53.76647568
5167186475,-129.4783545
5167498672,-53.83148956
5167810869,-133.5987463
5168123066,-53.62605286
5168435264,-130.2279425
5168747461,-53.34050369
5169059658,-134.573966
5169371855,-53.25559235
5169684053,-132.6869879
5169996250,-53.161129
5170308447,-129.761817
5170620644,-53.28549957
5170932842,-133.3521643
5171245039,-53.63036346
5171557236,-129.5732946
5171869433,-53.68198776
5172181631,-134.510047
5172493828,-53.79167175
5172806025,-128.50138
5173118222,-53.74995804
5173430420,-128.0143042
5173742617,-53.42161942
5174054814,-133.1208258
5174367011,-53.3262558
5174679209,-136.8044958
5174991406,-53.25955582
5175303603,-130.5040655
5175615800,-53.19873428
5175927998,-132.7472754
5176240195,-53.36500931
5176552392,-140.5811377
5176864590,-53.36077499
5177176787,-125.2226095
5177488984,-53.55130386
5177801181,-129.8374548
5178113379,-53.6852417
5178425576,-129.1203375
5178737773,-53.54504395
5179049970,-127.4999838
5179362168,-53.52611542
5179674365,-131.9288855
5179986562,-53.40649796
5180298759,-132.9496374
5180610957,-53.19221878
5180923154,-134.4381323
5181235351,-53.23435593
5181547548,-126.2960119
5181859746,-53.11407471
5182171943,-135.5233831
5182484140,-53.29070282
5182796337,-127.6002798
5183108535,-53.58418655
5183420732,-131.0914679
5183732929,-53.58369827
5184045126,-130.6992559
5184357324,-53.58982468
5184669521,-140.4741583
5184981718,-53.47247696
5185293915,-139.4058142
5185606113,-53.1905098
5185918310,-125.7068396
5186230507,-53.21647644
5186542704,-130.1020117
5186854902,-53.01314545
5187167099,-136.7578344
5187479296,-53.24121857
5187791493,-131.3695288
5188103691,-53.5229454
5188415888,-129.9410467
5188728085,-53.56434631
5189040283,-127.2271795
5189352480,-53.61309814
5189664677,-129.9283209
5189976874,-53.55969238
5190289072,-129.0590429
5190601269,-53.25403595
5190913466,-136.5356359
5191225663,-53.23426437
5191537861,-132.0797796
5191850058,-53.05207062
5192162255,-146.6881781
5192474452,-53.1895752
5192786650,-134.7866888
5193098847,-53.48361969
5193411044,-128.3362188
5193723241,-53.55571365
5194035439,-128.4171362
5194347636,-53.59767532
5194659833,-130.8939428
5194972030,-53.6095047
5195284228,-128.7862158
5195596425,-53.34499741
5195908622,-127.1099005
5196220819,-53.25540543
5196533017,-137.4203863
5196845214,-53.03279114
5197157411,-125.6386938
5197469608,-53.19748688
5197781806,-126.8852148
5198094003,-53.51725388
5198406200,-129.4634466
5198718397,-53.53863907
5199030595,-138.8082342
5199342792,-53.63718796
5199654989,-133.8379278
5199967186,-53.62256241
5200279384,-128.9825964
5200591581,-53.37720871
5200903778,-128.8373175
5201215975,-53.3509903
5201528173,-130.8674536
5201840370,-53.09841156
5202152567,-133.752326
5202464765,-53.24269867
5202776962,-130.679801
5203089159,-53.5501442
5203401356,-126.4240179
5203713554,-53.61799622
5204025751,-129.1765966
5204337948,-53.72700882
5204650145,-128.2243567
5204962343,-53.74047852
5205274540,-129.4034338
5205586737,-53.44380188
5205898934,-146.2057867
5206211132,-53.29632187
5206523329,-128.2456579
5206835526,-53.15692139
5207147723,-131.9756994
5207459921,-53.37029648
5207772118,-137.300559
5208084315,-53.60718536
5208396512,-134.2985754
5208708710,-53.70370102
5209020907,-129.4225073
5209333104,-54.00305939
5209645301,-130.8904181
5209957499,-53.72475815
5210269696,-128.2779608
5210581893,-53.49349594
5210894090,-128.5258703
5211206288,-53.36365128
5211518485,-131.3475409
5211830682,-53.19118118
5212142879,-132.0077581
5212455077,-53.44350433
5212767274,-136.6241217
5213079471,-53.69068146
5213391668,-134.4783545
5213703866,-53.77691269
5214016063,-142.3460913
5214328260,-53.95206451
5214640458,-129.880332
5214952655,-53.7090416
5215264852,-129.3007116
5215577049,-53.49541473
5215889247,-139.5863867
5216201444,-53.37733078
5216513641,-134.7095861
5216825838,-53.3356781
5217138036,-133.907279
5217450233,-53.62401581
5217762430,-125.9408102
5218074627,-53.72861481
5218386825,-134.1995306
5218699022,-53.70974731
5219011219,-131.9126501
5219323416,-53.86212158
5219635614,-131.1573706
5219947811,-53.54633713
5220260008,-128.0010595
5220572205,-53.45838547
5220884403,-129.8217382
5221196600,-53.48581696
5221508797,-127.0365667
5221820994,-53.47282791
5222133192,-136.3403692
5222445389,-53.83906555
5222757586,-135.4057684
5223069783,-53.80917358
5223381981,-125.721015
5223694178,-53.63302994
5224006375,-129.9397955
5224318572,-53.53552246
5224630770,-134.4194708
5224942967,-53.31822205
5225255164,-133.6261816
5225567361,-53.41348648
5225879559,-127.7594519
5226191756,-53.6283493
5226503953,-133.8288183
5226816151,-53.77412796
5227128348,-125.7469778
5227440545,-54.01470947
5227752742,-130.9101629
5228064940,-53.80036926
5228377137,-130.403327
5228689334,-53.55516052
5229001531,-135.2225561
5229313729,-53.30407333
5229625926,-131.7039404
5229938123,-53.28302002
5230250320,-124.4518499
5230562518,-53.47436523
5230874715,-128.78971
5231186912,-53.67820358
5231499109,-129.7277441
5231811307,-53.88938904
5232123504,-130.8149786
5232435701,-53.94403458
5232747898,-125.1385946
5233060096,-53.62165833
5233372293,-125.572463
5233684490,-53.48007584
5233996687,-129.4274664
5234308885,-53.42154312
5234621082,-127.3111105
5234933279,-53.484272
5235245476,-128.4101019
5235557674,-53.75719452
5235869871,-134.2126837
5236182068,-53.65824127
5236494265,-127.4103765
5236806463,-53.69745255
5237118660,-130.9809484
5237430857,-53.50295258
5237743054,-130.4888067
5238055252,-53.29449081
5238367449,-139.7691107
5238679646,-53.42263031
5238991843,-124.4297781
5239304041,-53.61912155
5239616238,-134.2656927
5239928435,-53.85456085
5240240633,-129.7857885
5240552830,-54.04443359
5240865027,-132.2848272
5241177224,-53.55008316
5241489422,-132.5981665
5241801619,-53.504776
5242113816,-130.9448156
5242426013,-53.30660629
5242738211,-130.8172064
5243050408,-53.32229996
5243362605,-130.3404913
5243674802,-53.60477448
5243987000,-127.2988501
5244299197,-53.71821594
5244611394,-133.3976202
5244923591,-53.78094482
5245235789,-138.2910833
5245547986,-53.65773773
5245860183,-133.3996038
5246172380,-53.38901138
5246484578,-126.6377172
5246796775,-53.56492233
5247108972,-132.7555914
5247421169,-53.53504944
5247733367,-141.9160986
5248045564,-53.80135727
5248357761,-131.9969244
5248669958,-53.75531769
5248982156,-134.4525976
5249294353,-53.55640793
5249606550,-132.8749456
5249918747,-53.48023605
5250230945,-135.0197363
5250543142,-53.30116272
5250855339,-130.289237
5251167536,-53.2757225
5251479734,-129.2547216
5251791931,-53.6883049
5252104128,-130.2684851
5252416326,-53.65551376
5252728523,-134.5710821
5253040720,-53.86011124
5253352917,-132.1350622
5253665115,-53.39591217
5253977312,-137.8413916
5254289509,-53.46380997
5254601706,-125.5476522
5254913904,-53.58535767
5255226101,-134.5678015
5255538298,-53.5819664
5255850495,-131.094779
5256162693,-53.87548828
5256474890,-127.6658468
5256787087,-53.77729034
5257099284,-132.4064703
5257411482,-53.61882782
5257723679,-135.0363531
5258035876,-53.54708481
5258348073,-130.136817
5258660271,-53.30924988
5258972468,-138.9776525
5259284665,-53.69757843
5259596862,-133.1410742
5259909060,-53.74563217
5260221257,-132.3079443
5260533454,-53.72460175
5260845651,-126.84764
5261157849,-53.55437851
5261470046,-128.782279
5261782243,-53.36578369
5262094440,-136.0577002
5262406638,-53.52848816
5262718835,-129.5956793
5263031032,-53.6764946
5263343229,-133.7777472
5263655427,-53.75247574
5263967624,-141.5301428
5264279821,-54.02982712
5264592019,-129.3936834
5264904216,-53.71114731
5265216413,-129.0235662
5265528610,-53.64014435
5265840808,-128.8011541
5266153005,-53.47138977
5266465202,-147.2939215
5266777399,-53.66275787
5267089597,-134.5033636
5267401794,-53.9643631
5267713991,-126.2988195
5268026188,-53.84779358
5268338386,-131.7530584
5268650583,-53.68859482
5268962780,-135.5698767
5269274977,-53.37726212
5269587175,-139.2632055
5269899372,-53.44148636
5270211569,-138.9246893
5270523766,-53.6806221
5270835964,-126.0172796
5271148161,-53.78894043
5271460358,-132.0940161
5271772555,-54.01337814
5272084753,-139.1055975
5272396950,-53.79759216
5272709147,-132.6693029
5273021344,-53.5406456
5273333542,-128.1166601
5273645739,-53.65925598
5273957936,-130.6906805
5274270133,-53.7815361
5274582331,-130.8879309
5274894528,-54.11400986
5275206725,-130.9443579
5275518922,-54.11393356
5275831120,-132.40734
5276143317,-53.7858696
5276455514,-136.0053015
5276767711,-53.68268967
5277079909,-132.1098547
5277392106,-53.59274292
5277704303,-125.3790197
5278016501,-53.77619171
5278328698,-144.0696325
5278640895,-53.85086823
5278953092,-131.8267736
5279265290,-53.85572815
5279577487,-131.4781256
5279889684,-53.75402069
5280201881,-133.3761816
5280514079,-53.46784592
5280826276,-131.9420385
5281138473,-53.49328232
5281450670,-130.9422369
5281762868,-53.80534744
5282075065,-129.6403875
5282387262,-53.85871124
5282699459,-130.8027716
5283011657,-53.94000244
5283323854,-128.7564154
5283636051,-53.50537109
5283948248,-141.4653845
5284260446,-53.71895218
5284572643,-133.0089331
5284884840,-53.75761795
5285197037,-132.9241247
5285509235,-53.88300705
5285821432,-132.9392767
5286133629,-54.00398636
5286445826,-130.2682257
5286758024,-53.7303009
5287070221,-125.0550375
5287382418,-53.77337646
5287694615,-128.5214453
5288006813,-53.74075699
5288319010,-126.6573629
5288631207,-53.70739746
5288943404,-129.644599
5289255602,-54.07531357
5289567799,-136.8760748
5289879996,-53.83837891
5290192194,-139.6075506
5290504391,-53.81384277
5290816588,-130.4477606
5291128785,-53.49826813
5291440983,-133.3497381
5291753180,-53.75667953
5292065377,-139.5324621
5292377574,-53.94821167
5292689772,-134.9682226
5293001969,-53.84724045
5293314166,-132.9211493
5293626363,-53.66395569
5293938561,-129.425498
5294250758,-53.40350342
5294562955,-130.204978
5294875152,-53.46936035
5295187350,-134.8980017
5295499547,-53.75864029
5295811744,-128.2516851
5296123941,-53.6980896
5296436139,-127.5928946
5296748336,-53.76100922
5297060533,-139.363349
5297372730,-53.4667511
5297684928,-129.0158911
5297997125,-53.41869354
5298309322,-131.2659826
5298621519,-53.62198639
5298933717,-126.4650946
5299245914,-53.80249405
5299558111,-139.1630468
5299870308,-53.89480972
5300182506,-127.7079306
5300494703,-53.64172363
5300806900,-136.4977331
5301119097,-53.43810654
5301431295,-131.296546
5301743492,-53.59240723
5302055689,-129.5040045
5302367886,-53.73200607
5302680084,-128.899848
5302992281,-54.01271439
5303304478,-126.6567831
5303616676,-53.58568192
5303928873,-130.8069372
5304241070,-53.63855743
5304553267,-127.741477
5304865465,-53.62602615
5305177662,-135.9051123
5305489859,-53.67890549
5305802056,-129.061347
5306114254,-53.91625214
5306426451,-128.1683569
5306738648,-53.65384293
5307050845,-129.0083532
5307363043,-53.69569778
5307675240,-129.9240484
5307987437,-53.58395004
5308299634,-127.8059225
5308611832,-53.5537796
5308924029,-134.4048834
5309236226,-53.91386032
5309548423,-132.0581884
5309860621,-53.66982269
5310172818,-131.0130835
5310485015,-53.7359314
5310797212,-136.7646551
5311109410,-53.46396637
5311421607,-131.5590582
5311733804,-53.77333832
5312046001,-143.4297094
5312358199,-53.87031174
5312670396,-125.7669516
5312982593,-53.7306366
5313294790,-131.3237677
5313606988,-53.53290176
5313919185,-129.6025152
5314231382,-53.40278244
5314543579,-130.8371649
5314855777,-53.66511536
5315167974,-129.78617
5315480171,-53.80471802
5315792369,-129.5928411
5316104566,-53.70472717
5316416763,-130.0506659
5316728960,-53.60326767
5317041158,-133.11164
5317353355,-53.34820938
5317665552,-136.4739447
5317977749,-53.60393143
5318289947,-135.1150122
5318602144,-53.65754318
5318914341,-135.60958
5319226538,-53.76774597
5319538736,-125.2175436
5319850933,-53.58250427
5320163130,-130.1511297
5320475327,-53.33846664
5320787525,-130.193717
5321099722,-53.52363586
5321411919,-130.2230749
5321724116,-53.64780045
5322036314,-133.4112005
5322348511,-53.7712326
5322660708,-138.1500311
5322972905,-53.63082504
5323285103,-128.8060064
5323597300,-53.41324615
5323909497,-128.9044561
5324221694,-53.6902771
5324533892,-127.6241598
5324846089,-53.65496445
5325158286,-135.6631842
5325470483,-53.76687622
5325782681,-132.8996191
5326094878,-53.42638779
5326407075,-128.4170141
5326719272,-53.51804352
5327031470,-131.9518499
5327343667,-53.70156479
5327655864,-126.5491171
5327968062,-53.65357971
5328280259,-136.4999456
5328592456,-53.73567963
5328904653,-129.579566
5329216851,-53.43414307
5329529048,-131.0631933
5329841245,-53.57209778
5330153442,-128.9015417
5330465640,-53.66963196
5330777837,-128.4508123
5331090034,-53.83477783
5331402231,-136.3798285
5331714429,-53.73681641
5332026626,-130.4030981
5332338823,-53.49040222
5332651020,-131.6126013
5332963218,-53.57764435
5333275415,-129.7456427
5333587612,-53.67370987
5333899809,-130.6567602
5334212007,-53.85943604
5334524204,-141.7268896
5334836401,-53.76514816
5335148598,-128.8241339
5335460796,-53.47022629
5335772993,-134.826148
5336085190,-53.71915817
5336397387,-133.9557714
5336709585,-53.72114944
5337021782,-133.9776068
5337333979,-53.88997269
5337646176,-130.9171057
5337958374,-53.48921585
5338270571,-130.6023474
5338582768,-53.66465378
5338894965,-131.4840612
5339207163,-53.75336838
5339519360,-130.3895178
5339831557,-53.72816849
5340143754,-131.9870672
5340455952,-53.76029205
5340768149,-131.2849798
5341080346,-53.55797195
5341392544,-131.9873724
5341704741,-53.67461395
5342016938,-126.730895
5342329135,-53.79272461
5342641333,-140.9414129
5342953530,-53.75282288
5343265727,-129.0190496
5343577924,-53.77024841
5343890122,-142.4630346
5344202319,-53.56792831
5344514516,-130.7347021
5344826713,-53.69559479
5345138911,-131.7237158
5345451108,-53.79900742
5345763305,-135.1953497
5346075502,-53.96488953
5346387700,-133.462882
5346699897,-53.82062912
5347012094,-127.2605429
5347324291,-53.6366806
5347636489,-130.3867559
5347948686,-53.80035782
5348260883,-132.1327429
5348573080,-53.8956871
5348885278,-132.4669256
5349197475,-54.03290939
5349509672,-148.976325
5349821869,-53.81368256
5350134067,-132.2320013
5350446264,-53.7189827
5350758461,-128.5835791
5351070658,-53.95101547
5351382856,-133.1289587
5351695053,-53.97726822
5352007250,-130.4521093
5352319447,-54.06378555
5352631645,-130.7289801
5352943842,-53.79165268
5353256039,-129.275794
5353568237,-54.08101273
5353880434,-129.660697
5354192631,-54.0778656
5354504828,-140.3427954
5354817026,-54.03650284
5355129223,-128.7026587
5355441420,-53.85770798
5355753617,-134.0175238
5356065815,-53.89939499
5356378012,-147.0653753
5356690209,-54.11084747
5357002406,-133.6753607
5357314604,-54.05552292
5357626801,-135.5661535
5357938998,-54.12145996
5358251195,-128.6303473
5358563393,-53.92796707
5358875590,-130.3521032
5359187787,-53.99758148
5359499984,-133.0740881
5359812182,-54.27811813
5360124379,-144.8946142
5360436576,-54.11916733
5360748773,-137.1812506
5361060971,-54.1064682
5361373168,-129.2591619
5361685365,-53.90636063
5361997562,-130.7714453
5362309760,-54.06784058
5362621957,-133.3288183
5362934154,-54.07939148
5363246351,-131.9219427
5363558549,-54.07036591
5363870746,-129.6059637
5364182943,-54.02680206
5364495140,-125.8311224
5364807338,-53.90092087
5365119535,-135.0058661
5365431732,-54.14103699
5365743929,-139.6960211
5366056127,-53.98502731
5366368324,-127.8699484
5366680521,-53.97893906
5366992719,-138.6975622
5367304916,-53.93904877
5367617113,-140.526618
5367929310,-53.88519287
5368241508,-142.8914404
5368553705,-54.07533646
5368865902,-131.9465551
5369178099,-53.86787796
5369490297,-141.7900915
5369802494,-53.9617424
5370114691,-132.8346777
5370426888,-53.91817474
5370739086,-127.9618444
5371051283,-54.18034363
5371363480,-131.2600317
5371675677,-53.95450974
5371987875,-131.0753546
5372300072,-53.83597946
5372612269,-129.1452093
5372924466,-54.03273773
5373236664,-136.0401831
5373548861,-54.09720612
5373861058,-146.6906805
5374173255,-54.21973419
5374485453,-129.4856024
5374797650,-54.00345612
5375109847,-129.3796911
5375422044,-54.0105629
5375734242,-129.6224279
5376046439,-54.14967728
5376358636,-131.5525885
5376670833,-54.2057457
5376983031,-132.030509
5377295228,-54.23756027
5377607425,-130.4660406
5377919622,-54.01655579
5378231820,-139.1054296
5378544017,-54.29457474
5378856214,-136.9647741
5379168412,-54.12648773
5379480609,-128.3074255
5379792806,-54.23473358
5380105003,-130.487464
5380417201,-53.91672134
5380729398,-134.5533514
5381041595,-54.19253159
5381353792,-131.1471319
5381665990,-54.23096085
5381978187,-137.9153662
5382290384,-54.02024841
5382602581,-134.4488897
5382914779,-53.99767685
5383226976,-132.2751532
5383539173,-53.91631317
5383851370,-130.2888403
5384163568,-54.20241547
5384475765,-131.5333014
5384787962,-54.09679413
5385100159,-128.8326178
5385412357,-53.93458557
5385724554,-136.828208
5386036751,-53.91936493
5386348948,-130.1279974
5386661146,-54.0606842
5386973343,-135.6586065
5387285540,-54.26227188
5387597737,-130.3834448
5387909935,-53.99937439
5388222132,-134.5463476
5388534329,-54.20243073
5388846526,-129.8275213
5389158724,-54.11151123
5389470921,-130.4377356
5389783118,-54.29619217
5390095315,-136.2909765
5390407513,-54.0384407
5390719710,-132.0123968
5391031907,-54.2150383
5391344105,-130.5647802
5391656302,-54.31079483
5391968499,-136.6568823
5392280696,-54.25882339
5392592894,-135.1629705
5392905091,-54.18774796
5393217288,-129.7459631
5393529485,-54.07404709
5393841683,-136.0754461
5394153880,-54.28812408
5394466077,-128.7990484
5394778274,-54.2390976
5395090472,-132.3482733
5395402669,-54.10187531
5395714866,-131.3644018
5396027063,-53.99184799
5396339261,-127.6590719
5396651458,-54.08539581
5396963655,-131.2082891
5397275852,-54.33107758
5397588050,-129.784934
5397900247,-54.09022903
5398212444,-135.3148108
5398524641,-54.20068359
5398836839,-127.6915197
5399149036,-54.14797974
5399461233,-133.6719122
5399773430,-54.32604599
5400085628,-135.0979071
5400397825,-54.18404007
5400710022,-132.3496466
5401022219,-54.28607178
5401334417,-129.5045843
5401646614,-54.34915161
5401958811,-130.3466864
5402271008,-54.32330704
5402583206,-130.1790075
5402895403,-54.30407333
5403207600,-149.2394629
5403519797,-54.12095261
5403831995,-129.6562109
5404144192,-54.39054871
5404456389,-127.0808783
5404768587,-54.30296707
5405080784,-137.9475164
5405392981,-54.22788239
5405705178,-128.9613256
5406017376,-54.06533813
5406329573,-132.9996862
5406641770,-54.15634537
5406953967,-135.516715
5407266165,-54.38111115
5407578362,-139.429389
5407890559,-54.1979866
5408202756,-136.4762945
5408514954,-54.26253891
5408827151,-132.0937414
5409139348,-54.19626999
5409451545,-131.2153692
5409763743,-54.48718262
5410075940,-128.7017584
5410388137,-54.20116806
5410700334,-132.6239996
5411012532,-54.3715477
5411324729,-129.6841345
5411636926,-54.43904114
5411949123,-130.042655
5412261321,-54.37130356
5412573518,-134.5381384
5412885715,-54.19993591
5413197912,-132.8821936
5413510110,-54.17556
5413822307,-133.3796301
5414134504,-54.41870117
5414446701,-147.2139502
5414758899,-54.2951088
5415071096,-131.9991674
5415383293,-54.23986435
5415695490,-132.3437262
5416007688,-54.14713669
5416319885,-137.3646917
5416632082,-54.42335129
5416944280,-132.5169287
5417256477,-54.51876831
5417568674,-137.2380438
5417880871,-54.30551147
5418193069,-130.8689489
5418505266,-54.47001648
5418817463,-128.3920965
5419129660,-54.42211914
5419441858,-130.8216772
5419754055,-54.6696701
5420066252,-127.4408407
5420378449,-54.26165771
5420690647,-138.816062
5421002844,-54.46731567
5421315041,-132.1008215
5421627238,-54.41133499
5421939436,-128.5627203
5422251633,-54.39724731
5422563830,-134.593482
5422876027,-54.15900421
5423188225,-130.8885412
5423500422,-54.37421799
5423812619,-129.691947
5424124816,-54.51446533
5424437014,-125.6753912
5424749211,-54.34163284
5425061408,-140.369956
5425373605,-54.40689087
5425685803,-137.7578039
5425998000,-54.47138596
5426310197,-129.7063971
5426622394,-54.72769547
5426934592,-134.0688086
5427246789,-54.47543335
5427558986,-126.4995108
5427871183,-54.31209564
5428183381,-132.0407476
5428495578,-54.45449448
5428807775,-126.513114
5429119972,-54.4499054
5429432170,-135.4211035
5429744367,-54.36740875
5430056564,-136.2771215
5430368762,-54.17320633
5430680959,-128.6277227
5430993156,-54.52138519
5431305353,-131.4724798
5431617551,-54.36539841
5431929748,-134.3253241
5432241945,-54.40269852
5432554142,-132.3481665
5432866340,-54.38414383
5433178537,-140.7093573
5433490734,-54.72130203
5433802931,-134.0815191
5434115129,-54.40509796
5434427326,-128.3062048
5434739523,-54.31819534
5435051720,-131.0642309
5435363918,-54.38489151
5435676115,-128.5226507
5435988312,-54.39206314
5436300509,-131.257163
5436612707,-54.31324387
5436924904,-129.0903997
5437237101,-54.11169052
5437549298,-145.9790564
5437861496,-54.38270187
5438173693,-125.6174536
5438485890,-54.29579926
5438798087,-130.7765265
5439110285,-54.38233948
5439422482,-131.036521
5439734679,-54.38803864
5440046876,-132.3496618
5440359074,-54.43930435
5440671271,-131.3440924
5440983468,-54.27155685
5441295665,-131.7172613
5441607863,-54.19935226
5441920060,-137.7626715
5442232257,-54.41965485
5442544455,-136.7446051
5442856652,-54.28424454
5443168849,-134.5998754
5443481046,-54.21718597
5443793244,-126.3470907
5444105441,-54.14130402
5444417638,-133.6345434
5444729835,-54.48948288
5445042033,-130.5373449
5445354230,-54.26882172
5445666427,-149.1714697
5445978624,-54.40827942
5446290822,-129.4919043
5446603019,-54.38164139
5446915216,-127.3045492
5447227413,-54.444664
5447539611,-129.2945776
5447851808,-54.09759521
5448164005,-124.7348471
5448476202,-54.19369125
5448788400,-132.5918798
5449100597,-54.4132576
5449412794,-130.7190771
5449724991,-54.23742676
5450037189,-138.2168341
5450349386,-54.2648468
5450661583,-128.3947973
5450973780,-54.30566025
5451285978,-128.2460089
5451598175,-54.63383484
5451910372,-129.5589972
5452222569,-54.22340012
5452534767,-134.8920813
5452846964,-54.39208984
5453159161,-130.3865881
5453471358,-54.34985733
5453783556,-133.5457373
5454095753,-54.36494827
5454407950,-138.2254705
5454720148,-54.0603447
5455032345,-132.4764471
5455344542,-54.44878387
5455656739,-133.5182409
5455968937,-54.50135422
5456281134,-126.9519796
5456593331,-54.29743576
5456905528,-127.9658499
5457217726,-54.342659
5457529923,-130.6061316
5457842120,-54.48563004
5458154317,-133.0376959
5458466515,-54.4919014
5458778712,-132.9565191
5459090909,-54.10865784
5459403106,-133.3060064
5459715304,-54.21782303
5460027501,-129.3583136
5460339698,-54.31449127
5460651895,-142.3207769
5460964093,-54.35971451
5461276290,-140.9336157
5461588487,-54.26383209
5461900684,-129.3278875
5462212882,-54.44648743
5462525079,-136.4997931
5462837276,-54.39028931
5463149473,-135.6755896
5463461671,-54.27529907
5463773868,-128.772727
5464086065,-54.44252014
5464398262,-128.4651709
5464710460,-54.3973465
5465022657,-131.4082556
5465334854,-54.22062302
5465647051,-137.8165655
5465959249,-54.1996994
5466271446,-132.8693609
5466583643,-54.60798264
5466895840,-133.2570715
5467208038,-54.40039063
5467520235,-132.4718084
5467832432,-54.46104813
5468144630,-125.8937902
5468456827,-54.47172928
5468769024,-131.5840521
5469081221,-54.59412003
5469393419,-135.3414526
5469705616,-54.1417923
5470017813,-133.1818609
5470330010,-54.42954636
5470642208,-128.7616034
5470954405,-54.53944397
5471266602,-129.4925299
5471578799,-54.42004013
5471890997,-127.899581
5472203194,-54.43145752
5472515391,-136.2481146
5472827588,-54.66556168
5473139786,-126.9184866
5473451983,-54.64096451
5473764180,-131.8444281
5474076377,-54.19010925
5474388575,-126.8178549
5474700772,-54.37055969
5475012969,-125.2294302
5475325166,-54.43264008
5475637364,-132.9272223
5475949561,-54.45329285
5476261758,-128.2001867
5476573955,-54.38134003
5476886153,-139.4675665
5477198350,-54.63422775
5477510547,-140.4083624
5477822744,-54.34840775
5478134942,-130.7204962
5478447139,-54.37567139
5478759336,-130.5537329
5479071533,-54.53669357
5479383731,-129.2228308
5479695928,-54.48605347
5480008125,-132.8285131
5480320323,-54.32149887
5480632520,-131.7901068
5480944717,-54.52588272
5481256914,-127.6260366
5481569112,-54.87725449
5481881309,-126.7162542
5482193506,-54.47678375
5482505703,-130.5894384
5482817901,-54.59223938
5483130098,-129.5811834
5483442295,-54.49383163
5483754492,-131.0959539
5484066690,-54.62472153
5484378887,-131.2305212
5484691084,-54.35213089
5485003281,-130.2670813
5485315479,-54.84166718
5485627676,-126.8636694
5485939873,-54.67858505
5486252070,-130.0827551
5486564268,-54.52358246
5486876465,-132.8381109
5487188662,-54.60817337
5487500859,-129.9682531
5487813057,-54.65086746
5488125254,-143.9828253
5488437451,-54.36798859
5488749648,-136.7842016
5489061846,-54.36438751
5489374043,-133.6431494
5489686240,-54.66872025
5489998437,-127.5138464
5490310635,-54.54091263
5490622832,-131.2018347
5490935029,-54.57038116
5491247226,-128.3040533
5491559424,-54.5719223
5491871621,-136.5978765
5492183818,-54.33240509
5492496016,-129.290473
5492808213,-54.26192093
5493120410,-131.8363714
5493432607,-54.67943573
5493744805,-131.4755774
5494057002,-54.61703873
5494369199,-130.6165075
5494681396,-54.52083206
5494993594,-127.2895269
5495305791,-54.52751923
5495617988,-126.0769491
5495930185,-54.67090225
5496242383,-122.9844122
5496554580,-54.32996368
5496866777,-135.077857
5497178974,-54.2543335
5497491172,-130.513236
5497803369,-54.5623436
5498115566,-130.0047369
5498427763,-54.45217514
5498739961,-134.3982611
5499052158,-54.48237991
5499364355,-131.3020391
5499676552,-54.50670242
5499988750,-132.5786963
5500300947,-54.34615326
5500613144,-125.851203
5500925341,-54.2236557
5501237539,-132.202033
5501549736,-54.58181
5501861933,-132.5219641
5502174130,-54.495327
5502486328,-136.346076
5502798525,-54.50070953
5503110722,-130.6630621
5503422919,-54.47228622
5503735117,-126.8717566
5504047314,-54.61804199
5504359511,-129.4016485
5504671708,-54.20230865
5504983906,-128.5442114
5505296103,-54.63468933
5505608300,-127.974143
5505920498,-54.48941422
5506232695,-129.2068701
5506544892,-54.43159103
5506857089,-125.8242025
5507169287,-54.43403625
5507481484,-128.8663397
5507793681,-54.56362534
5508105878,-129.700736
5508418076,-54.24196243
5508730273,-133.4542913
5509042470,-54.20030975
5509354667,-134.3225012
5509666865,-54.48570251
5509979062,-135.819068
5510291259,-54.40142441
5510603456,-134.3141546
5510915654,-54.44723129
5511227851,-130.3986578
5511540048,-54.44599915
5511852245,-134.1536779
5512164443,-54.16696167
5512476640,-135.4532843
5512788837,-54.29140472
5513101034,-130.3523321
5513413232,-54.67601776
5513725429,-137.0588598
5514037626,-54.46753311
5514349823,-140.7492285
5514662021,-54.37737656
5514974218,-127.9226141
5515286415,-54.45919418
5515598612,-128.2903204
5515910810,-54.49103546
5516223007,-136.5828466
5516535204,-54.123806
5516847401,-124.4294424
5517159599,-54.40111542
5517471796,-127.8691854
5517783993,-54.37416458
5518096191,-131.5007544
5518408388,-54.39498138
5518720585,-138.4020452
5519032782,-54.44519424
5519344980,-134.0367498
5519657177,-54.44176102
5519969374,-148.2014227
5520281571,-54.20388031
5520593769,-136.9233313
5520905966,-54.58922577
5521218163,-132.9578466
5521530360,-54.69897079
5521842558,-133.8289862
5522154755,-54.37069321
5522466952,-126.1682501
5522779149,-54.40032959
5523091347,-133.6178045
5523403544,-54.47700119
5523715741,-129.0033789
5524027938,-54.42873764
5524340136,-128.3017492
5524652333,-54.34592819
5524964530,-138.9732733
5525276727,-54.5662384
5525588925,-137.7066259
5525901122,-54.26112366
5526213319,-135.8360968
5526525516,-54.47487259
5526837714,-133.5246038
5527149911,-54.5159111
5527462108,-132.7285528
5527774305,-54.50623703
5528086503,-129.8393927
5528398700,-54.54360199
5528710897,-135.883399
5529023094,-54.75367737
5529335292,-134.100318
5529647489,-54.31921005
5529959686,-133.6996679
5530271883,-54.63658524
5530584081,-129.7154608
5530896278,-54.60560226
5531208475,-129.8961401
5531520673,-54.64223099
5531832870,-128.5378485
5532145067,-54.56127167
5532457264,-128.1225042
5532769462,-54.74341583
5533081659,-140.5310431
5533393856,-54.39567566
5533706053,-133.6364965
5534018251,-54.48962784
5534330448,-129.5824652
5534642645,-54.63943863
5534954842,-131.2058172
5535267040,-54.69076538
5535579237,-138.2596197
5535891434,-54.61494827
5536203631,-130.6499701
5536515829,-54.69934845
5536828026,-130.155982
5537140223,-54.37733078
5537452420,-134.6830664
5537764618,-54.87182236
5538076815,-130.3402166
5538389012,-54.95475388
5538701209,-138.1532049
5539013407,-54.59010696
5539325604,-124.3237829
5539637801,-54.69876099
5539949998,-132.2264471
5540262196,-54.76993179
5540574393,-131.0158758
5540886590,-54.66251373
5541198787,-132.3401251
5541510985,-54.71016693
5541823182,-129.7574377
5542135379,-54.69976044
5542447576,-132.5184698
5542759774,-54.52472687
5543071971,-132.3294744
5543384168,-54.77595901
5543696366,-129.2073584
5544008563,-54.77804565
5544320760,-145.4574194
5544632957,-54.76837158
5544945155,-135.5194921
5545257352,-54.83145905
5545569549,-136.6034002
5545881746,-54.91291809
5546193944,-130.8597479
5546506141,-54.49903107
5546818338,-130.2893286
5547130535,-54.72968674
5547442733,-143.2336493
5547754930,-54.79424286
5548067127,-132.7195196
5548379324,-54.82866669
5548691522,-133.292655
5549003719,-54.7322731
5549315916,-130.1315832
5549628113,-54.79462433
5549940311,-130.5511084
5550252508,-54.6907196
5550564705,-126.7960119
5550876902,-55.07785797
5551189100,-136.8622656
5551501297,-54.91085434
5551813494,-128.8659887
5552125691,-54.65272141
5552437889,-128.1580725
5552750086,-54.81497192
5553062283,-130.397254
5553374480,-54.86845016
5553686678,-126.3189154
5553998875,-54.83814621
5554311072,-136.1896734
5554623269,-54.91955185
5554935467,-132.2436285
5555247664,-54.59527206
5555559861,-127.4259481
5555872059,-54.73620987
5556184256,-129.8341589
5556496453,-55.03295135
5556808650,-131.1113043
5557120848,-54.87991333
5557433045,-139.4989691
5557745242,-54.79742813
5558057439,-128.4203711
5558369637,-54.89867783
5558681834,-134.778861
5558994031,-54.81031418
5559306228,-127.8070822
5559618426,-54.7168045
5559930623,-135.4473181
5560242820,-54.9180069
5560555017,-134.0221014
5560867215,-54.67457199
5561179412,-134.8053656
5561491609,-54.83608627
5561803806,-137.2510748
5562116004,-54.81901169
5562428201,-134.4008093
5562740398,-54.87248993
5563052595,-130.7590246
5563364793,-54.87746429
5563676990,-130.4906073
5563989187,-54.96401215
5564301384,-134.2569799
5564613582,-54.5750618
5564925779,-129.4150457
5565237976,-54.99968338
5565550173,-136.4665899
5565862371,-54.79519653
5566174568,-130.0276403
5566486765,-54.70830536
5566798962,-136.6132421
5567111160,-54.85218048
5567423357,-140.3436041
5567735554,-54.75058746
5568047751,-129.7360907
5568359949,-54.78128433
5568672146,-133.2900763
5568984343,-54.74289322
5569296541,-131.2776556
5569608738,-54.67437363
5569920935,-130.7270117
5570233132,-54.84764862
5570545330,-131.1509008
5570857527,-54.81734467
5571169724,-133.9772863
5571481921,-54.75323105
5571794119,-132.932044
5572106316,-54.83978271
5572418513,-135.4041967
5572730710,-54.7800827
5573042908,-127.9767523
5573355105,-54.58294678
5573667302,-132.4773321
5573979499,-54.89071274
5574291697,-133.8397284
5574603894,-54.70827866
5574916091,-132.0014868
5575228288,-54.77668381
5575540486,-134.5503454
5575852683,-54.72882843
5576164880,-132.7871466
5576477077,-54.79782867
5576789275,-133.2265539
5577101472,-54.85727692
5577413669,-134.3097754
5577725866,-54.908638
5578038064,-128.8050146
5578350261,-54.53300095
5578662458,-131.8652105
5578974655,-54.85261154
5579286853,-140.1206579
5579599050,-54.80402374
5579911247,-127.1923132
5580223444,-54.83774567
5580535642,-132.1214514
5580847839,-54.68773651
5581160036,-130.8587408
5581472234,-54.7111702
5581784431,-133.4706182
5582096628,-54.84116745
5582408825,-127.1103964
5582721023,-55.04098511
5583033220,-142.831336
5583345417,-54.62860489
5583657614,-131.8740911
5583969812,-54.69025421
5584282009,-131.4888983
5584594206,-54.88125229
5584906403,-135.4552679
5585218601,-54.89660263
5585530798,-129.4514837
5585842995,-54.74291611
5586155192,-129.270606
5586467390,-54.75826645
5586779587,-134.3702459
5587091784,-54.778759
5587403981,-134.6288519
5587716179,-55.12556458
5588028376,-131.9977026
5588340573,-54.81754303
5588652770,-137.449378
5588964968,-54.80422974
5589277165,-130.1432867
5589589362,-54.91218185
5589901559,-128.4308081
5590213757,-55.02160263
5590525954,-134.9679785
5590838151,-54.82529068
5591150348,-137.2454596
5591462546,-54.87591553
5591774743,-136.3053961
5592086940,-54.83026886
5592399137,-131.3283148
5592711335,-55.22263718
5593023532,-127.0413504
5593335729,-54.97047043
5593647926,-139.9239721
5593960124,-54.89836502
5594272321,-136.6423864
5594584518,-54.98132706
5594896716,-133.7613592
5595208913,-55.1877594
5595521110,-135.0555029
5595833307,-54.97454453
5596145505,-132.5507421
5596457702,-54.95020676
5596769899,-128.94065
5597082096,-54.91778564
5597394294,-128.3166113
5597706491,-55.28002548
5598018688,-132.5188971
5598330885,-55.10429001
5598643083,-131.6265936
5598955280,-55.05863953
5599267477,-130.9011297
5599579674,-55.06370163
5599891872,-138.0652075
5600204069,-55.25161362
5600516266,-136.9472113
5600828463,-55.0980835
5601140661,-132.711112
5601452858,-55.10550308
5601765055,-130.2667761
5602077252,-55.02913666
5602389450,-138.1534491
5602701647,-55.41284561
5603013844,-132.4739294
5603326041,-55.2203598
5603638239,-133.8358374
5603950436,-55.10651398
5604262633,-138.0632696
5604574830,-55.16537857
5604887028,-131.8744421
5605199225,-55.36461639
5605511422,-134.8671637
5605823619,-55.14714432
5606135817,-129.801322
5606448014,-55.15383148
5606760211,-129.5809088
5607072409,-55.09510422
5607384606,-135.8595343
5607696803,-55.46999359
5608009000,-139.3623114
5608321198,-55.19078445
5608633395,-129.534812
5608945592,-55.10119247
5609257789,-131.610343
5609569987,-55.26588821
5609882184,-129.5084906
5610194381,-55.41368103
5610506578,-128.3833838
5610818776,-55.13594437
5611130973,-131.2173681
5611443170,-55.18304825
5611755367,-136.7728186
5612067565,-55.28306961
5612379762,-131.8914404
5612691959,-55.48083878
5613004156,-132.0355597
5613316354,-55.18105316
5613628551,-142.3409033
5613940748,-55.22448349
5614252945,-132.3921423
5614565143,-55.38697433
5614877340,-134.0568457
5615189537,-55.39880371
5615501734,-131.8190222
5615813932,-55.18794632
5616126129,-128.9829779
5616438326,-55.2512207
5616750523,-131.8728247
5617062721,-55.35050964
5617374918,-134.6009741
5617687115,-55.5085907
5617999312,-126.9716711
5618311510,-55.19778061
5618623707,-124.1392889
5618935904,-55.34557343
5619248102,-134.3469
5619560299,-55.49703979
5619872496,-133.7942877
5620184693,-55.397892
5620496891,-129.2406988
5620809088,-55.23701096
5621121285,-128.5903387
5621433482,-55.39068222
5621745680,-127.1043768
5622057877,-55.53406525
5622370074,-146.2804022
5622682271,-55.45035172
5622994469,-131.4707708
5623306666,-55.28211975
5623618863,-132.0609961
5623931060,-55.523983
5624243258,-126.865798
5624555455,-55.53287506
5624867652,-134.3379736
5625179849,-55.37397385
5625492047,-134.7723608
5625804244,-55.39721298
5626116441,-134.3164129
5626428638,-55.43809509
5626740836,-127.3195486
5627053033,-55.51204681
5627365230,-137.0976019
5627677427,-55.44562531
5627989625,-129.8677435
5628301822,-55.41080475
5628614019,-134.3954229
5628926216,-55.4715271
5629238414,-132.1014013
5629550611,-55.49477005
5629862808,-132.4487524
5630175005,-55.36073303
5630487203,-136.2040014
5630799400,-55.52655029
5631111597,-135.8428717
5631423794,-55.38002396
5631735992,-134.0177526
5632048189,-55.50688934
5632360386,-133.2538671
5632672584,-55.4397316
5632984781,-134.9035254
5633296978,-55.52323914
5633609175,-133.8500891
5633921373,-55.34951782
5634233570,-132.4497595
5634545767,-55.47417831
5634857964,-144.8919439
5635170162,-55.42245483
5635482359,-130.3494787
5635794556,-55.61987686
5636106753,-129.0491095
5636418951,-55.33811951
5636731148,-131.1757269
5637043345,-55.60021591
5637355542,-132.3991308
5637667740,-55.43237305
5637979937,-133.2249212
5638292134,-55.54454041
5638604331,-137.2616491
5638916529,-55.37596512
5639228726,-136.4301519
5639540923,-55.58587646
5639853120,-136.6724157
5640165318,-55.47609711
5640477515,-130.0172796
5640789712,-55.5191803
5641101909,-135.1101141
5641414107,-55.23595428
5641726304,-130.6744909
5642038501,-55.60902405
5642350698,-131.7119513
5642662896,-55.278759
5642975093,-140.0539312
5643287290,-55.47250748
5643599487,-131.8907232
5643911685,-55.35537338
5644223882,-132.6966619
5644536079,-55.50208282
5644848277,-133.4599981
5645160474,-55.31439972
5645472671,-128.7752295
5645784868,-55.3876152
5646097066,-131.0128393
5646409263,-55.38072205
5646721460,-135.6360388
5647033657,-55.26506042
5647345855,-126.7400961
5647658052,-55.26772308
5647970249,-127.8326635
5648282446,-55.59228897
5648594644,-135.496314
5648906841,-55.35095215
5649219038,-137.2172461
5649531235,-55.29702377
5649843433,-138.9198217
5650155630,-55.34352112
5650467827,-130.2538366
5650780024,-55.49724197
5651092222,-128.9200506
5651404419,-55.33273697
5651716616,-129.9895086
5652028813,-55.28361511
5652341011,-129.6361151
5652653208,-55.57109451
5652965405,-133.246253
5653277602,-55.37278366
5653589800,-134.2289801
5653901997,-55.22665024
5654214194,-126.8334341
5654526391,-55.30981827
5654838589,-129.4763861
5655150786,-55.45766068
5655462983,-134.4079351
5655775180,-55.27919388
5656087378,-137.5484381
5656399575,-55.32487869
5656711772,-142.6321173
5657023969,-55.42935944
5657336167,-131.1466436
5657648364,-55.40081787
5657960561,-145.0502996
5658272759,-55.18045807
5658584956,-128.2247839
5658897153,-55.48410797
5659209350,-128.5027075
5659521548,-55.28505707
5659833745,-135.1635504
5660145942,-55.47332382
5660458139,-130.883399
5660770337,-55.38010406
5661082534,-132.678977
5661394731,-55.40080261
5661706928,-134.6009588
5662019126,-55.38695908
5662331323,-129.4476995
5662643520,-55.48041916
5662955717,-135.3647985
5663267915,-55.45408249
5663580112,-131.7820959
5663892309,-55.2645874
5664204506,-133.4233313
5664516704,-55.54912949
5664828901,-130.4373999
5665141098,-55.55512619
5665453295,-126.8223715
5665765493,-55.32741928
5666077690,-139.5986242
5666389887,-55.48701859
5666702084,-136.5046606
5667014282,-55.57533264
5667326479,-134.5189886
5667638676,-55.46006775
5667950873,-132.3165045
5668263071,-55.47415161
5668575268,-130.7423925
5668887465,-55.53453445
5669199662,-128.8816442
5669511860,-55.66547394
5669824057,-133.7264776
5670136254,-55.32458496
5670448452,-136.0489874
5670760649,-55.68996811
5671072846,-137.5263281
5671385043,-55.43947601
5671697241,-133.80474
5672009438,-55.65272903
5672321635,-135.5863409
5672633832,-55.57053375
5672946030,-131.1224585
5673258227,-55.65590668
5673570424,-130.7595129
5673882621,-55.54799271
5674194819,-135.2273169
5674507016,-55.6208725
5674819213,-132.9006262
5675131410,-55.75398636
5675443608,-136.6942205
5675755805,-55.71098328
5676068002,-134.3552618
5676380199,-55.40634155
5676692397,-131.6686926
5677004594,-55.7484436
5677316791,-124.6658468
5677628988,-55.52023315
5677941186,-133.8440924
5678253383,-55.80427551
5678565580,-127.8187017
5678877777,-55.69145203
5679189975,-133.6838446
5679502172,-55.64624405
5679814369,-133.9340887
5680126566,-55.8325386
5680438764,-129.5387945
5680750961,-55.80496979
5681063158,-127.7444296
5681375355,-55.81120682
5681687553,-125.853797
5681999750,-55.60871887
5682311947,-133.6863775
5682624145,-56.11691666
5682936342,-130.4669714
5683248539,-55.73804855
5683560736,-133.9575415
5683872934,-55.72591019
5684185131,-133.1656408
5684497328,-55.7784462
5684809525,-136.3504705
5685121723,-55.93240738
5685433920,-138.3630896
5685746117,-55.74829483
5686058314,-136.2652044
5686370512,-55.90298843
5686682709,-125.8875189
5686994906,-55.96728516
5687307103,-127.9714193
5687619301,-55.83167648
5687931498,-130.2522802
5688243695,-55.88715363
5688555892,-126.8697271
5688868090,-55.67952347
5689180287,-132.041831
5689492484,-55.94739914
5689804681,-132.5140142
5690116879,-56.05432129
5690429076,-132.7723455
5690741273,-55.79304123
5691053470,-128.0022192
5691365668,-55.91980743
5691677865,-131.1576605
5691990062,-55.99880219
5692302259,-131.3424902
5692614457,-55.89185715
5692926654,-129.359992
5693238851,-55.90544128
5693551048,-137.5739965
5693863246,-56.0718956
5694175443,-135.4761114
5694487640,-55.99581909
5694799837,-125.4026861
5695112035,-55.70881653
5695424232,-131.5177221
5695736429,-55.96199036
5696048627,-132.111167
5696360824,-55.85651779
5696673021,-128.2810278
5696985218,-56.06779861
5697297416,-135.9835272
5697609613,-55.96673584
5697921810,-130.6335516
5698234007,-55.88404465
5698546205,-135.7858038
5698858402,-56.02183533
5699170599,-133.7724371
5699482796,-55.98838425
5699794994,-128.7987432
5700107191,-56.03025818
5700419388,-134.413291
5700731585,-55.81676865
5701043783,-131.5378485
5701355980,-56.18314362
5701668177,-141.4988317
5701980374,-55.69331741
5702292572,-129.3360052
5702604769,-56.06703949
5702916966,-131.8630896
5703229163,-55.81900787
5703541361,-136.5597143
5703853558,-56.01928711
5704165755,-132.1776648
5704477952,-55.96013641
5704790150,-135.6638403
5705102347,-56.02518463
5705414544,-140.7205877
5705726741,-55.89033508
5706038939,-130.5126867
5706351136,-55.89511871
5706663333,-129.6451025
5706975530,-56.04395294
5707287728,-135.4647131
5707599925,-55.80179977
5707912122,-128.6051855
5708224320,-55.8132019
5708536517,-128.4872351
5708848714,-55.66879654
5709160911,-132.6671972
5709473109,-55.90288162
5709785306,-134.1808081
5710097503,-55.9899826
5710409700,-130.8181219
5710721898,-55.75885391
5711034095,-131.6056128
5711346292,-55.85036087
5711658489,-130.0332251
5711970687,-55.91247177
5712282884,-133.4782476
5712595081,-55.77614975
5712907278,-133.6197271
5713219476,-55.74713135
5713531673,-130.4216681
5713843870,-55.97313309
5714156067,-131.467124
5714468265,-55.73024368
5714780462,-137.3558111
5715092659,-55.68358612
5715404856,-134.6442785
5715717054,-55.51786804
5716029251,-130.4672766
5716341448,-55.79972458
5716653645,-140.4804144
5716965843,-55.83243942
5717278040,-127.0557165
5717590237,-55.62997055
5717902434,-129.5703039
5718214632,-55.73617935
5718526829,-135.8323431
5718839026,-55.80784607
5719151223,-133.501502
5719463421,-55.67887115
5719775618,-132.9367132
5720087815,-55.72628403
5720400013,-132.3285589
5720712210,-55.68035889
5721024407,-132.8404455
5721336604,-55.60871506
5721648802,-128.5804052
5721960999,-55.64142609
5722273196,-132.3561468
5722585393,-56.01074219
5722897591,-127.0965872
5723209788,-55.42905045
5723521985,-132.1702337
5723834182,-55.77117157
5724146380,-130.0620642
5724458577,-55.59075165
5724770774,-133.2513342
5725082971,-55.73353958
5725395169,-131.023139
5725707366,-55.68746567
5726019563,-131.5128393
5726331760,-55.60905838
5726643958,-134.8114691
5726956155,-55.65632248
5727268352,-144.7392187
5727580549,-55.63009262
5727892747,-128.6391821
5728204944,-55.50611877
5728517141,-128.639411
5728829338,-55.78268051
5729141536,-128.5477819
5729453733,-55.85126114
5729765930,-130.9865332
5730078127,-55.42008209
5730390325,-142.4260473
5730702522,-55.65328598
5731014719,-126.4105368
5731326916,-55.61603165
5731639114,-128.5979376
5731951311,-55.79411316
5732263508,-137.8671789
5732575705,-55.68483734
5732887903,-126.1091604
5733200100,-55.69755936
5733512297,-136.8306494
5733824495,-55.7874527
5734136692,-131.1777411
5734448889,-55.73403168
5734761086,-129.9506292
5735073284,-55.75924683
5735385481,-129.1916723
5735697678,-55.57206726
5736009875,-133.5941687
5736322073,-55.72222137
5736634270,-125.3116598
5736946467,-55.57325745
5737258664,-128.0311499
5737570862,-56.11366653
5737883059,-127.5036993
5738195256,-55.55901718
5738507453,-130.7420568
5738819651,-55.9068718
5739131848,-138.1982183
5739444045,-55.72410202
5739756242,-137.5046606
5740068440,-55.81472778
5740380637,-132.7557287
5740692834,-55.82891846
5741005031,-129.5942602
5741317229,-55.78872681
5741629426,-131.4774084
5741941623,-55.89846039
5742253820,-135.211112
5742566018,-55.83548355
5742878215,-136.4291296
5743190412,-55.67329407
5743502609,-125.4949713
5743814807,-56.00350952
5744127004,-128.6127996
5744439201,-55.93244934
5744751398,-134.8247137
5745063596,-55.64899063
5745375793,-129.7979803
5745687990,-55.72638702
5746000188,-128.9228888
5746312385,-55.92578506
5746624582,-132.6521978
5746936779,-55.99362946
5747248977,-124.4711065
5747561174,-55.9093399
5747873371,-127.990943
5748185568,-55.94116974
5748497766,-127.5141973
5748809963,-55.97226715
5749122160,-131.8828955
5749434357,-55.90488052
5749746555,-133.5558386
5750058752,-55.98054123
5750370949,-130.8515234
5750683146,-55.9129982
5750995344,-130.3084784
5751307541,-55.77342606
5751619738,-129.9601812
5751931935,-56.17403793
5752244133,-144.282691
5752556330,-56.06239319
5752868527,-129.6825171
5753180724,-55.74864578
5753492922,-137.1657019
5753805119,-55.88908768
5754117316,-137.9844885
5754429513,-56.02732468
5754741711,-130.5999212
5755053908,-56.08545303
5755366105,-128.4855719
5755678302,-56.05318451
5755990500,-135.718894
5756302697,-56.14144516
5756614894,-137.645957
5756927091,-56.0827179
5757239289,-129.7807379
5757551486,-56.06588364
5757863683,-132.7697973
5758175880,-56.0938797
5758488078,-130.2328558
5758800275,-56.22109222
5759112472,-136.4791632
5759424670,-55.85810471
5759736867,-143.0260382
5760049064,-56.29545975
5760361261,-133.0735998
5760673459,-55.91409683
5760985656,-130.4719915
5761297853,-56.34704208
5761610050,-131.700141
5761922248,-55.90100479
5762234445,-134.8949804
5762546642,-56.15977097
5762858839,-130.8543615
5763171037,-56.05253983
5763483234,-129.6741247
5763795431,-56.0459938
5764107628,-130.8228979
5764419826,-56.13940048
5764732023,-126.8778296
5765044220,-56.11595154
5765356417,-132.0239172
5765668615,-56.00504303
5765980812,-132.2951879
5766293009,-56.05582428
5766605206,-131.0186682
5766917404,-56.11395264
5767229601,-130.1992865
5767541798,-55.88325119
5767853995,-129.5085058
5768166193,-55.83040237
5768478390,-132.3101568
5768790587,-56.08108521
5769102784,-132.7607489
5769414982,-56.23769379
5769727179,-125.9281073
5770039376,-55.79533386
5770351573,-130.5230017
5770663771,-55.97472382
5770975968,-128.3777838
5771288165,-55.95568466
5771600363,-134.8430853
5771912560,-55.99617767
5772224757,-123.9815359
5772536954,-55.99183655
5772849152,-127.5284033
5773161349,-55.88754272
5773473546,-131.772727
5773785743,-55.94493866
5774097941,-134.2759924
5774410138,-55.92001724
5774722335,-126.3255224
5775034532,-55.92406082
5775346730,-129.2617254
5775658927,-55.90675354
5775971124,-137.1339636
5776283321,-55.7321701
5776595519,-130.1134405
5776907716,-56.15509415
5777219913,-127.9604177
5777532110,-55.77619553
5777844308,-143.2841711
5778156505,-55.85884094
5778468702,-126.789588
5778780899,-55.60121155
5779093097,-143.3311377
5779405294,-56.06381989
5779717491,-133.7207098
5780029688,-55.85028458
5780341886,-132.8523474
5780654083,-55.86458206
5780966280,-133.5310278
5781278477,-55.89725113
5781590675,-134.6256781
5781902872,-55.76602936
5782215069,-130.4023199
5782527266,-55.85896301
5782839464,-136.2329168
5783151661,-55.84753799
5783463858,-128.1989202
5783776056,-55.88461685
5784088253,-130.02703
5784400450,-55.83864594
5784712647,-129.9149237
5785024845,-55.92937851
5785337042,-133.0262365
5785649239,-55.65190125
5785961436,-134.6941442
5786273634,-55.66105652
5786585831,-129.940177
5786898028,-55.81204987
5787210225,-131.0892096
5787522423,-55.93364716
5787834620,-132.8475103
5788146817,-55.63559341
5788459014,-129.927207
5788771212,-55.74616623
5789083409,-128.9603643
5789395606,-55.82146072
5789707803,-135.01583
5790020001,-55.89087677
5790332198,-134.8816748
5790644395,-55.75304413
5790956592,-130.2959967
5791268790,-55.86949539
5791580987,-129.3137274
5791893184,-55.79118729
5792205381,-136.6987066
5792517579,-55.85251999
5792829776,-135.3996649
5793141973,-55.86314392
5793454170,-132.4683294
5793766368,-55.86714935
5794078565,-132.4796972
5794390762,-55.8248558
5794702959,-132.4682684
5795015157,-56.07873917
5795327354,-136.4879675
5795639551,-55.59033966
5795951748,-132.5145025
5796263946,-55.81482697
5796576143,-133.5363836
5796888340,-55.80781174
5797200538,-134.6648474
5797512735,-56.05728531
5797824932,-125.4013052
5798137129,-55.78716278
5798449327,-130.1750555
5798761524,-55.91463852
5799073721,-135.8880529
5799385918,-55.88116455
5799698116,-126.6237707
5800010313,-55.92921448
5800322510,-126.415885
5800634707,-55.83218002
5800946905,-131.0503759
5801259102,-56.04014587
5801571299,-132.0410528
5801883496,-55.97986221
5802195694,-128.401618
5802507891,-56.00041962
5802820088,-126.7663641
5803132285,-56.00921631
5803444483,-133.6578436
5803756680,-55.96069336
5804068877,-131.5456152
5804381074,-55.95699692
5804693272,-139.5593481
5805005469,-56.25389099
5805317666,-142.3182745
5805629863,-55.80702972
5805942061,-130.1160955
5806254258,-55.9576683
5806566455,-135.3510351
5806878652,-56.01570892
5807190850,-132.589118
5807503047,-55.91132736
5807815244,-133.1109076
5808127441,-56.17147446
5808439639,-133.57096
5808751836,-56.04798508
5809064033,-130.5121374
5809376231,-56.1435051
5809688428,-133.8568029
5810000625,-56.06705093
5810312822,-127.9464254
5810625020,-55.98177719
5810937217,-129.4074621
5811249414,-56.21032333
5811561611,-137.3447485
5811873809,-56.11255646
5812186006,-135.5514898
5812498203,-56.1176796
5812810400,-129.6756506
5813122598,-56.21467209
5813434795,-130.25109
5813746992,-56.15291595
5814059189,-151.4635382
5814371387,-56.23961639
5814683584,-135.8777227
5814995781,-56.03822327
5815307978,-133.0739202
5815620176,-56.4622612
5815932373,-132.0633612
5816244570,-55.99188232
5816556767,-131.4570074
5816868965,-56.4122467
5817181162,-130.7940741
5817493359,-56.1741066
5817805556,-132.4153204
5818117754,-56.36296463
5818429951,-133.5948858
5818742148,-56.16597748
5819054345,-131.118125
5819366543,-56.35116196
5819678740,-128.7347021
5819990937,-56.25045395
5820303134,-133.6903601
5820615332,-56.26954269
5820927529,-136.358161
5821239726,-56.40695572
5821551923,-138.6379156
5821864121,-56.24230957
5822176318,-134.2620764
5822488515,-56.25478363
5822800713,-133.2537298
5823112910,-56.32899094
5823425107,-131.3215551
5823737304,-56.3392601
5824049502,-130.1507788
5824361699,-56.39876938
5824673896,-130.2683477
5824986093,-56.31496429
5825298291,-128.1845007
5825610488,-56.46134186
5825922685,-131.6461554
5826234882,-56.21966171
5826547080,-129.7788
5826859277,-56.68351746
5827171474,-132.8369818
5827483671,-56.16917419
5827795869,-133.3596411
5828108066,-56.31186676
5828420263,-134.7509832
5828732460,-56.39870071
5829044658,-131.4798956
5829356855,-56.53330612
5829669052,-129.802146
5829981249,-56.36732101
5830293447,-130.1432714
5830605644,-56.47473526
5830917841,-128.9307318
5831230038,-56.50718307
5831542236,-131.0599585
5831854433,-56.45878983
5832166630,-134.6825781
5832478827,-56.39790344
5832791025,-147.9225683
5833103222,-56.63687134
5833415419,-132.9439306
5833727616,-56.45251465
5834039814,-126.2671499
5834352011,-56.6231308
5834664208,-130.044837
5834976406,-56.55342484
5835288603,-133.0207129
5835600800,-56.50944138
5835912997,-134.1393957
5836225195,-56.64257431
5836537392,-133.8954992
5836849589,-56.51480865
5837161786,-133.1283484
5837473984,-56.6339798
5837786181,-158.738059
5838098378,-56.45771027
5838410575,-139.0242224
5838722773,-56.81058884
5839034970,-127.4072027
5839347167,-56.3734169
5839659364,-134.9323339
5839971562,-56.52125168
5840283759,-140.9699469
5840595956,-56.59265137
5840908153,-143.5445318
5841220351,-56.68610001
5841532548,-136.143836
5841844745,-56.53040695
5842156942,-134.6314459
5842469140,-56.65104675
5842781337,-128.5742254
5843093534,-56.62249756
5843405731,-136.896018
5843717929,-56.68728256
5844030126,-129.2902746
5844342323,-56.69768524
5844654520,-128.5047369
5844966718,-56.61548615
5845278915,-129.9578161
5845591112,-56.54504395
5845903309,-133.4011145
5846215507,-56.80605698
5846527704,-134.6322393
5846839901,-56.56364059
5847152099,-132.8192663
5847464296,-56.65194702
5847776493,-140.7647772
5848088690,-56.72334671
5848400888,-131.2746496
5848713085,-56.66613388
5849025282,-131.3761816
5849337479,-56.80588531
5849649677,-129.3890295
5849961874,-56.61564636
5850274071,-145.3457251
5850586268,-56.73898697
5850898466,-131.8489599
5851210663,-56.53722763
5851522860,-128.3598242
5851835057,-56.88593674
5852147255,-130.954505
5852459452,-56.50485229
5852771649,-153.3880529
5853083846,-56.59780121
5853396044,-137.0845709
5853708241,-56.70912552
5854020438,-129.8369818
5854332635,-56.70947266
5854644833,-126.4911566
5854957030,-56.62530518
5855269227,-133.6644812
5855581424,-56.73368835
5855893622,-128.3593206
5856205819,-56.61203766
5856518016,-133.3844366
5856830213,-56.71527863
5857142411,-141.4705572
5857454608,-56.6465416
5857766805,-130.2160864
5858079002,-56.82254028
5858391200,-136.4847021
5858703397,-56.57521439
5859015594,-142.6666021
5859327791,-56.86512756
5859639989,-128.5466223
5859952186,-56.5906105
5860264383,-133.0190649
5860576581,-56.62844086
5860888778,-135.0412207
5861200975,-56.69272995
5861513172,-131.6821661
5861825370,-56.6886673
5862137567,-130.3427343
5862449764,-56.61405182
5862761961,-131.4631262
5863074159,-56.83561707
5863386356,-148.0715704
5863698553,-56.65811157
5864010750,-131.1279516
5864322948,-56.78486633
5864635145,-143.0181036
5864947342,-56.67277145
5865259539,-136.0064306
5865571737,-56.96709442
5865883934,-131.5927496
5866196131,-56.57939529
5866508328,-127.5053778
5866820526,-56.94868088
5867132723,-127.6659384
5867444920,-56.71458435
5867757117,-128.767951
5868069315,-56.78181458
5868381512,-134.3310461
5868693709,-56.81890869
5869005906,-128.0903082
5869318104,-56.83836365
5869630301,-130.5541601
5869942498,-56.75125504
5870254695,-128.1747808
5870566893,-56.98384476
5870879090,-133.4071417
5871191287,-56.80413437
5871503484,-130.8227301
5871815682,-56.97057724
5872127879,-130.2828894
5872440076,-56.85774612
5872752274,-131.7237158
5873064471,-57.066082
5873376668,-131.7652197
5873688865,-56.81655121
5874001063,-128.9375372
5874313260,-57.17554855
5874625457,-131.2514715
5874937654,-56.88706589
5875249852,-142.120429
5875562049,-56.99592972
5875874246,-134.3042059
5876186443,-57.12069321
5876498641,-135.6812963
5876810838,-57.03599548
5877123035,-137.509635
5877435232,-57.02773285
5877747430,-125.5755606
5878059627,-57.18924332
5878371824,-135.1244116
5878684021,-56.97740173
5878996219,-135.4233618
5879308416,-57.16977692
5879620613,-130.5329046
5879932810,-57.06964874
5880245008,-136.6407843
5880557205,-57.1451683
5880869402,-135.4140081
5881181599,-57.0163765
5881493797,-132.069129
5881805994,-57.25211334
5882118191,-131.6030035
5882430388,-57.01602173
5882742586,-134.997489
5883054783,-57.02833939
5883366980,-133.5377264
5883679177,-57.2074852
5883991375,-130.7675848
5884303572,-57.1396904
5884615769,-127.2940893
5884927966,-57.15715408
5885240164,-132.500205
5885552361,-57.22238541
5885864558,-133.4738226
5886176756,-57.07889175
5886488953,-134.4327307
5886801150,-57.31977463
5887113347,-134.5780706
5887425545,-57.01459885
5887737742,-128.8542089
5888049939,-57.13421631
5888362136,-129.5478125
5888674334,-57.30086899
5888986531,-140.2924109
5889298728,-57.25879669
5889610925,-133.3353186
5889923123,-57.1513176
5890235320,-136.3425055
5890547517,-57.06441879
5890859714,-128.7276373
5891171912,-57.453022
5891484109,-134.8259649
5891796306,-57.08978653
5892108503,-131.6721716
5892420701,-57.18147659
5892732898,-130.3946753
5893045095,-57.22392273
5893357292,-135.5015783
5893669490,-57.26490021
5893981687,-131.5915289
5894293884,-57.30955505
5894606081,-131.3311834
5894918279,-57.21604156
5895230476,-135.2452917
5895542673,-57.19381332
5895854870,-126.3722219
5896167068,-57.41191101
5896479265,-128.2057104
5896791462,-57.16846848
5897103659,-135.7305365
5897415857,-57.25281143
5897728054,-130.1610174
5898040251,-57.31363297
5898352449,-138.3223028
5898664646,-57.32668304
5898976843,-128.3005438
5899289040,-57.20156479
5899601238,-127.4485693
5899913435,-57.25724411
5900225632,-131.4236822
5900537829,-57.43880081
5900850027,-132.7305975
5901162224,-57.30230713
5901474421,-133.8368902
5901786618,-57.34293365
5902098816,-126.9066381
5902411013,-57.33137894
5902723210,-128.3245306
5903035407,-57.31762314
5903347605,-130.9785986
5903659802,-57.35678101
5903971999,-129.5339117
5904284196,-57.26732254
5904596394,-131.5052252
5904908591,-57.17713165
5905220788,-139.586051
5905532985,-57.54994965
5905845183,-131.9899511
5906157380,-57.09522629
5906469577,-132.4641943
5906781774,-57.54888916
5907093972,-137.5347204
5907406169,-57.13385391
5907718366,-135.6828985
5908030563,-57.24356461
5908342761,-131.0860662
5908654958,-57.33857727
5908967155,-131.1590338
5909279352,-57.43432617
5909591550,-133.2391119
5909903747,-57.23683167
5910215944,-128.1462011
5910528142,-57.15472412
5910840339,-130.5459814
5911152536,-57.52166367
5911464733,-126.5936956
5911776931,-57.16762924
5912089128,-130.0047369
5912401325,-57.21560669
5912713522,-136.0615606
5913025720,-57.43261719
5913337917,-138.1357489
5913650114,-57.32699203
5913962311,-129.3696356
5914274509,-57.40951157
5914586706,-137.0896215
5914898903,-57.35092163
5915211100,-135.3039312
5915523298,-57.33275223
5915835495,-129.1438971
5916147692,-57.45054626
5916459889,-136.0782232
5916772087,-57.25085068
5917084284,-138.2949896
5917396481,-57.24517822
5917708678,-139.9495459
5918020876,-57.48423767
5918333073,-132.5629034
5918645270,-57.26763535
5918957467,-125.8031607
5919269665,-57.44789886
5919581862,-128.9849005
5919894059,-57.28495026
5920206256,-130.1588049
5920518454,-57.35864639
5920830651,-132.2021399
5921142848,-57.26037216
5921455045,-133.1687841
5921767243,-57.42520142
5922079440,-129.8529577
5922391637,-57.27033615
5922703834,-139.7872992
5923016032,-57.3300705
5923328229,-128.9589453
5923640426,-57.34350586
5923952624,-132.6808691
5924264821,-57.32239914
5924577018,-132.5745153
5924889215,-57.29467773
5925201413,-129.0896368
5925513610,-57.25011826
5925825807,-129.2685766
5926138004,-57.31440353
5926450202,-129.4416418
5926762399,-57.31328201
5927074596,-131.1565924
5927386793,-57.38197708
5927698991,-136.6476507
5928011188,-57.18830109
5928323385,-143.7496862
5928635582,-57.50907898
5928947780,-134.8403997
5929259977,-57.18164063
5929572174,-129.7520361
5929884371,-57.09305954
5930196569,-128.7322912
5930508766,-57.65930939
5930820963,-140.4218054
5931133160,-57.1099205
5931445358,-130.4527349
5931757555,-57.14995575
5932069752,-130.312705
5932381949,-57.58023834
5932694147,-128.3684149
5933006344,-57.28734589
5933318541,-133.9065161
5933630738,-57.42512512
5933942936,-141.9948339
5934255133,-57.29391861
5934567330,-128.6781225
5934879527,-57.5051918
5935191725,-130.8913641
5935503922,-57.24977875
5935816119,-128.6207647
5936128317,-57.58672714
5936440514,-138.3979712
5936752711,-57.24973679
5937064908,-128.6684942
5937377106,-57.24199677
5937689303,-134.6482763
5938001500,-57.58482361
5938313697,-136.5491705
5938625895,-57.35660553
5938938092,-131.7312689
5939250289,-57.44514465
5939562486,-138.6378241
5939874684,-57.53221512
5940186881,-130.0555792
5940499078,-57.48111343
5940811275,-132.0490637
5941123473,-57.53878403
5941435670,-141.7924719
5941747867,-57.51781845
5942060064,-135.4062109
5942372262,-57.6210556
5942684459,-137.6157904
5942996656,-57.55158234
5943308853,-128.4184027
5943621051,-57.59088135
5943933248,-138.714469
5944245445,-57.56550598
5944557642,-127.4350119
5944869840,-57.72239304
5945182037,-136.068656
5945494234,-57.53826904
5945806431,-131.0273352
5946118629,-57.6929512
5946430826,-130.8836432
5946743023,-57.51103592
5947055220,-133.5304937
5947367418,-57.58340454
5947679615,-134.4767065
5947991812,-57.71089554
5948304010,-131.7019262
5948616207,-57.57307434
5948928404,-130.0788031
5949240601,-57.72114182
5949552799,-135.4449072
5949864996,-57.76925659
5950177193,-141.2731237
5950489390,-57.70146942
5950801588,-134.0211859
5951113785,-57.85990143
5951425982,-136.1404181
5951738179,-57.7640419
5952050377,-140.2542791
5952362574,-57.81149673
5952674771,-136.180213
5952986968,-57.81044769
5953299166,-127.8912802
5953611363,-57.83291245
5953923560,-129.1903296
5954235757,-57.82083893
5954547955,-131.9239874
5954860152,-57.97559357
5955172349,-137.331336
5955484546,-57.82682037
5955796744,-131.1119757
5956108941,-57.98892593
5956421138,-130.3892279
5956733335,-57.82177734
5957045533,-139.6601324
5957357730,-57.84645081
5957669927,-132.7058477
5957982124,-58.10924149
5958294322,-132.3784857
5958606519,-57.8186264
5958918716,-125.4065542
5959230913,-57.83668137
5959543111,-129.9687262
5959855308,-58.13328171
5960167505,-130.6100073
5960479702,-57.8772049
5960791900,-129.6189947
5961104097,-58.10325241
5961416294,-140.5971594
5961728492,-57.90744019
5962040689,-135.0774755
5962352886,-58.00707626
5962665083,-129.69596
5962977281,-58.07217026
5963289478,-135.8029547
5963601675,-58.12623978
5963913872,-128.4165258
5964226070,-57.95394897
5964538267,-142.8709478
5964850464,-57.92937851
5965162661,-124.8404379
5965474859,-58.23626709
5965787056,-134.7544165
5966099253,-57.91992569
5966411450,-132.6999426
5966723648,-57.82921219
5967035845,-132.9186468
5967348042,-58.41757965
5967660239,-129.0128698
5967972437,-57.84401321
5968284634,-140.937644
5968596831,-58.43532181
5968909028,-129.1430578
5969221226,-57.74196243
5969533423,-136.8037176
5969845620,-57.75267029
5970157817,-126.7347784
5970470015,-58.55857849
5970782212,-124.1540976
5971094409,-57.78878403
5971406606,-140.5259619
5971718804,-57.8208046
5972031001,-130.0072393
5972343198,-58.4613533
5972655395,-128.1284246
5972967593,-57.80694199
5973279790,-131.7498693
5973591987,-58.48203278
5973904185,-130.0871344
5974216382,-57.8261528
5974528579,-127.080924
5974840776,-57.91843796
5975152974,-133.0826788
5975465171,-58.32858658
5975777368,-131.0233831
5976089565,-57.91186905
5976401763,-131.4922552
5976713960,-57.98387909
5977026157,-136.2950506
5977338354,-58.28665924
5977650552,-137.814887
5977962749,-58.03530121
5978274946,-127.5198889
5978587143,-58.24033737
5978899341,-137.0865393
5979211538,-58.03674698
5979523735,-138.8356848
5979835932,-58.06980896
5980148130,-130.9850836
5980460327,-58.17489243
5980772524,-129.4417028
5981084721,-58.14695358
5981396919,-129.6753912
5981709116,-58.11386871
5982021313,-131.5803442
5982333510,-58.10503769
5982645708,-135.9348364
5982957905,-58.11678314
5983270102,-129.4107885
5983582299,-58.03078461
5983894497,-130.0486975
5984206694,-58.00210953
5984518891,-132.5313025
5984831088,-58.10792923
5985143286,-126.0175467
5985455483,-57.99106216
5985767680,-130.977622
5986079877,-58.1350975
5986392075,-134.3972692
5986704272,-57.96090698
5987016469,-129.4298162
5987328667,-57.93737793
5987640864,-134.9646215
5987953061,-58.12697983
5988265258,-132.9457312
5988577456,-57.86826706
5988889653,-126.2798529
5989201850,-57.89397812
5989514047,-136.9430304
5989826245,-58.12253189
5990138442,-130.9576941
5990450639,-57.92114639
5990762836,-127.8106833
5991075034,-58.07694244
5991387231,-127.9826498
5991699428,-57.84542465
5992011625,-129.94419
5992323823,-57.85129547
5992636020,-130.6938086
5992948217,-58.05191803
5993260414,-130.960578
5993572612,-57.86229324
5993884809,-135.7861547
5994197006,-57.86375046
5994509203,-127.2153158
5994821401,-58.01146317
5995133598,-125.4610128
5995445795,-57.87254715
5995757992,-131.9710608
5996070190,-58.0004158
5996382387,-129.9294043
5996694584,-57.79462051
5997006781,-123.7911978
5997318979,-57.84899521
5997631176,-129.1422644
5997943373,-57.99376297
5998255570,-128.6145697
5998567768,-57.823246
5998879965,-133.5445013
5999192162,-57.81515121
5999504360,-125.7365332
5999816557,-57.68138123
6000128754,-134.0294256
6000440951,-57.76464081
6000753149,-126.4720068
6001065346,-57.92478943
6001377543,-125.5628195
6001689740,-57.8416748
6002001938,-125.3657904
6002314135,-57.76370239
6002626332,-128.6722021
6002938529,-57.95766068
6003250727,-130.7196722
6003562924,-57.83779907
6003875121,-125.8322744
6004187318,-57.87227249
6004499516,-133.2102423
6004811713,-57.9552536
6005123910,-126.0386572
6005436107,-57.86258698
6005748305,-128.8254766
6006060502,-57.9764328
6006372699,-130.8016424
6006684896,-57.83893585
6006997094,-134.1021795
6007309291,-57.88663864
6007621488,-135.0737066
6007933685,-58.00048828
6008245883,-132.0846472
6008558080,-57.94676971
6008870277,-133.0458746
6009182474,-57.90922165
6009494672,-135.9010382
6009806869,-58.01645279
6010119066,-124.600585
6010431263,-57.93701553
6010743461,-131.0576696
6011055658,-58.04130936
6011367855,-127.9510336
6011680053,-57.90013504
6011992250,-129.1812506
6012304447,-57.96694565
6012616644,-130.5827093
6012928842,-58.10945511
6013241039,-132.7315893
6013553236,-58.0520668
6013865433,-127.7523336
6014177631,-58.01819229
6014489828,-129.0545721
6014802025,-58.10705185
6015114222,-124.6551733
6015426420,-58.01732254
6015738617,-124.7308035
6016050814,-58.11720657
6016363011,-127.5690603
6016675209,-58.04511642
6016987406,-132.2402563
6017299603,-58.06636429
6017611800,-131.8102484
6017923998,-58.10451126
6018236195,-138.1056433
6018548392,-58.07872391
6018860589,-140.563941
6019172787,-58.10952377
6019484984,-127.9376669
6019797181,-58.09549332
6020109378,-128.5681829
6020421576,-58.13658142
6020733773,-132.9828711
6021045970,-58.14019012
6021358167,-126.9306021
6021670365,-58.15776062
6021982562,-130.483222
6022294759,-58.17092514
6022606956,-129.1595373
6022919154,-58.18114471
6023231351,-130.1582403
6023543548,-58.25824738
6023855745,-129.4688025
6024167943,-58.18836212
6024480140,-131.6316595
6024792337,-58.18021011
6025104535,-135.9052649
6025416732,-58.26470184
6025728929,-125.5860052
6026041126,-58.16915131
6026353324,-124.1293554
6026665521,-58.15958786
6026977718,-127.8135748
6027289915,-58.35433578
6027602113,-128.978446
6027914310,-58.22938538
6028226507,-128.0215521
6028538704,-58.29993057
6028850902,-133.0690832
6029163099,-58.21025467
6029475296,-124.3394918
6029787493,-58.2256813
6030099691,-130.3652258
6030411888,-58.3778038
6030724085,-134.0009527
6031036282,-58.31238174
6031348480,-129.1253729
6031660677,-58.23888016
6031972874,-132.5501623
6032285071,-58.40496445
6032597269,-135.1804876
6032909466,-58.24914932
6033221663,-130.1527777
6033533860,-58.43213654
6033846058,-128.8254766
6034158255,-58.34466934
6034470452,-127.1601019
6034782649,-58.3446579
6035094847,-124.5481253
6035407044,-58.41226196
6035719241,-133.1483374
6036031438,-58.42327881
6036343636,-129.4067755
6036655833,-58.37182236
6036968030,-137.8893957
6037280228,-58.4342804
6037592425,-127.2401571
6037904622,-58.41148758
6038216819,-127.4084463
6038529017,-58.41074371
6038841214,-131.9576941
6039153411,-58.39088821
6039465608,-128.5505133
6039777806,-58.47980881
6040090003,-135.0642462
6040402200,-58.43717194
6040714397,-130.5634832
6041026595,-58.54078674
6041338792,-128.0058966
6041650989,-58.40701675
6041963186,-136.8464422
6042275384,-58.37026215
6042587581,-126.3515387
6042899778,-58.49886703
6043211975,-125.1976767
6043524173,-58.40331268
6043836370,-133.6825171
6044148567,-58.45915985
6044460764,-128.3299627
6044772962,-58.48707581
6045085159,-124.7934332
6045397356,-58.43709183
6045709553,-133.8706274
6046021751,-58.47162247
6046333948,-139.0776434
6046646145,-58.55171967
6046958342,-128.5746527
6047270540,-58.42824173
6047582737,-130.0672979
6047894934,-58.48335266
6048207131,-125.7502661
6048519329,-58.41940308
6048831526,-134.2821417
6049143723,-58.47818756
6049455920,-130.2017584
6049768118,-58.43849182
6050080315,-136.6957617
6050392512,-58.47721863
6050704710,-132.1113043
6051016907,-58.41115952
6051329104,-145.2395697
6051641301,-58.45166779
6051953499,-132.5458288
6052265696,-58.52230453
6052577893,-131.8411016
6052890090,-58.44081497
6053202288,-126.1851187
6053514485,-58.41517639
6053826682,-133.9417181
6054138879,-58.51815033
6054451077,-130.6478186
6054763274,-58.4234314
6055075471,-135.4984961
6055387668,-58.560215
6055699866,-128.5387335
6056012063,-58.46622849
6056324260,-136.4540777
6056636457,-58.48615646
6056948655,-131.6660528
6057260852,-58.48771286
6057573049,-131.3163061
6057885246,-58.44590378
6058197444,-132.0851355
6058509641,-58.45774841
6058821838,-128.3201513
6059134035,-58.50046158
6059446233,-128.767066
6059758430,-58.51818466
6060070627,-131.2512426
6060382824,-58.45433044
6060695022,-128.9958105
6061007219,-58.40296936
6061319416,-129.7984381
6061631613,-58.49345398
6061943811,-132.4369421
6062256008,-58.43547821
6062568205,-136.9076605
6062880403,-58.51934433
6063192600,-128.1884527
6063504797,-58.35407257
6063816994,-133.5462255
6064129192,-58.41736221
6064441389,-139.9997931
6064753586,-58.43802261
6065065783,-128.704627
6065377981,-58.35432816
6065690178,-130.3869848
6066002375,-58.39777374
6066314572,-130.0967779
6066626770,-58.42211151
6066938967,-127.0101233
6067251164,-58.3839798
6067563361,-132.5001898
6067875559,-58.43110275
6068187756,-132.8662634
6068499953,-58.42824554
6068812150,-143.4891272
6069124348,-58.47389984
6069436545,-140.3436804
6069748742,-58.37182617
6070060939,-129.2087469
6070373137,-58.50640488
6070685334,-142.6500921
6070997531,-58.43005753
6071309728,-136.4958105
6071621926,-58.41764832
6071934123,-127.6891546
6072246320,-58.4096489
6072558517,-130.8112555
6072870715,-58.53320313
6073182912,-129.6692419
6073495109,-58.45685577
6073807306,-138.0483465
6074119504,-58.45841217
6074431701,-136.9225073
6074743898,-58.51802826
6075056096,-130.0955725
6075368293,-58.49035263
6075680490,-123.814147
6075992687,-58.50219727
6076304885,-131.3024969
6076617082,-58.58680344
6076929279,-130.8028326
6077241476,-58.55381393
6077553674,-125.8516455
6077865871,-58.52891159
6078178068,-126.9681005
6078490265,-58.54516602
6078802463,-126.543395
6079114660,-58.65181732
6079426857,-141.3958197
6079739054,-58.62177277
6080051252,-131.1890936
6080363449,-58.62553024
6080675646,-131.5867834
6080987843,-58.60724258
6081300041,-149.1841955
6081612238,-58.64039993
6081924435,-135.1785955
6082236632,-58.65885925
6082548830,-127.19065
6082861027,-58.68760681
6083173224,-141.7682104
6083485421,-58.66638184
6083797619,-130.2988653
6084109816,-58.77156067
6084422013,-132.3920507
6084734210,-58.76503372
6085046408,-141.162879
6085358605,-58.7570343
6085670802,-125.4941092
6085982999,-58.76373291
6086295197,-134.3207769
6086607394,-58.83216858
6086919591,-128.4112463
6087231788,-58.86165237
6087543986,-131.534812
6087856183,-58.84630203
6088168380,-127.3626623
6088480578,-58.89268875
6088792775,-133.7875586
6089104972,-58.89277267
6089417169,-128.2204962
6089729367,-58.92887115
6090041564,-131.2250128
6090353761,-58.91940308
6090665958,-128.911521
6090978156,-58.92977905
6091290353,-128.8013525
6091602550,-58.99747849
6091914747,-142.5028601
6092226945,-58.9578743
6092539142,-130.8880072
6092851339,-58.94693756
6093163536,-130.7903509
6093475734,-58.99111938
6093787931,-136.1731176
6094100128,-59.05073547
6094412325,-131.2851324
6094724523,-59.06551743
6095036720,-128.856986
6095348917,-59.07295227
6095661114,-139.9774084
6095973312,-59.11199188
6096285509,-129.6045904
6096597706,-59.11207581
6096909903,-132.9170446
6097222101,-59.14302826
6097534298,-132.554801
6097846495,-59.15854645
6098158692,-124.9563742
6098470890,-59.12188721
6098783087,-141.5755835
6099095284,-59.12784958
6099407481,-135.9894171
6099719679,-59.18599701
6100031876,-133.5582342
6100344073,-59.18140411
6100656271,-140.5957251
6100968468,-59.2068634
6101280665,-129.9366827
6101592862,-59.20586777
6101905060,-144.5998602
6102217257,-59.16444778
6102529454,-136.1052008
6102841651,-59.23032761
6103153849,-130.1269751
6103466046,-59.20654678
6103778243,-130.9637976
6104090440,-59.19525909
6104402638,-128.7587347
6104714835,-59.21483994
6105027032,-131.1168737
6105339229,-59.20796204
6105651427,-133.4581213
6105963624,-59.21210861
6106275821,-131.0472631
6106588018,-59.25153351
6106900216,-139.0747137
6107212413,-59.24024582
6107524610,-136.4845343
6107836807,-59.20103073
6108149005,-128.0743933
6108461202,-59.21031952
6108773399,-131.4136877
6109085596,-59.27105713
6109397794,-126.9119329
6109709991,-59.22963715
6110022188,-130.8207922
6110334385,-59.30874634
6110646583,-131.6348486
6110958780,-59.26071167
6111270977,-136.325675
6111583174,-59.31851196
6111895372,-136.827384
6112207569,-59.28150177
6112519766,-134.9449377
6112831963,-59.29520035
6113144161,-127.9855642
6113456358,-59.24422836
6113768555,-139.9875555
6114080753,-59.2755661
6114392950,-129.5629492
6114705147,-59.32968903
6115017344,-135.896369
6115329542,-59.26254654
6115641739,-132.4962835
6115953936,-59.26889801
6116266133,-137.4472876
6116578331,-59.23188782
6116890528,-132.0959539
6117202725,-59.3528862
6117514922,-125.6826391
6117827120,-59.26737213
6118139317,-135.8252325
6118451514,-59.26416779
6118763711,-139.9957342
6119075909,-59.29403687
6119388106,-129.5255651
6119700303,-59.26878738
6120012500,-131.9050207
6120324698,-59.27513885
6120636895,-130.2724676
6120949092,-59.2925148
6121261289,-129.4167395
6121573487,-59.32752609
6121885684,-132.5201178
6122197881,-59.30962753
6122510078,-126.8226233
6122822276,-59.3740387
6123134473,-126.7584219
6123446670,-59.29807663
6123758867,-126.8323812
6124071065,-59.35954666
6124383262,-127.6530447
6124695459,-59.38794708
6125007656,-134.2296209
6125319854,-59.4543457
6125632051,-132.742362
6125944248,-59.33260727
6126256446,-139.6929235
6126568643,-59.33874512
6126880840,-130.2374945
6127193037,-59.36252213
6127505235,-134.1115942
6127817432,-59.34000015
6128129629,-138.215003
6128441826,-59.37553787
6128754024,-136.8659277
6129066221,-59.33978653
6129378418,-129.666007
6129690615,-59.36650467
6130002813,-132.5854406
6130315010,-59.28591919
6130627207,-133.4139776
6130939404,-59.34497452
6131251602,-129.5962439
6131563799,-59.34302902
6131875996,-130.0514288
6132188193,-59.29111099
6132500391,-130.8277807
6132812588,-59.25168228
6133124785,-141.7756567
6133436982,-59.21813583
6133749180,-135.5142584
6134061377,-59.32275772
6134373574,-129.0970526
6134685771,-59.26863098
6134997969,-131.5262671
6135310166,-59.30490494
6135622363,-129.1343145
6135934560,-59.24048996
6136246758,-152.4967413
6136558955,-59.25985718
6136871152,-138.586112
6137183349,-59.1836853
6137495547,-140.8904028
6137807744,-59.24641418
6138119941,-133.9638891
6138432139,-59.16289139
6138744336,-135.4656286
6139056533,-59.16903305
6139368730,-130.8041754
6139680928,-59.22294235
6139993125,-133.9764318
6140305322,-59.26141739
6140617519,-136.2300024
6140929717,-59.20508957
6141241914,-133.1464758
6141554111,-59.08776093
6141866308,-129.067832
6142178506,-59.26366806
6142490703,-134.6014318
6142802900,-59.18455505
6143115097,-131.8993292
6143427295,-59.16423798
6143739492,-130.0512152
6144051689,-59.15200424
6144363886,-129.4885168
6144676084,-59.25001144
6144988281,-134.5517645
6145300478,-59.17089844
6145612675,-131.761466
6145924873,-59.19100189
6146237070,-129.1269751
6146549267,-59.19052505
6146861464,-130.8778601
6147173662,-59.2334137
6147485859,-131.8136969
6147798056,-59.13004684
6148110253,-134.3318396
6148422451,-59.13104248
6148734648,-126.927619
6149046845,-59.22684479
6149359042,-135.678031
6149671240,-59.14405441
6149983437,-138.8936377
6150295634,-59.17510986
6150607831,-133.8101568
6150920029,-59.18983078
6151232226,-130.1523962
6151544423,-59.23762512
6151856621,-128.5032263
6152168818,-59.16121674
6152481015,-130.2031469
6152793212,-59.24649429
6153105410,-126.4866018
6153417607,-59.15979385
6153729804,-131.9486761
6154042001,-59.27814484
6154354199,-133.9087744
6154666396,-59.09002304
6154978593,-131.789237
6155290790,-59.23923874
6155602988,-148.7177954
6155915185,-59.19222641
6156227382,-130.9896765
6156539579,-59.28632355
6156851777,-129.961524
6157163974,-59.18272018
6157476171,-130.4061804
6157788368,-59.26285172
6158100566,-132.5875006
6158412763,-59.16954041
6158724960,-127.0100927
6159037157,-59.20336914
6159349355,-134.531455
6159661552,-59.2070694
6159973749,-140.1904974
6160285946,-59.30116272
6160598144,-134.5403204
6160910341,-59.17330933
6161222538,-127.4974508
6161534735,-59.15569305
6161846933,-134.9350348
6162159130,-59.28212738
6162471327,-140.2545233
6162783524,-59.19910049
6163095722,-128.8204107
6163407919,-59.21896744
6163720116,-129.2364111
6164032314,-59.18592072
6164344511,-135.6127386
6164656708,-59.37996674
6164968905,-134.24578
6165281103,-59.23521042
6165593300,-133.1977758
6165905497,-59.34106445
6166217694,-134.9072638
6166529892,-59.19704056
6166842089,-137.4244452
6167154286,-59.31244659
6167466483,-128.6948919
6167778681,-59.17210007
6168090878,-127.8717947
6168403075,-59.28897858
6168715272,-132.9281836
6169027470,-59.25004959
6169339667,-133.2780371
6169651864,-59.37868881
6169964061,-129.6048498
6170276259,-59.21996307
6170588456,-130.5029669
6170900653,-59.26041031
6171212850,-134.7575293
6171525048,-59.28321838
6171837245,-134.158576
6172149442,-59.34497452
6172461639,-129.4844122
6172773837,-59.19139862
6173086034,-133.0047827
6173398231,-59.23257828
6173710428,-132.1162634
6174022626,-59.34063721
6174334823,-130.4957495
6174647020,-59.35388947
6174959217,-135.5513983
6175271415,-59.19674301
6175583612,-130.2445745
6175895809,-59.21589661
6176208007,-131.0177679
6176520204,-59.28576279
6176832401,-132.4053717
6177144598,-59.30124283
6177456796,-133.8106146
6177768993,-59.19839478
6178081190,-129.373847
6178393387,-59.20505905
6178705585,-130.5865393
6179017782,-59.39177704
6179329979,-138.0785284
6179642176,-59.26467896
6179954374,-137.2760229
6180266571,-59.23386002
6180578768,-129.6929998
6180890965,-59.23831558
6181203163,-129.2903051
6181515360,-59.36476898
6181827557,-132.1970282
6182139754,-59.21047974
6182451952,-133.2061377
6182764149,-59.27519989
6183076346,-130.1459112
6183388543,-59.19513702
6183700741,-129.7365942
6184012938,-59.34731674
6184325135,-143.936347
6184637332,-59.19449615
6184949530,-137.9554815
6185261727,-59.30037308
6185573924,-132.5794592
6185886121,-59.2085495
6186198319,-135.8992224
6186510516,-59.37395859
6186822713,-131.7689276
6187134910,-59.15205383
6187447108,-137.7351904
6187759305,-59.23588181
6188071502,-139.5314093
6188383699,-59.16904831
6188695897,-133.1007605
6189008094,-59.34106827
6189320291,-130.1838446
6189632489,-59.17428589
6189944686,-132.9141912
6190256883,-59.23826981
6190569080,-129.6202459
6190881278,-59.2757988
6191193475,-130.8946753
6191505672,-59.33537674
6191817869,-139.1634893
6192130067,-59.16491699
6192442264,-130.703681
6192754461,-59.21199799
6193066658,-142.0423346
6193378856,-59.22968292
6193691053,-133.1481695
6194003250,-59.35981369
6194315447,-136.2606726
6194627645,-59.2069931
6194939842,-136.5701361
6195252039,-59.21365356
6195564236,-131.3778448
6195876434,-59.20487976
6196188631,-135.0481634
6196500828,-59.32912827
6196813025,-129.2627935
6197125223,-59.09399796
6197437420,-131.2758245
6197749617,-59.19766998
6198061814,-137.7021551
6198374012,-59.27929306
6198686209,-130.1117773
6198998406,-59.24920654
6199310603,-129.8987036
6199622801,-59.0927124
6199934998,-130.5337286
6200247195,-59.17739487
6200559392,-132.0476751
6200871590,-59.20570755
6201183787,-131.2484503
6201495984,-59.28105927
6201808182,-129.6451941
6202120379,-59.09550858
6202432576,-129.0789557
6202744773,-59.17526627
6203056971,-127.6043158
6203369168,-59.18373871
6203681365,-132.7036963
6203993562,-59.23851013
6204305760,-127.0288992
6204617957,-59.01621246
6204930154,-131.7049475
6205242351,-59.14888763
6205554549,-125.958869
6205866746,-59.20071793
6206178943,-130.7025366
6206491140,-59.28856277
6206803338,-141.1022711
6207115535,-59.078022
6207427732,-133.9113073
6207739929,-59.1438179
6208052127,-132.3212957
6208364324,-59.12068558
6208676521,-129.4341192
6208988718,-59.32538605
6209300916,-127.4700155
6209613113,-59.09500122
6209925310,-134.6801367
6210237507,-59.14316177
6210549705,-126.3801413
6210861902,-59.10239029
6211174099,-133.5608587
6211486296,-59.22477722
6211798494,-142.2011633
6212110691,-59.10095978
6212422888,-134.5501165
6212735085,-59.12339401
6213047283,-131.3476629
6213359480,-59.06939316
6213671677,-130.7534857
6213983874,-59.3130455
6214296072,-129.1818304
6214608269,-59.02386856
6214920466,-153.7224951
6215232664,-59.17638397
6215544861,-136.4481878
6215857058,-59.12532806
6216169255,-128.8713903
6216481453,-59.19626617
6216793650,-128.0251226
6217105847,-59.10919571
6217418044,-133.1127386
6217730242,-59.18160629
6218042439,-132.0952368
6218354636,-59.02471542
6218666833,-144.668189
6218979031,-59.28453827
6219291228,-131.067832
6219603425,-59.09457397
6219915622,-131.3092871
6220227820,-59.10818863
6220540017,-131.1053534
6220852214,-59.00715637
6221164411,-128.2321386
6221476609,-59.18907166
6221788806,-146.1826239
6222101003,-59.03953171
6222413200,-132.8064337
6222725398,-59.10091782
6223037595,-138.1079168
6223349792,-59.02119446
6223661989,-134.5129919
6223974187,-59.19208908
6224286384,-143.7515326
6224598581,-59.07415009
6224910778,-132.4147863
6225222976,-59.01796341
6225535173,-135.5816107
6225847370,-59.02413559
6226159567,-126.5590887
6226471765,-59.09056854
6226783962,-128.8435583
6227096159,-59.18787384
6227408357,-131.5337133
6227720554,-58.9610672
6228032751,-131.5641394
6228344948,-59.02823639
6228657146,-132.3787451
6228969343,-59.01530075
6229281540,-135.3805151
6229593737,-59.14199829
6229905935,-130.7948065
6230218132,-58.93430328
6230530329,-132.1084204
6230842526,-59.02939987
6231154724,-137.0548315
6231466921,-59.02968979
6231779118,-131.7746038
6232091315,-59.18431854
6232403513,-128.1685705
6232715710,-58.96927261
6233027907,-133.1017523
6233340104,-59.152565
6233652302,-135.0746069
6233964499,-58.91914368
6234276696,-132.3784246
6234588893,-59.17886734
6234901091,-133.7816992
6235213288,-58.98366547
6235525485,-136.0911627
6235837682,-59.14049911
6236149880,-135.524085
6236462077,-58.99967957
6236774274,-129.7396917
6237086471,-59.11021042
6237398669,-128.8911352
6237710866,-58.94293594
6238023063,-139.9705877
6238335260,-59.17105865
6238647458,-129.8824072
6238959655,-58.9508667
6239271852,-132.9473791
6239584050,-59.05992889
6239896247,-129.4964056
6240208444,-58.8830986
6240520641,-138.6334295
6240832839,-59.13768005
6241145036,-129.8835669
6241457233,-58.98363495
6241769430,-135.608283
6242081628,-58.97657394
6242393825,-133.9505529
6242706022,-58.9217453
6243018219,-135.2237616
6243330417,-59.09254074
6243642614,-143.7213812
6243954811,-59.06784439
6244267008,-132.1949224
6244579206,-58.86455536
6244891403,-137.9255133
6245203600,-58.99052048
6245515797,-144.9327002
6245827995,-58.97243881
6246140192,-126.3986197
6246452389,-59.12706757
6246764586,-128.71984
6247076784,-58.9274559
6247388981,-133.4876623
6247701178,-58.99829865
6248013375,-144.3547277
6248325573,-58.95523071
6248637770,-127.8674536
6248949967,-59.16571045
6249262164,-130.9243383
6249574362,-58.98961639
6249886559,-132.5517797
6250198756,-58.9316597
6250510953,-136.1866827
6250823151,-58.90877533
6251135348,-132.3818274
6251447545,-59.07477188
6251759742,-135.4669867
6252071940,-59.07394028
6252384137,-130.2223883
6252696334,-58.84748077
6253008532,-135.0655127
6253320729,-58.96570587
6253632926,-137.1026525
6253945123,-58.9795723
6254257321,-137.2076635
6254569518,-59.15218353
6254881715,-129.8023443
6255193912,-58.9507103
6255506110,-133.1858892
6255818307,-59.06746674
6256130504,-128.4932165
6256442701,-58.94610214
6256754899,-131.2513342
6257067096,-59.11871338
6257379293,-125.3247061
6257691490,-59.00396729
6258003688,-128.7582312
6258315885,-59.11704636
6258628082,-129.3166876
6258940279,-58.96408081
6259252477,-128.310462
6259564674,-59.0213089
6259876871,-127.7584219
6260189068,-58.99695587
6260501266,-130.3379583
6260813463,-59.19896698
6261125660,-128.3858557
6261437857,-59.02762604
6261750055,-136.0136633
6262062252,-58.98269653
6262374449,-136.202445
6262686646,-59.04359818
6262998844,-132.3711309
6263311041,-59.07216263
6263623238,-130.3668585
6263935435,-59.20875931
6264247633,-130.8628454
6264559830,-59.05799866
6264872027,-136.2277746
6265184225,-59.1350708
6265496422,-136.5620794
6265808619,-59.03060913
6266120816,-127.9316168
6266433014,-59.2340889
6266745211,-131.8274145
6267057408,-59.00395584
6267369605,-131.5972815
6267681803,-59.10527802
6267994000,-129.063117
6268306197,-59.06843185
6268618394,-131.9101629
6268930592,-59.12198257
6269242789,-134.3331518
6269554986,-59.19096756
6269867183,-128.2352819
6270179381,-59.07180786
6270491578,-138.0355597
6270803775,-59.17827606
6271115972,-140.7980871
6271428170,-59.12746811
6271740367,-130.3266211
6272052564,-59.33241653
6272364761,-135.2197332
6272676959,-59.17063141
6272989156,-128.1818762
6273301353,-59.33442307
6273613550,-126.8757925
6273925748,-59.12486649
6274237945,-131.4455328
6274550142,-59.23059845
6274862339,-132.1406775
6275174537,-59.12526321
6275486734,-133.0124121
6275798931,-59.34262848
6276111128,-134.7121344
6276423326,-59.27116013
6276735523,-133.9027929
6277047720,-59.18426132
6277359917,-132.5834112
6277672115,-59.24435043
6277984312,-136.2696753
6278296509,-59.20228195
6278608707,-130.1019049
6278920904,-59.34173965
6279233101,-135.340354
6279545298,-59.23793793
6279857496,-136.2573767
6280169693,-59.30170059
6280481890,-145.4799261
6280794087,-59.25595474
6281106285,-130.4723425
6281418482,-59.32486343
6281730679,-135.6960974
6282042876,-59.37686539
6282355074,-140.2370825
6282667271,-59.18046188
6282979468,-128.8255529
6283291665,-59.33829498
6283603863,-135.7264318
6283916060,-59.20877075
6284228257,-128.3930578
6284540454,-59.49962616
6284852652,-131.2143011
6285164849,-59.33482361
6285477046,-134.4985571
6285789243,-59.42798233
6286101441,-134.6982794
6286413638,-59.32859039
6286725835,-131.7252874
6287038032,-59.38573837
6287350230,-133.8534765
6287662427,-59.30545044
6287974624,-131.3897924
6288286821,-59.42213058
6288599019,-131.8952551
6288911216,-59.39549637
6289223413,-128.6128454
6289535610,-59.30786133
6289847808,-132.8488531
6290160005,-59.42086411
6290472202,-133.1521978
6290784400,-59.31264877
6291096597,-137.7409582
6291408794,-59.46460342
6291720991,-135.2111425
6292033189,-59.31008911
6292345386,-127.7704611
6292657583,-59.50540543
6292969780,-130.6593237
6293281978,-59.35089111
6293594175,-137.5138922
6293906372,-59.36247253
6294218569,-134.981864
6294530767,-59.35127258
6294842964,-132.9525213
6295155161,-59.40327454
6295467358,-129.8663549
6295779556,-59.44205093
6296091753,-129.6221685
6296403950,-59.30884933
6296716147,-131.6423407
6297028345,-59.38657379
6297340542,-134.0571661
6297652739,-59.25263977
6297964936,-136.1537542
6298277134,-59.4692688
6298589331,-133.5717535
6298901528,-59.41617584
6299213725,-134.833457
6299525923,-59.23667526
6299838120,-133.4449835
6300150317,-59.27482986
6300462514,-126.9189291
6300774712,-59.26116943
6301086909,-132.1872473
6301399106,-59.4106636
6301711303,-137.9560766
6302023501,-59.24633789
6302335698,-140.547019
6302647895,-59.36790466
6302960093,-132.7401037
6303272290,-59.30867767
6303584487,-145.7502508
6303896684,-59.30751038
6304208882,-136.1574163
6304521079,-59.23579025
6304833276,-132.1339483
6305145473,-59.29782867
6305457671,-129.5509558
6305769868,-59.33193588
6306082065,-132.1955481
6306394262,-59.13527679
6306706460,-132.9227057
6307018657,-59.20319366
6307330854,-139.4088202
6307643051,-59.2027626
6307955249,-134.1602087
6308267446,-59.26626968
6308579643,-140.7837591
6308891840,-59.24893188
6309204038,-127.1671591
6309516235,-59.14193344
6309828432,-126.7088614
6310140629,-59.16428375
6310452827,-130.3441687
6310765024,-59.14547729
6311077221,-132.6528997
6311389418,-59.26190186
6311701616,-133.2338018
6312013813,-59.13432312
6312326010,-141.0259008
6312638207,-59.27941132
6312950405,-130.7841253
6313262602,-59.18564224
6313574799,-127.6999044
6313886996,-59.13155746
6314199194,-136.4444799
6314511391,-59.20314789
6314823588,-130.8232489
6315135785,-59.15420914
6315447983,-143.3042517
6315760180,-59.20742798
6316072377,-127.5570669
6316384575,-59.15555191
6316696772,-133.2479773
6317008969,-59.11984253
6317321166,-129.3935461
6317633364,-59.18187714
6317945561,-140.3921728
6318257758,-59.14028931
6318569955,-129.5301123
6318882153,-59.22364044
6319194350,-132.7678137
6319506547,-59.15926743
6319818744,-127.1870031
6320130942,-59.24776459
6320443139,-135.1282873
6320755336,-59.11136627
6321067533,-132.4372625
6321379731,-59.12195969
6321691928,-127.9368124
6322004125,-59.14871979
6322316322,-133.3256598
6322628520,-59.21663666
6322940717,-131.3159246
6323252914,-59.26470947
6323565111,-128.139823
6323877309,-59.14448166
6324189506,-128.1151342
6324501703,-59.24988174
6324813900,-126.1649237
6325126098,-59.18635559
6325438295,-130.9136877
6325750492,-59.18431091
6326062689,-132.7092962
6326374887,-59.31822968
6326687084,-134.2476873
6326999281,-59.24710083
6327311478,-134.7329016
6327623676,-59.2531395
6327935873,-133.5182104
6328248070,-59.21508026
6328560268,-125.3899679
6328872465,-59.20127487
6329184662,-129.0390844
6329496859,-59.1713028
6329809057,-134.2940435
6330121254,-59.26847458
6330433451,-126.7170095
6330745648,-59.28921127
6331057846,-129.4584723
6331370043,-59.30627441
6331682240,-136.6727819
6331994437,-59.27409744
6332306635,-127.9698172
6332618832,-59.24338913
6332931029,-137.144187
6333243226,-59.34570313
6333555424,-129.0989904
6333867621,-59.43258667
6334179818,-136.6087408
6334492015,-59.30854034
6334804213,-133.8227453
6335116410,-59.42555237
6335428607,-134.4042425
6335740804,-59.39043808
6336053002,-129.1885595
6336365199,-59.42072678
6336677396,-136.4873724
6336989593,-59.34739304
6337301791,-147.2007055
6337613988,-59.44750595
6337926185,-131.2556829
6338238382,-59.47485733
6338550580,-125.6556234
6338862777,-59.4228363
6339174974,-125.7373571
6339487171,-59.47958374
6339799369,-123.8869467
6340111566,-59.50252533
6340423763,-131.5539618
6340735960,-59.48504639
6341048158,-135.6220007
6341360355,-59.57486725
6341672552,-141.8705816
6341984750,-59.43612671
6342296947,-131.3038244
6342609144,-59.57445145
6342921341,-129.9024725
6343233539,-59.60033417
6343545736,-133.2877417
6343857933,-59.61298752
6344170130,-131.3557501
6344482328,-59.65356827
6344794525,-126.0753927
6345106722,-59.61110306
6345418919,-125.9631109
6345731117,-59.65682602
6346043314,-138.8011389
6346355511,-59.68050385
6346667708,-133.9727697
6346979906,-59.75268555
6347292103,-133.3011847
6347604300,-59.73667908
6347916497,-135.2650976
6348228695,-59.76403046
6348540892,-134.8448706
6348853089,-59.87736893
6349165286,-132.5843725
6349477484,-59.81138229
6349789681,-139.5083685
6350101878,-59.86987686
6350414075,-133.693244
6350726273,-59.82447815
6351038470,-128.5201941
6351350667,-59.8319931
6351662864,-132.3655615
6351975062,-59.88727951
6352287259,-131.1317663
6352599456,-59.89112473
6352911653,-126.1983023
6353223851,-59.93024445
6353536048,-129.2594824
6353848245,-59.98847198
6354160443,-137.5107794
6354472640,-59.93057632
6354784837,-127.4775991
6355097034,-60.03510666
6355409232,-133.0757818
6355721429,-59.9536972
6356033626,-133.1384192
6356345823,-59.9318161
6356658021,-130.5640936
6356970218,-60.0076828
6357282415,-127.3981543
6357594612,-60.01666641
6357906810,-130.1073065
6358219007,-60.05358124
6358531204,-136.7049932
6358843401,-60.02655792
6359155599,-131.6906958
6359467796,-60.10830307
6359779993,-128.7511053
6360092190,-60.11214447
6360404388,-133.89289
6360716585,-60.04616928
6361028782,-127.2323294
6361340979,-60.13011932
6361653177,-131.7237005
6361965374,-60.07884216
6362277571,-132.9614935
6362589768,-60.15029526
6362901966,-131.9364233
6363214163,-60.17912674
6363526360,-130.2601995
6363838557,-60.13960648
6364150755,-133.4941015
6364462952,-60.16623306
6364775149,-136.6118689
6365087346,-60.11789322
6365399544,-131.0360632
6365711741,-60.15039825
6366023938,-131.7263403
6366336136,-60.23802567
6366648333,-132.3916235
6366960530,-60.0985527
6367272727,-143.2519445
6367584925,-60.25379181
6367897122,-131.8782415
6368209319,-60.20986557
6368521516,-139.7686834
6368833714,-60.12918854
6369145911,-133.5542364
6369458108,-60.14258575
6369770305,-135.2396002
6370082503,-60.14863205
6370394700,-133.3098364
6370706897,-60.19216156
6371019094,-139.1101141
6371331292,-60.25920868
6371643489,-132.5450964
6371955686,-60.1866188
6372267883,-140.0114813
6372580081,-60.22426605
6372892278,-130.6301947
6373204475,-60.17372131
6373516672,-133.8185034
6373828870,-60.19887924
6374141067,-130.3262548
6374453264,-60.21007156
6374765461,-132.590766
6375077659,-60.2319603
6375389856,-134.2318792
6375702053,-60.25449371
6376014250,-131.560874
6376326448,-60.19985962
6376638645,-129.5615911
6376950842,-60.13861084
6377263039,-129.3518896
6377575237,-60.19201279
6377887434,-131.9533148
6378199631,-60.16971588
6378511828,-131.8597326
6378824026,-60.18783951
6379136223,-131.9226904
6379448420,-60.11262894
6379760618,-127.897193
6380072815,-60.21600342
6380385012,-126.4020834
6380697209,-60.2282486
6381009407,-132.5561895
6381321604,-60.10747147
6381633801,-135.6735449
6381945998,-60.17998123
6382258196,-133.873435
6382570393,-60.12975693
6382882590,-133.0360937
6383194787,-60.04866409
6383506985,-128.1352911
6383819182,-60.20716095
6384131379,-136.6500158
6384443576,-60.08785248
6384755774,-137.4934759
6385067971,-60.16477203
6385380168,-132.3310308
6385692365,-60.18804169
6386004563,-136.9961615
6386316760,-60.08269882
6386628957,-135.1343145
6386941154,-60.07069016
6387253352,-132.6205816
6387565549,-60.12702942
6387877746,-126.2307959
6388189943,-60.12163544
6388502141,-138.726676
6388814338,-60.23456955
6389126535,-133.9706488
6389438732,-60.08218765
6389750930,-132.9341345
6390063127,-60.27669525
6390375324,-136.5380163
6390687521,-60.15077209
6390999719,-132.6146765
6391311916,-60.0843811
6391624113,-133.3398046
6391936311,-60.18114471
6392248508,-135.0394659
6392560705,-60.02361679
6392872902,-126.5323324
6393185100,-60.17476654
6393497297,-128.8831396
6393809494,-60.2612381
6394121691,-133.6812963
6394433889,-60.08827972
6394746086,-133.0629644
6395058283,-60.24457169
6395370480,-129.4034643
6395682678,-60.21639633
6395994875,-130.3931799
6396307072,-60.11546326
6396619269,-133.2077398
6396931467,-60.21663284
6397243664,-131.7170324
6397555861,-60.11937332
6397868058,-136.6217566
6398180256,-60.22348404
6398492453,-137.5945654
6398804650,-60.27909088
6399116847,-130.9343176
6399429045,-60.11715698
6399741242,-138.5450659
6400053439,-60.28242493
6400365636,-130.8387365
6400677834,-60.23207474
6400990031,-141.2568274
6401302228,-60.16187668
6401614425,-128.658164
6401926623,-60.2864418
6402238820,-128.7496557
6402551017,-60.20889664
6402863214,-131.2385015
6403175412,-60.23130035
6403487609,-127.9081335
6403799806,-60.31764984
6404112004,-135.0190039
6404424201,-60.15264511
6404736398,-133.848609
6405048595,-60.34335327
6405360793,-133.4668036
6405672990,-60.20554352
6405985187,-139.1202917
6406297384,-60.21104431
6406609582,-135.4408178
6406921779,-60.37162018
6407233976,-135.4191198
6407546173,-60.21323013
6407858371,-136.0853338
6408170568,-60.34440994
6408482765,-136.0129309
6408794962,-60.31389999
6409107160,-128.566184
6409419357,-60.28118515
6409731554,-148.0372229
6410043751,-60.40354156
6410355949,-134.4934301
6410668146,-60.43182755
6410980343,-129.6542273
6411292540,-60.23889923
6411604738,-128.2949591
6411916935,-60.48693085
6412229132,-128.7781744
6412541329,-60.37043381
6412853527,-130.4938726
6413165724,-60.37446594
6413477921,-132.846015
6413790118,-60.53871536
6414102316,-136.1058264
6414414513,-60.42956924
6414726710,-137.5562048
6415038907,-60.560009
6415351105,-128.8615332
6415663302,-60.62871552
6415975499,-137.5245886
6416287696,-60.42182541
6416599894,-128.9673529
6416912091,-60.57505035
6417224288,-133.0664434
6417536486,-60.53277969
6417848683,-132.4494543
6418160880,-60.45302963
6418473077,-135.399848
6418785275,-60.61801529
6419097472,-131.4330206
6419409669,-60.53459167
6419721866,-136.9410009
6420034064,-60.5827179
6420346261,-125.8335257
6420658458,-60.74403
6420970655,-129.2711859
6421282853,-60.54962921
6421595050,-137.5329657
6421907247,-60.78884125
6422219444,-136.9071569
6422531642,-60.81492233
6422843839,-130.4466772
6423156036,-60.65285873
6423468233,-132.5151587
6423780431,-60.72230148
6424092628,-139.3408728
6424404825,-60.70869446
6424717022,-129.2226171
6425029220,-60.68577957
6425341417,-131.5335302
6425653614,-60.858181
6425965811,-128.900672
6426278009,-60.73072815
6426590206,-133.1982794
6426902403,-60.76937103
6427214600,-134.3959112
6427526798,-60.92927933
6427838995,-129.1452246
6428151192,-60.82167053
6428463389,-141.1721411
6428775587,-60.81915665
6429087784,-129.8031073
6429399981,-60.94892883
6429712179,-138.3295355
6430024376,-60.73181534
6430336573,-136.1045599
6430648770,-60.93802261
6430960968,-131.7012548
6431273165,-60.92522049
6431585362,-134.3996344
6431897559,-60.84553909
6432209757,-130.4299231
6432521954,-61.06424332
6432834151,-136.4899054
6433146348,-60.96545029
6433458546,-130.7034369
6433770743,-60.90120316
6434082940,-131.8687506
6434395137,-61.10814667
6434707335,-136.1288671
6435019532,-61.07255936
6435331729,-134.3147345
6435643926,-60.88998795
6435956124,-133.1635046
6436268321,-61.09178543
6436580518,-140.9520636
6436892715,-60.93640518
6437204913,-128.6062841
6437517110,-61.02502441
6437829307,-131.9844885
6438141504,-61.12760544
6438453702,-132.5985785
6438765899,-60.91637039
6439078096,-126.1300955
6439390293,-61.12919235
6439702491,-131.0575323
6440014688,-61.21707916
6440326885,-130.6559515
6440639082,-60.98526382
6440951280,-133.3785772
6441263477,-61.05036545
6441575674,-133.393714
6441887871,-61.06401825
6442200069,-134.2040319
6442512266,-60.95567322
6442824463,-132.0929937
6443136661,-61.10676193
6443448858,-138.5483618
6443761055,-61.00135803
6444073252,-131.1612005
6444385450,-60.93049622
6444697647,-131.5239477
6445009844,-61.19917297
6445322041,-129.3474951
6445634239,-61.13051605
6445946436,-132.6955633
6446258633,-60.86048508
6446570830,-139.4147711
6446883028,-61.21955872
6447195225,-133.725318
6447507422,-60.96422958
6447819619,-131.9009008
6448131817,-60.9058609
6448444014,-138.2813177
6448756211,-61.15028381
6449068408,-130.6729345
6449380606,-60.95962906
6449692803,-140.5104895
6450005000,-60.98875809
6450317197,-132.2696753
6450629395,-61.15073395
6450941592,-128.0852423
6451253789,-60.87174606
6451565986,-129.393714
6451878184,-61.1006012
6452190381,-131.1541815
6452502578,-61.16923904
6452814775,-139.3622351
6453126973,-60.93067551
6453439170,-132.7525091
6453751367,-60.87584686
6454063564,-129.6366796
6454375762,-61.15982056
6454687959,-134.5875006
6455000156,-60.88744736
6455312354,-143.3261786
6455624551,-60.94580078
6455936748,-137.150794
6456248945,-61.0930748
6456561143,-130.9533606
6456873340,-60.84716415
6457185537,-132.4602728
6457497734,-61.0694046
6457809932,-133.3733587
6458122129,-61.12628174
6458434326,-133.4045172
6458746523,-60.94577789
6459058721,-132.5544806
6459370918,-61.1158371
6459683115,-133.3661413
6459995312,-61.08819962
6460307510,-143.7775488
6460619707,-60.91431046
6460931904,-136.8047552
6461244101,-60.90431213
6461556299,-135.2484503
6461868496,-61.04129791
6462180693,-134.9643164
6462492890,-60.79685593
6462805088,-135.5687323
6463117285,-61.03673553
6463429482,-131.0881109
6463741679,-60.93633652
6464053877,-136.358634
6464366074,-60.86754227
6464678271,-135.6225195
6464990468,-61.03025436
6465302666,-144.8153906
6465614863,-61.08934021
6465927060,-129.0365973
6466239257,-60.7934494
6466551455,-130.3097906
6466863652,-61.11564255
6467175849,-132.6618719
6467488047,-61.00569153
6467800244,-126.5952673
6468112441,-60.88471603
6468424638,-134.1756964
6468736836,-60.89897156
6469049033,-135.0490789
6469361230,-61.01170349
6469673427,-133.1730871
6469985625,-60.80400848
6470297822,-131.7057104
6470610019,-60.89322662
6470922216,-130.3706121
6471234414,-60.94569397
6471546611,-132.0649328
6471858808,-60.73432541
6472171005,-127.9664831
6472483203,-60.91540909
6472795400,-135.5652838
6473107597,-61.08693695
6473419794,-131.3044043
6473731992,-60.75797653
6474044189,-129.8590765
6474356386,-61.05738449
6474668583,-130.4554052
6474980781,-60.99446869
6475292978,-126.2819128
6475605175,-60.76328659
6475917372,-133.0232611
6476229570,-60.81671524
6476541767,-127.3280096
6476853964,-60.90027237
6477166161,-136.2697668
6477478359,-60.73027802
6477790556,-136.630393
6478102753,-60.89100647
6478414950,-132.7048712
6478727148,-60.93120193
6479039345,-134.7455664
6479351542,-60.81559372
6479663739,-136.7186499
6479975937,-60.91826248
6480288134,-140.8759527
6480600331,-61.03930283
6480912529,-133.5175543
6481224726,-60.75392151
6481536923,-134.2992926
6481849120,-60.91979218
6482161318,-133.5031347
6482473515,-61.15401459
6482785712,-134.6200171
6483097909,-60.8899498
6483410107,-127.7613668
6483722304,-60.88384628
6484034501,-133.7398443
6484346698,-61.06294632
6484658896,-126.886344
6484971093,-60.91279221
6485283290,-135.0042334
6485595487,-60.84716034
6485907685,-131.2234869
6486219882,-61.03948975
6486532079,-131.3268957
6486844276,-60.96724319
6487156474,-128.6052008
6487468671,-60.89572906
6487780868,-135.5611486
6488093065,-61.06600952
6488405263,-135.5513678
6488717460,-60.90262985
6489029657,-133.0869055
6489341854,-60.96487427
6489654052,-135.1106939
6489966249,-61.14765167
6490278446,-132.8894873
6490590643,-61.10921097
6490902841,-130.7858801
6491215038,-60.9575882
6491527235,-130.9613104
6491839432,-61.20871353
6492151630,-129.6609716
6492463827,-61.13573074
6492776024,-131.8934851
6493088222,-61.05245972
6493400419,-130.4865942
6493712616,-61.05149841
6494024813,-134.2573309
6494337011,-61.22031021
6494649208,-129.1000586
6494961405,-61.0488472
6495273602,-137.3700781
6495585800,-61.09786224
6495897997,-132.4200506
6496210194,-61.28210831
6496522391,-129.3727789
6496834589,-61.01804352
6497146786,-130.3867712
6497458983,-61.14348984
6497771180,-129.3539648
6498083378,-61.34757996
6498395575,-134.3814306
6498707772,-61.15627289
6499019969,-134.62815
6499332167,-61.12224197
6499644364,-131.4346228
6499956561,-61.34837723
6500268758,-126.9305563
6500580956,-61.37548447
6500893153,-137.7866735
6501205350,-61.20166779
6501517547,-133.5993567
6501829745,-61.47101593
6502141942,-132.57302
6502454139,-61.36775208
6502766336,-137.1608648
6503078534,-61.2196579
6503390731,-132.9897223
6503702928,-61.35819244
6504015125,-138.3455725
6504327323,-61.4416008
6504639520,-130.7819586
6504951717,-61.29791641
6505263914,-140.2211218
6505576112,-61.39676285
6505888309,-135.7030859
6506200506,-61.49266815
6506512704,-133.5177526
6506824901,-61.31223679
6507137098,-125.9460669
6507449295,-61.34714127
6507761493,-134.6760015
6508073690,-61.6392746
6508385887,-134.8042517
6508698084,-61.40519333
6509010282,-127.7580328
6509322479,-61.42392731
6509634676,-137.0215368
6509946873,-61.61390686
6510259071,-129.122077
6510571268,-61.61794281
6510883465,-141.1812658
6511195662,-61.43383789
6511507860,-129.8665533
6511820057,-61.60250092
6512132254,-128.6064978
6512444451,-61.66606903
6512756649,-131.3893347
6513068846,-61.48122787
6513381043,-130.5246801
6513693240,-61.44116974
6514005438,-135.2242193
6514317635,-61.72668839
6514629832,-127.7862921
6514942029,-61.5528717
6515254227,-135.3873663
6515566424,-61.45108032
6515878621,-133.9002142
6516190818,-61.66090012
6516503016,-127.6433325
6516815213,-61.53485107
6517127410,-130.817893
6517439607,-61.46172333
6517751805,-132.1925879
6518064002,-61.61348343
6518376199,-131.5329657
6518688397,-61.67557907
6519000594,-131.6494513
6519312791,-61.44884872
6519624988,-131.7909307
6519937186,-61.61604309
6520249383,-137.0358038
6520561580,-61.72517395
6520873777,-133.0072393
6521185975,-61.47859955
6521498172,-129.609992
6521810369,-61.53628922
6522122566,-136.7554083
6522434764,-61.59765244
6522746961,-131.3422308
6523059158,-61.63328934
6523371355,-134.9129095
6523683553,-61.46461868
6523995750,-128.2452002
6524307947,-61.75234222
6524620144,-128.7556067
6524932342,-61.64099503
6525244539,-128.1358862
6525556736,-61.46638107
6525868933,-127.1428137
6526181131,-61.66904831
6526493328,-128.3317633
6526805525,-61.68062973
6527117722,-134.6615973
6527429920,-61.54228973
6527742117,-138.3111181
6528054314,-61.44583511
6528366511,-130.9726019
6528678709,-61.66614151
6528990906,-129.4716864
6529303103,-61.57777405
6529615300,-130.7811651
6529927498,-61.46515656
6530239695,-130.4539404
6530551892,-61.56125641
6530864090,-128.4995794
6531176287,-61.62428665
6531488484,-132.1571875
6531800681,-61.44037628
6532112879,-129.2811956
6532425076,-61.45416641
6532737273,-140.9010992
6533049470,-61.61126709
6533361668,-141.879859
6533673865,-61.4685173
6533986062,-133.3941107
6534298259,-61.47789383
6534610457,-131.4125433
6534922654,-61.56444168
6535234851,-131.6931219
6535547048,-61.45843506
6535859246,-129.7284613
6536171443,-61.46046829
6536483640,-131.484046
6536795837,-61.54113388
6537108035,-128.192832
6537420232,-61.65119934
6537732429,-136.4908209
6538044626,-61.4187851
6538356824,-140.3189306
6538669021,-61.4553566
6538981218,-141.7298346
6539293415,-61.6617012
6539605613,-131.9101782
6539917810,-61.66152573
6540230007,-149.5925665
6540542204,-61.43058014
6540854402,-128.6253881
6541166599,-61.58327103
6541478796,-136.6330786
6541790993,-61.60440826
6542103191,-125.8704977
6542415388,-61.52118683
6542727585,-134.6719275
6543039782,-61.44163895
6543351980,-136.2996283
6543664177,-61.61711502
6543976374,-133.8396215
6544288572,-61.56916809
6544600769,-132.0983801
6544912966,-61.45140457
6545225163,-130.9737616
6545537361,-61.51075745
6545849558,-128.5284491
6546161755,-61.60612488
6546473952,-130.6933966
6546786150,-61.53245544
6547098347,-135.5849676
6547410544,-61.46760941
6547722741,-128.6469793
6548034939,-61.62176895
6548347136,-138.3788366
6548659333,-61.64217377
6548971530,-129.7336035
6549283728,-61.54498672
6549595925,-130.0876684
6549908122,-61.47572708
6550220319,-135.763526
6550532517,-61.63500977
6550844714,-128.7356024
6551156911,-61.59339523
6551469108,-130.0830297
6551781306,-61.57309341
6552093503,-130.6947699
6552405700,-61.62628937
6552717897,-138.0128088
6553030095,-61.68242264
6553342292,-130.5674505
6553654489,-61.58127594
6553966686,-132.0971289
6554278884,-61.6954689
6554591081,-132.0026007
6554903278,-61.73690414
6555215475,-128.7978125
6555527673,-61.65340042
6555839870,-132.2030554
6556152067,-61.65294266
6556464265,-132.5208197
6556776462,-61.72597885
6557088659,-131.6039038
6557400856,-61.82547379
6557713054,-131.4380865
6558025251,-61.69052124
6558337448,-125.7830267
6558649645,-61.79075241
6558961843,-128.81565
6559274040,-61.84835434
6559586237,-137.843894
6559898434,-61.91110229
6560210632,-133.9188757
6560522829,-61.74969101
6560835026,-131.5938025
6561147223,-61.93737793
6561459421,-134.6918402
6561771618,-61.98248672
6562083815,-132.4873114
6562396012,-61.86737823
6562708210,-127.9265738
6563020407,-61.8323822
6563332604,-137.1539831
6563644801,-61.97229767
6563956999,-127.0488806
6564269196,-61.98212814
6564581393,-132.0048285
6564893590,-61.96035767
6565205788,-134.5149145
6565517985,-61.86729813
6565830182,-134.4828558
6566142379,-62.09834671
6566454577,-132.8185034
6566766774,-62.14271927
6567078971,-130.7293615
6567391168,-61.99747849
6567703366,-128.6350622
6568015563,-62.04332352
6568327760,-129.0777807
6568639957,-62.18470764
6568952155,-132.8078527
6569264352,-62.12398911
6569576549,-128.1912603
6569888747,-62.10074615
6570200944,-138.6541052
6570513141,-62.09955597
6570825338,-133.0394659
6571137536,-62.31590271
6571449733,-141.1938543
6571761930,-62.22357941
6572074127,-134.2849951
6572386325,-62.13198853
6572698522,-134.1184454
6573010719,-62.25500107
6573322916,-146.5259161
6573635114,-62.34861755
6573947311,-132.8321295
6574259508,-62.20558167
6574571705,-132.7206945
6574883903,-62.26465607
6575196100,-133.3941259
6575508297,-62.26465607
6575820494,-132.2393713
6576132692,-62.389431
6576444889,-135.8697882
6576757086,-62.23419571
6577069283,-138.9548864
6577381481,-62.34353638
6577693678,-131.2834539
6578005875,-62.38526535
6578318072,-128.4155798
6578630270,-62.39538956
6578942467,-134.7829046
6579254664,-62.31952667
6579566861,-125.7180319
6579879059,-62.36125183
6580191256,-137.475379
6580503453,-62.50807571
6580815650,-133.3007727
6581127848,-62.41824722
6581440045,-136.1293859
6581752242,-62.29902267
6582064440,-131.27349
6582376637,-62.41791916
6582688834,-133.8948431
6583001031,-62.50006866
6583313229,-131.6928167
6583625426,-62.42567444
6583937623,-131.5728521
6584249820,-62.41963196
6584562018,-133.1234045
6584874215,-62.43122482
6585186412,-134.9010534
6585498609,-62.55379486
6585810807,-137.0226507
6586123004,-62.46764374
6586435201,-135.9729986
6586747398,-62.40206909
6587059596,-134.4404821
6587371793,-62.4820137
6587683990,-128.9466772
6587996187,-62.52961731
6588308385,-129.6476355
6588620582,-62.39643097
6588932779,-128.8890142
6589244976,-62.37127686
6589557174,-130.7394171
6589869371,-62.43652344
6590181568,-134.3103094
6590493765,-62.40990067
6590805963,-130.1533422
6591118160,-62.42663956
6591430357,-132.6049261
6591742554,-62.45366669
6592054752,-128.8264532
6592366949,-62.40720367
6592679146,-130.6041021
6592991343,-62.44451904
6593303541,-129.1348028
6593615738,-62.3113327
6593927935,-128.9354773
6594240133,-62.37437057
6594552330,-145.6044073
6594864527,-62.43888092
6595176724,-131.1546545
6595488922,-62.42181396
6595801119,-130.3732519
6596113316,-62.31875992
6596425513,-129.6425543
6596737711,-62.33108902
6597049908,-130.525794
6597362105,-62.45439148
6597674302,-136.5983953
6597986500,-62.36750412
6598298697,-133.4696112
6598610894,-62.38938904
6598923091,-141.9733953
6599235289,-62.34145355
6599547486,-144.690299
6599859683,-62.43315506
6600171880,-131.0340796
6600484078,-62.37833023
6600796275,-140.3468695
6601108472,-62.41989136
6601420669,-128.5926886
6601732867,-62.37767029
6602045064,-125.246932
6602357261,-62.46699905
6602669458,-137.6398382
6602981656,-62.42404556
6603293853,-135.0209265
6603606050,-62.30685806
6603918247,-130.1781073
6604230445,-62.34033585
6604542642,-130.9200506
6604854839,-62.35176468
6605167036,-134.9817266
6605479234,-62.3698082
6605791431,-141.0380011
6606103628,-62.39593506
6606415825,-129.2470922
6606728023,-62.26919556
6607040220,-136.6534491
6607352417,-62.37984085
6607664615,-135.2685003
6607976812,-62.38538742
6608289009,-129.7950964
6608601206,-62.32626343
6608913404,-134.5020361
6609225601,-62.31637955
6609537798,-134.445838
6609849995,-62.27121735
6610162193,-132.737525
6610474390,-62.4252243
6610786587,-134.4510565
6611098784,-62.34772491
6611410982,-140.7932348
6611723179,-62.29227448
6612035376,-132.622611
6612347573,-62.31325531
6612659771,-132.4899969
6612971968,-62.43786621
6613284165,-131.4482641
6613596362,-62.29642868
6613908560,-135.7921362
6614220757,-62.27845764
6614532954,-133.2209997
6614845151,-62.28988647
6615157349,-137.7397985
6615469546,-62.44977188
6615781743,-130.1556616
6616093940,-62.41269684
6616406138,-137.3033209
6616718335,-62.26537704
6617030532,-132.7743139
6617342729,-62.29959106
6617654927,-127.3824835
6617967124,-62.42640305
6618279321,-136.4049749
6618591518,-62.45620346
6618903716,-128.856101
6619215913,-62.26846695
6619528110,-133.89083
6619840308,-62.35412216
6620152505,-133.1254339
6620464702,-62.32072067
6620776899,-138.7760229
6621089097,-62.54748535
6621401294,-129.9667425
6621713491,-62.35019302
6622025688,-131.1099768
6622337886,-62.40571594
6622650083,-136.3174047
6622962280,-62.38628006
6623274477,-127.4860754
6623586675,-62.59246445
6623898872,-127.9884405
6624211069,-62.48189545
6624523266,-137.7767248
6624835464,-62.42129898
6625147661,-134.5624456
6625459858,-62.39702606
6625772055,-151.0997076
6626084253,-62.58121872
6626396450,-129.5628424
6626708647,-62.51993942
6627020844,-130.6017675
6627333042,-62.51892853
6627645239,-132.4013586
6627957436,-62.42825317
6628269633,-131.0267401
6628581831,-62.68226242
6628894028,-129.0979986
6629206225,-62.6643486
6629518422,-131.0026617
6629830620,-62.61483002
6630142817,-132.6170416
6630455014,-62.45800781
6630767211,-137.0778265
6631079409,-62.70246506
6631391606,-126.831809
6631703803,-62.65956116
6632016001,-133.8810339
6632328198,-62.64017487
6632640395,-135.3873816
6632952592,-62.47967911
6633264790,-141.0233374
6633576987,-62.6205101
6633889184,-139.0504827
6634201381,-62.82748413
6634513579,-131.8235693
6634825776,-62.71696854
6635137973,-132.572196
6635450170,-62.57117081
6635762368,-131.2027349
6636074565,-62.62601471
6636386762,-131.018714
6636698959,-62.81314468
6637011157,-132.930747
6637323354,-62.82683182
6637635551,-131.5818548
6637947748,-62.58402252
6638259946,-134.5735083
6638572143,-62.71236038
6638884340,-130.4517126
6639196537,-62.76867294
6639508735,-132.0432959
6639820932,-62.86834717
6640133129,-127.5834341
6640445326,-62.71593475
6640757524,-144.0053167
6641069721,-62.73403168
6641381918,-134.0525274
6641694115,-62.64923477
6642006313,-137.7688208
6642318510,-62.92897034
6642630707,-135.3667669
6642942904,-62.83461761
6643255102,-129.176856
6643567299,-62.73806381
6643879496,-129.4955359
6644191693,-62.68707657
6644503891,-134.2275152
6644816088,-62.78380966
6645128285,-137.8181372
6645440483,-63.05693054
6645752680,-129.9547796
6646064877,-62.86850739
6646377074,-139.6608038
6646689272,-62.7190361
6647001469,-133.2981787
6647313666,-62.78710938
6647625863,-134.7567511
6647938061,-63.02127457
6648250258,-140.0509558
6648562455,-62.96440887
6648874652,-131.353446
6649186850,-62.83919144
6649499047,-133.0324926
6649811244,-62.77497482
6650123441,-138.7293768
6650435639,-62.98833084
6650747836,-128.1052618
6651060033,-63.05313492
6651372230,-128.9755621
6651684428,-62.95919037
6651996625,-133.6454687
6652308822,-62.75941467
6652621019,-155.5636053
6652933217,-62.86610794
6653245414,-131.1403265
6653557611,-63.00587463
6653869808,-132.830802
6654182006,-63.05377579
6654494203,-132.4730291
6654806400,-62.85105896
6655118597,-133.1639929
6655430795,-62.75858688
6655742992,-128.2400427
6656055189,-62.85792923
6656367386,-134.285758
6656679584,-63.04914093
6656991781,-133.0151892
6657303978,-62.90962982
6657616176,-134.7512274
6657928373,-62.66943359
6658240570,-132.3319464
6658552767,-62.73644257
6658864965,-138.9354773
6659177162,-62.89311218
6659489359,-128.46276
6659801556,-62.87413025
6660113754,-131.470252
6660425951,-62.73535538
6660738148,-132.8998327
6661050345,-62.67742538
6661362543,-135.4560614
6661674740,-62.77970886
6661986937,-136.596076
6662299134,-62.91359329
6662611332,-131.9719915
6662923529,-62.93650436
6663235726,-132.1948004
6663547923,-62.77862167
6663860121,-132.4462805
6664172318,-62.60236359
6664484515,-130.2526159
6664796712,-62.67304611
6665108910,-134.9093084
6665421107,-62.90615082
6665733304,-147.0454473
6666045501,-62.91289139
6666357699,-136.8262854
6666669896,-62.78440475
6666982093,-130.0914526
6667294290,-62.55596924
6667606488,-129.5073004
6667918685,-62.78613281
6668230882,-130.4429998
6668543079,-62.86710358
6668855277,-135.6979284
6669167474,-62.83342361
6669479671,-133.0640478
6669791868,-62.51973343
6670104066,-129.881156
6670416263,-62.48605347
6670728460,-131.9155951
6671040658,-62.84409714
6671352855,-131.0977392
6671665052,-62.87068176
6671977249,-130.7928686
6672289447,-62.60403061
6672601644,-128.9269934
6672913841,-62.56446838
6673226038,-140.2760077
6673538236,-62.6395607
6673850433,-128.3209295
6674162630,-62.70877457
6674474827,-132.7585974
6674787025,-62.83457565
6675099222,-128.4231634
6675411419,-62.72594452
6675723616,-133.3029089
6676035814,-62.54785919
6676348011,-137.266181
6676660208,-62.53586578
6676972405,-140.551856
6677284603,-62.67453384
6677596800,-127.6130667
6677908997,-62.86244583
6678221194,-136.3130102
6678533392,-62.6961174
6678845589,-131.1079626
6679157786,-62.534935
6679469983,-131.4707861
6679782181,-62.46781921
6680094378,-129.4884253
6680406575,-62.85563278
6680718772,-128.1557531
6681030970,-62.91345978
6681343167,-129.7958899
6681655364,-62.81989288
6681967561,-133.4490271
6682279759,-62.50363541
6682591956,-133.1702642
6682904153,-62.60041428
6683216351,-131.6766272
6683528548,-62.75157928
6683840745,-134.3934546
6684152942,-62.92258453
6684465140,-132.7139044
6684777337,-62.6210289
6685089534,-137.1328344
6685401731,-62.57081985
6685713929,-133.9841375
6686026126,-62.53604507
6686338323,-135.2090368
6686650520,-62.80994034
6686962718,-130.9616156
6687274915,-62.8435173
6687587112,-143.5096807
6687899309,-62.78375244
6688211507,-137.8761663
6688523704,-62.56083298
6688835901,-128.7097998
6689148098,-62.50400925
6689460296,-132.0175238
6689772493,-62.681633
6690084690,-130.9993963
6690396887,-62.8886528
6690709085,-136.2377996
6691021282,-62.94500732
6691333479,-136.6167822
6691645676,-62.68313599
6691957874,-129.1848822
6692270071,-62.61896515
6692582268,-130.9653997
6692894465,-62.84950256
6693206663,-132.3218603
6693518860,-62.93966675
6693831057,-135.6957159
6694143254,-62.92987823
6694455452,-129.7123632
6694767649,-62.61141968
6695079846,-137.9022589
6695392044,-62.63396835
6695704241,-131.3669806
6696016438,-62.81306076
6696328635,-142.3055334
6696640833,-62.94217682
6696953030,-130.3236303
6697265227,-62.98309708
6697577424,-131.5536871
6697889622,-62.70652771
6698201819,-134.3763342
6698514016,-62.62030792
6698826213,-135.8849249
6699138411,-62.61125565
6699450608,-134.1972876
6699762805,-62.89985275
6700075002,-135.4137487
6700387200,-63.11692429
6700699397,-136.1369238
6701011594,-62.95817566
6701323791,-132.2116308
6701635989,-62.76635742
6701948186,-130.8975744
6702260383,-62.66640854
6702572580,-136.7954321
6702884778,-62.9589119
6703196975,-132.1646032
6703509172,-63.15146637
6703821369,-130.3221045
6704133567,-63.02064514
6704445764,-135.4923925
6704757961,-62.74504471
6705070158,-137.4113073
6705382356,-62.64729691
6705694553,-128.3987799
6706006750,-62.90599442
6706318947,-131.908103
6706631145,-63.05959702
6706943342,-131.8000708
6707255539,-63.03901672
6707567736,-130.8483191
6707879934,-62.93759537
6708192131,-134.8000708
6708504328,-62.74210358
6708816526,-132.5320654
6709128723,-62.85234451
6709440920,-133.4668951
6709753117,-62.92289734
6710065315,-130.9049139
6710377512,-63.14558411
6710689709,-131.9573431
6711001906,-63.13455963
6711314104,-128.3951025
6711626301,-62.94861984
6711938498,-131.6949682
6712250695,-62.81706619
6712562893,-132.2520514
6712875090,-63.10295486
6713187287,-128.9565954
6713499484,-63.12132645
6713811682,-135.0925817
6714123879,-63.19408798
6714436076,-139.3713751
6714748273,-62.98242569
6715060471,-128.9088202
6715372668,-62.90452194
6715684865,-132.1241674
6715997062,-62.83470154
6716309260,-130.8689032
6716621457,-63.05371094
6716933654,-132.1991339
6717245851,-63.1433754
6717558049,-127.0273886
6717870246,-63.10515594
6718182443,-128.2437048
6718494640,-62.94494247
6718806838,-130.1369085
6719119035,-62.85748291
6719431232,-134.4884558
6719743429,-62.87659073
6720055627,-133.8593512
6720367824,-63.18379593
6720680021,-129.4225378
6720992219,-63.23891449
6721304416,-138.255744
6721616613,-63.24038315
6721928810,-127.4088125
6722241008,-62.88908386
6722553205,-130.0744238
6722865402,-62.85013199
6723177599,-135.6481848
6723489797,-62.99491501
6723801994,-132.382865
6724114191,-63.14998627
6724426388,-131.7346563
6724738586,-63.26095963
6725050783,-127.5186148
6725362980,-63.07198715
6725675177,-136.3547125
6725987375,-62.96905136
6726299572,-130.3546362
6726611769,-62.84627151
6726923966,-127.9910421
6727236164,-62.93809128
6727548361,-130.4478827
6727860558,-63.28273392
6728172755,-128.6641607
6728484953,-63.26945877
6728797150,-130.5830297
6729109347,-63.13491821
6729421544,-136.5359716
6729733742,-62.98862076
6730045939,-133.0449743
6730358136,-62.85334778
6730670333,-132.6678991
6730982531,-63.02233887
6731294728,-127.4373159
6731606925,-63.18397903
6731919122,-133.6518927
6732231320,-63.17364502
6732543517,-128.9739752
6732855714,-63.12656021
6733167911,-136.3313818
6733480109,-62.86120605
6733792306,-128.8041143
6734104503,-62.85895538
6734416701,-132.6882086
6734728898,-62.94122314
6735041095,-132.7793036
6735353292,-63.30717468
6735665490,-130.6031103
6735977687,-63.39458466
6736289884,-132.6329565
6736602081,-63.08954239
6736914279,-135.5057745
6737226476,-62.83667755
6737538673,-128.8663092
6737850870,-62.81017685
6738163068,-133.6426153
6738475265,-63.03355026
6738787462,-130.3324194
6739099659,-63.24149323
6739411857,-135.0264196
6739724054,-63.27892685
6740036251,-140.2929296
6740348448,-63.01651001
6740660646,-134.9543066
6740972843,-62.99221039
6741285040,-133.9488592
6741597237,-62.80402374
6741909435,-135.6369696
6742221632,-62.97815704
6742533829,-135.1812658
6742846026,-63.31838608
6743158224,-139.5629034
6743470421,-63.32936478
6743782618,-130.096137
6744094815,-63.29992294
6744407013,-135.250205
6744719210,-62.93681717
6745031407,-132.427268
6745343604,-62.8390274
6745655802,-134.382163
6745967999,-62.94922256
6746280196,-128.8686132
6746592394,-63.09763336
6746904591,-132.5858831
6747216788,-63.25413132
6747528985,-136.8594885
6747841183,-63.25114441
6748153380,-130.5132666
6748465577,-63.05266571
6748777774,-139.2663183
6749089972,-62.98353577
6749402169,-144.2594366
6749714366,-62.9254303
6750026563,-133.2347174
6750338761,-63.2135849
6750650958,-133.2059851
6750963155,-63.31639099
6751275352,-134.627265
6751587550,-63.41184998
6751899747,-126.9029989
6752211944,-63.11411667
6752524141,-129.7485876
6752836339,-62.93618011
6753148536,-142.9626684
6753460733,-63.01620483
6753772930,-130.9147711
6754085128,-63.15282059
6754397325,-131.7458868
6754709522,-63.21152878
6755021719,-145.1334143
6755333917,-63.48337173
6755646114,-137.1225195
6755958311,-63.44433594
6756270508,-132.1395636
6756582706,-63.12676239
6756894903,-128.281806
6757207100,-62.9576416
6757519297,-132.8794775
6757831495,-63.11042404
6758143692,-133.5224676
6758455889,-63.19633102
6758768087,-130.5605841
6759080284,-63.34911346
6759392481,-135.9814062
6759704678,-63.39385986
6760016876,-135.0464697
6760329073,-63.25487518
6760641270,-139.3913336
6760953467,-63.09310532
6761265665,-132.3042669
6761577862,-62.98792648
6761890059,-135.9347601
6762202256,-63.12233353
6762514454,-130.9172735
6762826651,-63.43019104
6763138848,-132.5090551
6763451045,-63.39997482
6763763243,-130.1476202
6764075440,-63.52850342
6764387637,-139.0953894
6764699834,-63.27413177
6765012032,-130.536231
6765324229,-63.13955688
6765636426,-137.5584784
6765948623,-63.16813278
6766260821,-125.539237
6766573018,-63.18568802
6766885215,-133.062705
6767197412,-63.52882004
6767509610,-137.8896704
6767821807,-63.66249466
6768134004,-126.0945959
6768446201,-63.46691895
6768758399,-132.1129065
6769070596,-63.3242569
6769382793,-129.3200598
6769694990,-63.13970566
6770007188,-133.7237158
6770319385,-63.27779007
6770631582,-132.3074102
6770943779,-63.35855103
6771255977,-133.7301702
6771568174,-63.42901993
6771880371,-140.3922796
6772192569,-63.59797287
6772504766,-131.1496344
6772816963,-63.57951355
6773129160,-131.0701818
6773441358,-63.42656326
6773753555,-140.5610723
6774065752,-63.22584152
6774377949,-138.2665167
6774690147,-63.18901443
6775002344,-135.8830328
6775314541,-63.29055023
6775626738,-130.8990088
6775938936,-63.53926849
6776251133,-136.7251654
6776563330,-63.63512039
6776875527,-132.7487249
6777187725,-63.57884216
6777499922,-135.9599829
6777812119,-63.46082687
6778124316,-127.7811804
6778436514,-63.31415176
6778748711,-129.636466
6779060908,-63.25933838
6779373105,-136.4672766
6779685303,-63.49556732
6779997500,-140.4053717
6780309697,-63.6656456
6780621894,-134.7804785
6780934092,-63.69461823
6781246289,-128.1523962
6781558486,-63.64128113
6781870683,-136.5331945
6782182881,-63.56221771
6782495078,-132.9720068
6782807275,-63.30456543
6783119472,-131.8463964
6783431670,-63.32765961
6783743867,-133.3856573
6784056064,-63.33752441
6784368262,-143.5082464
6784680459,-63.4657135
6784992656,-141.1971807
6785304853,-63.71810532
6785617051,-129.2217016
6785929248,-63.77500916
6786241445,-130.236228
6786553642,-63.58937836
6786865840,-130.7847967
6787178037,-63.40007782
6787490234,-137.6868963
6787802431,-63.41067505
6788114629,-132.2097235
6788426826,-63.41833496
6788739023,-130.8592291
6789051220,-63.46568298
6789363418,-141.2258215
6789675615,-63.6805954
6789987812,-146.0862646
6790300009,-63.72647095
6790612207,-133.0274878
6790924404,-63.76867294
6791236601,-142.6782446
6791548798,-63.56393433
6791860996,-137.5781012
6792173193,-63.50030899
6792485390,-132.6352301
6792797587,-63.34922028
6793109785,-139.205863
6793421982,-63.39289474
6793734179,-135.1860723
6794046376,-63.45640945
6794358574,-130.2292395
6794670771,-63.83447647
6794982968,-130.6117163
6795295165,-63.6539917
6795607363,-133.7943029
6795919560,-63.8755188
6796231757,-132.8303747
6796543954,-63.57229996
6796856152,-137.2138586
6797168349,-63.35874557
6797480546,-130.5343237
6797792744,-63.35905457
6798104941,-129.8173437
6798417138,-63.45858383
6798729335,-145.5629339
6799041533,-63.47432709
6799353730,-132.2439795
6799665927,-63.75244141
6799978124,-137.9040442
6800290322,-63.80463409
6800602519,-134.0085669
6800914716,-63.77269745
6801226913,-130.7429113
6801539111,-63.53718567
6801851308,-134.8280859
6802163505,-63.50083923
6802475702,-138.5237494
6802787900,-63.42554092
6803100097,-135.6336432
6803412294,-63.52883148
6803724491,-135.0416784
6804036689,-63.49689484
6804348886,-136.7831488
6804661083,-63.7420311
6804973280,-133.6306677
6805285478,-63.7997551
6805597675,-134.9003057
6805909872,-63.79868698
6806222069,-134.0290747
6806534267,-63.67929459
6806846464,-130.3430395
6807158661,-63.5113945
6807470858,-131.6148748
6807783056,-63.44491577
6808095253,-132.6324224
6808407450,-63.39093018
6808719647,-131.127677
6809031845,-63.57800674
6809344042,-133.4556189
6809656239,-63.77757263
6809968437,-129.5535192
6810280634,-63.85440826
6810592831,-139.4953985
6810905028,-64.02237701
6811217226,-129.5190344
6811529423,-63.78686142
6811841620,-129.0248327
6812153817,-63.61749268
6812466015,-137.4343634
6812778212,-63.58335114
6813090409,-131.8874731
6813402606,-63.52348709
6813714804,-129.3317633
6814027001,-63.56577682
6814339198,-135.7650671
6814651395,-63.76387787
6814963593,-136.197608
6815275790,-63.95756531
6815587987,-133.5691442
6815900184,-63.94547272
6816212382,-130.5320501
6816524579,-63.96204376
6816836776,-131.6083899
6817148973,-63.83823776
6817461171,-136.4549627
6817773368,-63.73648453
6818085565,-139.1621313
6818397762,-63.68764496
6818709960,-129.0777349
6819022157,-63.61234665
6819334354,-132.5139685
6819646551,-63.78839874
6819958749,-137.9793615
6820270946,-63.86155701
6820583143,-132.9101629
6820895340,-64.03025818
6821207538,-135.5835333
6821519735,-64.03212738
6821831932,-133.5753546
6822144130,-64.08838654
6822456327,-135.5277472
6822768524,-64.03219604
6823080721,-130.4739904
6823392919,-63.9025116
6823705116,-128.0895147
6824017313,-63.65009689
6824329510,-129.3569555
6824641708,-63.71149445
6824953905,-134.5893621
6825266102,-63.88843155
6825578299,-137.8110571
6825890497,-63.96805191
6826202694,-131.0168219
6826514891,-64.15644073
6826827088,-129.6978521
6827139286,-64.29559326
6827451483,-130.8468084
6827763680,-64.23557281
6828075877,-126.2199011
6828388075,-64.21230316
6828700272,-138.9249945
6829012469,-63.9465065
6829324666,-133.2287512
6829636864,-63.91147614
6829949061,-133.5942602
6830261258,-63.83823013
6830573455,-129.9205542
6830885653,-64.03691101
6831197850,-136.5271521
6831510047,-64.08198547
6831822244,-133.2826452
6832134442,-64.32550049
6832446639,-133.1263494
6832758836,-64.380867
6833071033,-136.1721869
6833383231,-64.40609741
6833695428,-130.7368383
6834007625,-64.30492401
6834319822,-133.2909918
6834632020,-64.24711609
6834944217,-132.6907873
6835256414,-64.18930054
6835568612,-129.024436
6835880809,-64.06093597
6836193006,-135.284873
6836505203,-64.02442932
6836817401,-133.3397436
6837129598,-64.20474243
6837441795,-138.8189459
6837753992,-64.32624817
6838066190,-127.1623678
6838378387,-64.48744965
6838690584,-134.0306005
6839002781,-64.53913879
6839314979,-132.7424994
6839627176,-64.74002838
6839939373,-130.5519018
6840251570,-64.59181976
6840563768,-132.1822424
6840875965,-64.52224731
6841188162,-142.0909033
6841500359,-64.17854309
6841812557,-129.4495001
6842124754,-64.25669098
6842436951,-130.2515631
6842749148,-64.28339386
6843061346,-131.8216314
6843373543,-64.42034149
6843685740,-134.2993536
6843997937,-64.39559937
6844310135,-128.8066778
6844622332,-64.55680084
6844934529,-128.5519018
6845246726,-64.76650238
6845558924,-132.7346869
6845871121,-64.84098053
6846183318,-138.2476873
6846495515,-64.78684235
6846807713,-133.2849035
6847119910,-64.55852509
6847432107,-131.4764776
6847744305,-64.55215454
6848056502,-134.1827612
6848368699,-64.36719513
6848680896,-133.3694372
6848993094,-64.29762268
6849305291,-134.0671301
6849617488,-64.40149689
6849929685,-136.8696966
6850241883,-64.5174942
6850554080,-132.0807562
6850866277,-64.56484985
6851178474,-130.4781866
6851490672,-64.76140594
6851802869,-131.9233923
6852115066,-64.89549255
6852427263,-130.9690313
6852739461,-64.73413086
6853051658,-128.3926764
6853363855,-64.85718536
6853676052,-128.9427404
6853988250,-64.63776398
6854300447,-132.802207
6854612644,-64.56900787
6854924841,-139.3081884
6855237039,-64.32092285
6855549236,-131.9488592
6855861433,-64.39474487
6856173630,-131.4472265
6856485828,-64.27233124
6856798025,-133.584754
6857110222,-64.51812744
6857422419,-130.9892797
6857734617,-64.55078888
6858046814,-143.4989538
6858359011,-64.70691681
6858671208,-131.8983068
6858983406,-64.85055542
6859295603,-133.283988
6859607800,-64.9096756
6859919997,-131.0750952
6860232195,-64.82328033
6860544392,-127.0817709
6860856589,-64.74716949
6861168787,-129.5051794
6861480984,-64.50349426
6861793181,-127.4903097
6862105378,-64.27378845
6862417576,-132.1420507
6862729773,-64.25500488
6863041970,-134.1818304
6863354167,-64.2545929
6863666365,-130.8095312
6863978562,-64.3004837
6864290759,-137.1075201
6864602956,-64.63226318
6864915154,-130.6720037
6865227351,-64.63111877
6865539548,-132.5456915
6865851745,-64.62776947
6866163943,-135.621726
6866476140,-64.6971817
6866788337,-134.8466864
6867100534,-64.85845184
6867412732,-134.3230047
6867724929,-64.78160858
6868037126,-128.8509893
6868349323,-64.65332031
6868661521,-132.9963598
6868973718,-64.34718323
6869285915,-141.0765753
6869598112,-64.21668243
6869910310,-128.0075293
6870222507,-64.14278412
6870534704,-139.5169592
6870846901,-64.11297607
6871159099,-130.0748205
6871471296,-64.18091583
6871783493,-142.5844946
6872095690,-64.43993378
6872407888,-139.467948
6872720085,-64.45128632
6873032282,-129.8957281
6873344480,-64.62358856
6873656677,-130.9903784
6873968874,-64.78339386
6874281071,-130.9583654
6874593269,-64.90792084
6874905466,-135.493247
6875217663,-64.7097702
6875529860,-130.6719732
6875842058,-64.74756622
6876154255,-131.3160925
6876466452,-64.49652863
6876778649,-127.95259
6877090847,-64.35058594
6877403044,-131.7966223
6877715241,-64.26637268
6878027438,-133.9539709
6878339636,-64.16673279
6878651833,-134.7854834
6878964030,-64.20819855
6879276227,-137.1155462
6879588425,-64.20851135
6879900622,-135.5688238
6880212819,-64.39476013
6880525016,-129.384635
6880837214,-64.60599518
6881149411,-132.9817266
6881461608,-64.69302368
6881773805,-132.3918829
6882086003,-64.86605072
6882398200,-129.0438147
6882710397,-64.98688507
6883022594,-127.7506399
6883334792,-64.99674988
6883646989,-130.4547796
6883959186,-64.75967407
6884271383,-128.4700232
6884583581,-64.66003418
6884895778,-130.5208044
6885207975,-64.57288361
6885520173,-125.4941549
6885832370,-64.3380127
6886144567,-136.2928839
6886456764,-64.31407166
6886768962,-131.1192389
6887081159,-64.26073456
6887393356,-130.5257177
6887705553,-64.39186096
6888017751,-142.6730719
6888329948,-64.47962952
6888642145,-131.9374151
6888954342,-64.69527435
6889266540,-140.991416
6889578737,-64.77127838
6889890934,-130.411582
6890203131,-64.88550568
6890515329,-131.7325659
6890827526,-64.96518707
6891139723,-133.6341619
6891451920,-65.25065613
6891764118,-142.2736425
6892076315,-65.11940765
6892388512,-128.5372534
6892700709,-65.07636261
6893012907,-138.5716619
6893325104,-64.90028381
6893637301,-128.41294
6893949498,-64.88957214
6894261696,-131.328742
6894573893,-64.60031128
6894886090,-132.9069586
6895198287,-64.43673706
6895510485,-141.2906866
6895822682,-64.4965744
6896134879,-130.580039
6896447076,-64.54097748
6896759274,-132.8512945
6897071471,-64.56921387
6897383668,-137.416297
6897695865,-64.7003479
6898008063,-136.1098852
6898320260,-64.80060577
6898632457,-131.397788
6898944655,-65.02507019
6899256852,-132.5629797
6899569049,-65.09005737
6899881246,-136.54737
6900193444,-65.29348755
6900505641,-134.1077032
6900817838,-65.48506165
6901130035,-139.6077185
6901442233,-65.5943222
6901754430,-128.343833
6902066627,-65.41254425
6902378824,-132.8538885
6902691022,-65.3843689
6903003219,-134.6998053
6903315416,-65.12468719
6903627613,-131.2291937
6903939811,-64.99729919
6904252008,-126.8678274
6904564205,-64.90151215
6904876402,-131.5388403
6905188600,-64.80057526
6905500797,-130.9594641
6905812994,-64.62026978
6906125191,-130.6858129
6906437389,-64.66411591
6906749586,-130.8479834
6907061783,-64.55142975
6907373980,-134.1836157
6907686178,-64.76284027
6907998375,-130.0824347
6908310572,-64.88826752
6908622769,-134.2933722
6908934967,-65.12173462
6909247164,-129.8783636
6909559361,-65.26700592
6909871558,-126.8589926
6910183756,-65.4424057
6910495953,-133.7575903
6910808150,-65.578125
6911120348,-132.4954596
6911432545,-65.79688263
6911744742,-125.8557959
6912056939,-65.74372101
6912369137,-131.9621344
6912681334,-65.75670624
6912993531,-132.0287695
6913305728,-65.5587616
6913617926,-134.8403845
6913930123,-65.49237061
6914242320,-127.8479528
6914554517,-65.29148102
6914866715,-130.7499762
6915178912,-65.20378113
6915491109,-127.9525595
6915803306,-64.85443878
6916115504,-135.1627722
6916427701,-64.85051727
6916739898,-131.1916571
6917052095,-64.71430969
6917364293,-132.2982244
6917676490,-64.68833923
6917988687,-137.040534
6918300884,-64.80861664
6918613082,-129.4167852
6918925279,-64.87010956
6919237476,-126.6179037
6919549673,-64.86030579
6919861871,-131.2756872
6920174068,-65.06730652
6920486265,-133.2634344
6920798462,-65.22948456
6921110660,-133.3418341
6921422857,-65.38210297
6921735054,-126.1215658
6922047251,-65.73242188
6922359449,-126.8636007
6922671646,-65.68660736
6922983843,-127.0000525
6923296041,-65.74369049
6923608238,-137.2330694
6923920435,-65.87278748
6924232632,-134.1071386
6924544830,-65.86372375
6924857027,-130.3153448
6925169224,-65.91035461
6925481421,-128.3391485
6925793619,-65.53398895
6926105816,-127.2741461
6926418013,-65.47952271
6926730210,-134.5183325
6927042408,-65.2538147
6927354605,-129.073844
6927666802,-64.99871063
6927978999,-129.0877295
6928291197,-64.87295532
6928603394,-138.6822424
6928915591,-64.67738342
6929227788,-129.9908056
6929539986,-64.62658691
6929852183,-124.513236
6930164380,-64.49935913
6930476577,-130.4536505
6930788775,-64.46400452
6931100972,-127.088294
6931413169,-64.46466064
6931725366,-133.3028326
6932037564,-64.47927856
6932349761,-136.1344671
6932661958,-64.40349579
6932974155,-135.332572
6933286353,-64.64814758
6933598550,-130.8875952
6933910747,-64.860466
6934222944,-129.4088202
6934535142,-65.04117584
6934847339,-126.554244
6935159536,-65.1476593
6935471733,-126.3079519
6935783931,-65.24018097
6936096128,-129.6128759
6936408325,-65.51422882
6936720523,-129.5569525
6937032720,-65.68612671
6937344917,-131.2104712
6937657114,-65.72719574
6937969312,-131.4183722
6938281509,-65.78150177
6938593706,-126.2428732
6938905903,-65.78730011
6939218101,-128.6166449
6939530298,-65.79898071
6939842495,-132.0545874
6940154692,-65.65190887
6940466890,-131.3622046
6940779087,-65.43796539
6941091284,-130.0914068
6941403481,-65.16081238
6941715679,-132.8708563
6942027876,-65.17175293
6942340073,-128.456748
6942652270,-65.04820251
6942964468,-134.1105413
6943276665,-64.70417023
6943588862,-136.3483343
6943901059,-64.55195618
6944213257,-127.0197058
6944525454,-64.27627563
6944837651,-130.6443243
6945149848,-64.42170715
6945462046,-133.1680212
6945774243,-64.11074829
6946086440,-131.1821356
6946398637,-64.16652679
6946710835,-127.7719564
6947023032,-64.04223633
6947335229,-139.6829901
6947647426,-64.15680695
6947959624,-133.9379034
6948271821,-64.10527802
6948584018,-132.6832952
6948896216,-64.23234558
6949208413,-127.5842199
6949520610,-64.26679993
6949832807,-132.4979162
6950145005,-64.27256012
6950457202,-134.2198858
6950769399,-64.44177246
6951081596,-134.4559851
6951393794,-64.67639923
6951705991,-126.3431997
6952018188,-64.8669281
6952330385,-129.7351141
6952642583,-64.92443848
6952954780,-128.5167608
6953266977,-65.1884613
6953579174,-128.8175421
6953891372,-65.47894287
6954203569,-127.0450506
6954515766,-65.49675751
6954827963,-130.9808111
6955140161,-65.72109985
6955452358,-127.8193045
6955764555,-65.94102478
6956076752,-127.3410406
6956388950,-66.02792358
6956701147,-125.2231359
6957013344,-66.13761139
6957325541,-128.9266577
6957637739,-66.21422577
6957949936,-134.3006964
6958262133,-66.18574524
6958574330,-133.4865637
6958886528,-66.13962555
6959198725,-134.8081579
6959510922,-66.10012054
6959823119,-135.316184
6960135317,-66.05473328
6960447514,-126.1120214
6960759711,-65.84104919
6961071908,-132.609046
6961384106,-65.7875824
6961696303,-130.6293097
6962008500,-65.64444733
6962320698,-137.2365637
6962632895,-65.38152313
6962945092,-132.0870428
6963257289,-65.14652252
6963569487,-137.5272284
6963881684,-64.95561981
6964193881,-132.0219946
6964506078,-64.96535492
6964818276,-130.8374548
6965130473,-64.76416779
6965442670,-134.2227545
6965754867,-64.50564575
6966067065,-127.3850927
6966379262,-64.51464844
6966691459,-130.8189001
6967003656,-64.390625
6967315854,-130.1142797
6967628051,-64.37023163
6967940248,-134.4652777
6968252445,-64.22195435
6968564643,-127.8164892
6968876840,-64.04721832
6969189037,-132.526145
6969501234,-63.93716049
6969813432,-133.1568975
6970125629,-64.02479553
6970437826,-127.9618139
6970750023,-63.96397781
6971062221,-131.5742102
6971374418,-63.88478851
6971686615,-125.2407064
6971998812,-63.88349915
6972311010,-132.2073431
6972623207,-63.84766769
6972935404,-133.9610968
6973247601,-63.93677521
6973559799,-131.1324987
6973871996,-63.90388489
6974184193,-128.5486517
6974496391,-64.02826691
6974808588,-127.5816488
6975120785,-64.10209656
6975432982,-134.5661688
6975745180,-64.07231903
6976057377,-135.6049871
6976369574,-64.2328949
6976681771,-128.7020941
6976993969,-64.31703186
6977306166,-128.6686468
6977618363,-64.38206482
6977930560,-133.6849432
6978242758,-64.52352905
6978554955,-128.7876806
6978867152,-64.78184509
6979179349,-134.0920629
6979491547,-64.75647736
6979803744,-133.9719
6980115941,-64.9376297
6980428138,-139.7385626
6980740336,-65.04895782
6981052533,-129.6283941
6981364730,-65.16837311
6981676927,-129.1414862
6981989125,-65.28778839
6982301322,-131.3517981
6982613519,-65.34400177
6982925716,-132.8793554
6983237914,-65.71109009
6983550111,-149.1938391
6983862308,-65.79963684
6984174505,-138.4935064
6984486703,-66.12190247
6984798900,-130.3265142
6985111097,-66.08917999
6985423294,-128.6321173
6985735492,-66.25857544
6986047689,-138.1344671
6986359886,-66.60214233
6986672084,-131.4094152
6986984281,-66.81122589
6987296478,-132.2292242
6987608675,-66.9967804
6987920873,-129.2810125
6988233070,-67.17131805
6988545267,-134.792655
6988857464,-67.52958679
6989169662,-128.6893682
6989481859,-67.58139038
6989794056,-129.825202
6990106253,-67.97934723
6990418451,-131.8811712
6990730648,-68.18916321
6991042845,-131.7022009
6991355042,-68.40264893
6991667240,-130.6964331
6991979437,-68.4823761
6992291634,-129.2291174
6992603831,-68.77523804
6992916029,-127.5758734
6993228226,-69.02915192
6993540423,-131.6360235
6993852620,-69.22426605
6994164818,-135.5072851
6994477015,-69.63912201
6994789212,-128.6536169
6995101409,-69.8327713
6995413607,-127.8800879
6995725804,-69.82357025
6996038001,-129.7685003
6996350198,-70.3846817
6996662396,-142.5185308
6996974593,-70.45999908
6997286790,-130.8774939
6997598987,-70.72787476
6997911185,-132.0919714
6998223382,-70.87595367
6998535579,-133.5019293
6998847776,-71.23348999
6999159974,-133.0686712
6999472171,-71.09127045
6999784368,-127.0006628
7000096566,-71.55204773
7000408763,-134.1041937
7000720960,-71.95742035
7001033157,-128.733695
7001345355,-71.99532318
7001657552,-127.5038443
7001969749,-72.26546478
7002281946,-132.7355413
7002594144,-72.66937256
7002906341,-135.6514654
7003218538,-72.73152924
7003530735,-130.4169226
7003842933,-73.27654266
7004155130,-137.3191442
7004467327,-73.34236908
7004779524,-129.7372198
7005091722,-73.63970947
7005403919,-131.2442694
7005716116,-73.75037384
7006028313,-132.4881964
7006340511,-73.94922638
7006652708,-132.8840246
7006964905,-74.24436188
7007277102,-137.541007
7007589300,-74.61519623
7007901497,-133.6308355
7008213694,-75.02497864
7008525891,-132.8000402
7008838089,-74.67851257
7009150286,-141.3286657
7009462483,-75.4616394
7009774680,-133.0853033
7010086878,-75.27318573
7010399075,-137.6232214
7010711272,-75.810112
7011023469,-142.0406256
7011335667,-75.60327911
7011647864,-129.3442755
7011960061,-76.08068085
7012272259,-133.8630896
7012584456,-76.27880097
7012896653,-135.028388
7013208850,-76.52248383
7013521048,-131.6547155
7013833245,-76.71766663
7014145442,-128.0318975
7014457639,-76.84597016
7014769837,-135.1847296
7015082034,-77.18887329
7015394231,-138.6761084
7015706428,-77.106987
7016018626,-130.8994207
7016330823,-77.08609772
7016643020,-132.1389532
7016955217,-77.8030777
7017267415,-134.7932348
7017579612,-77.69032288
7017891809,-131.0072546
7018204006,-78.4124527
7018516204,-132.5620794
7018828401,-77.85873413
7019140598,-126.3456717
7019452795,-78.64553834
7019764993,-132.8752661
7020077190,-78.38138581
7020389387,-135.7243109
7020701584,-79.04325105
7021013782,-131.8258886
7021325979,-79.04955293
7021638176,-131.6212683
7021950373,-78.70455933
7022262571,-142.0746984
7022574768,-79.36054231
7022886965,-132.5400457
7023199162,-79.86660768
7023511360,-132.8190069
7023823557,-79.70019533
7024135754,-130.8071814
7024447951,-79.81894685
7024760149,-129.8235235
7025072346,-80.15381624
7025384543,-134.9621801
7025696741,-80.72721866
7026008938,-132.5091162
7026321135,-80.11737825
7026633332,-127.7593679
7026945530,-80.76868442
7027257727,-129.9290533
7027569924,-80.60274508
7027882121,-141.3045568
7028194319,-80.63008884
7028506516,-133.5775824
7028818713,-81.67385108
7029130910,-135.2629461
7029443108,-81.3043366
7029755305,-133.2655401
7030067502,-81.05461125
7030379699,-130.1899939
7030691897,-81.37960057
7031004094,-129.0723028
7031316291,-81.51718908
7031628488,-131.0347357
7031940686,-83.29074881
7032252883,-134.6669531
7032565080,-82.38546
7032877277,-135.0029669
7033189475,-82.24230203
7033501672,-128.8002539
7033813869,-82.56067669
7034126066,-138.0018225
7034438264,-82.90110794
7034750461,-136.2035742
7035062658,-82.91302505
7035374855,-130.992301
7035687053,-83.24389668
7035999250,-129.6570807
7036311447,-83.84228546
7036623644,-131.3857946
7036935842,-83.76821165
7037248039,-132.7433844
7037560236,-83.86023743
7037872434,-130.0610113
7038184631,-83.44956229
7038496828,-130.5579901
7038809025,-83.55480981
7039121223,-131.2842627
7039433420,-84.9439933
7039745617,-133.8971014
7040057814,-84.22831765
7040370012,-144.6751013
7040682209,-85.45728402
7040994406,-126.5936193
7041306603,-84.27786295
7041618801,-127.5278769
7041930998,-84.70060785
7042243195,-131.8303442
7042555392,-85.58121598
7042867590,-130.4899817
7043179787,-85.55197248
7043491984,-132.5354528
7043804181,-85.68808861
7044116379,-126.6289282
7044428576,-85.20906146
7044740773,-130.2368841
7045052970,-85.61269485
7045365168,-135.6013403
7045677365,-86.1669938
7045989562,-131.2065649
7046301759,-85.52995399
7046613957,-132.5795813
7046926154,-85.78659939
7047238351,-131.3009558
7047550548,-85.49351596
7047862746,-128.8251104
7048174943,-86.11322172
7048487140,-138.7704229
7048799337,-85.28877337
7049111535,-133.686286
7049423732,-86.1980454
7049735929,-130.5666265
7050048127,-86.74032067
7050360324,-137.7958593
7050672521,-85.85147977
7050984718,-130.6769629
7051296916,-87.21007874
7051609113,-132.5573645
7051921310,-85.87806822
7052233507,-131.7096777
7052545705,-86.39882839
7052857902,-133.7723455
7053170099,-87.40759663
7053482296,-133.1517553
7053794494,-86.36441975
7054106691,-129.9485998
7054418888,-86.65073608
7054731085,-139.2716894
7055043283,-85.67811685
7055355480,-129.9626837
7055667677,-87.19104323
7055979874,-135.6765051
7056292072,-88.67458572
7056604269,-131.7582617
7056916466,-87.93198953
7057228663,-141.2151251
7057540861,-87.05196663
7057853058,-138.4507208
7058165255,-87.52496742
7058477452,-143.3237829
7058789650,-87.03298463
7059101847,-134.0816565
7059414044,-88.69879371
7059726241,-140.9456549
7060038439,-86.84938286
7060350636,-138.7405462
7060662833,-87.80008423
7060975030,-132.9033728
7061287228,-88.31644399
7061599425,-129.3099585
7061911622,-88.83721468
7062223819,-130.6200476
7062536017,-88.29379211
7062848214,-137.1562719
7063160411,-88.1707522
7063472609,-130.386466
7063784806,-88.47470891
7064097003,-134.4334631
7064409200,-88.80806994
7064721398,-131.2097235
7065033595,-86.88443226
7065345792,-129.2464056
7065657989,-89.89150617
7065970187,-148.5903692
7066282384,-87.54085922
7066594581,-130.3143988
7066906778,-88.05133618
7067218976,-133.4500647
7067531173,-88.26269425
7067843370,-139.9223547
7068155567,-87.40839725
7068467765,-131.9127111
7068779962,-88.50829337
7069092159,-140.422965
7069404356,-87.07265732
7069716554,-130.5098486
7070028751,-88.48269651
7070340948,-133.8645239
7070653145,-87.76730021
7070965343,-131.6006231
7071277540,-89.84981866
7071589737,-128.4907904
7071901934,-89.89361157
7072214132,-131.96453
7072526329,-89.37223764
7072838526,-131.9171972
7073150723,-89.78496833
7073462921,-131.8713293
7073775118,-89.27020849
7074087315,-128.4190283
7074399512,-89.82625114
7074711710,-133.3060522
7075023907,-89.82209306
7075336104,-132.3021917
7075648302,-89.00930359
7075960499,-130.4950323
7076272696,-90.14777819
7076584893,-130.6082678
7076897091,-89.58561089
7077209288,-134.7636633
7077521485,-90.12878098
7077833682,-134.8739538
7078145880,-89.75255094
7078458077,-138.4200811
7078770274,-89.5269787
7079082471,-136.2204657
7079394669,-89.94007489
7079706866,-132.3613653
7080019063,-88.43202945
7080331260,-130.2308416
7080643458,-91.68786506
7080955655,-125.7698355
7081267852,-91.67101936
7081580049,-141.5445776
7081892247,-89.45082175
7082204444,-131.146018
7082516641,-91.60571935
7082828838,-126.7246847
7083141036,-88.37865412
7083453233,-133.6625433
7083765430,-92.48922629
7084077627,-132.011939
7084389825,-91.39128752
7084702022,-133.5053778
7085014219,-90.57335469
7085326416,-129.5154638
7085638614,-90.88134609
7085950811,-127.9309988
7086263008,-90.30741642
7086575205,-133.2012854
7086887403,-91.75823864
7087199600,-146.3361273
7087511797,-91.07774214
7087823994,-129.8772802
7088136192,-92.09127703
7088448389,-136.5578985
7088760586,-93.77728175
7089072784,-134.4993963
7089384981,-91.89148605
7089697178,-133.4948034
7090009375,-92.23843281
7090321573,-130.4874945
7090633770,-90.82740628
7090945967,-131.2665777
7091258164,-91.1434847
7091570362,-129.9856482
7091882559,-90.92967841
7092194756,-134.2858191
7092506953,-92.00053301
7092819151,-132.6374121
7093131348,-90.67255996
7093443545,-128.0735083
7093755742,-90.86884159
7094067940,-129.6794043
7094380137,-91.22975033
7094692334,-129.7941046
7095004531,-91.4363239
7095316729,-139.2020788
7095628926,-91.01967485
7095941123,-131.8505621
7096253320,-91.95530596
7096565518,-136.929038
7096877715,-95.57639217
7097189912,-134.8205633
7097502109,-92.40887351
7097814307,-136.4984808
7098126504,-91.02651081
7098438701,-125.647193
7098750898,-91.82397354
7099063096,-144.5380621
7099375293,-92.2870397
7099687490,-132.2286596
7099999687,-90.50781072
7100311885,-131.1333227
7100624082,-90.47851383
7100936279,-129.2020025
7101248477,-90.98056659
7101560674,-139.5889502
7101872871,-90.87263349
7102185068,-133.9711981
7102497266,-91.74142349
7102809463,-127.3046789
7103121660,-91.48649485
7103433857,-129.0906744
7103746055,-91.84156694
7104058252,-137.3000097
7104370449,-93.30786036
7104682646,-130.7077246
7104994844,-92.52965447
7105307041,-133.5402594
7105619238,-94.43544674
7105931435,-134.6449652
7106243633,-92.88188074
7106555830,-135.4997931
7106868027,-95.28154659
7107180224,-127.0481253
7107492422,-96.28409481
7107804619,-127.6905508
7108116816,-94.13744259
7108429013,-133.1688604
7108741211,-95.43469906
7109053408,-147.0666113
7109365605,-94.12587642
7109677802,-130.5107946
7109990000,-91.99980062
7110302197,-130.3220129
7110614394,-95.50701046
7110926591,-132.4813452
7111238789,-93.79984951
7111550986,-131.1548834
7111863183,-95.43665218
7112175380,-136.0055609
7112487578,-94.39092922
7112799775,-133.9368048
7113111972,-94.58652401
7113424170,-135.5537634
7113736367,-95.39725399
7114048564,-133.7216711
7114360761,-95.42380428
7114672959,-133.0375433
7114985156,-93.78866481
7115297353,-134.0217047
7115609550,-97.58985805
7115921748,-133.0333166
7116233945,-93.61541652
7116546142,-130.71984
7116858339,-94.65838528
7117170537,-144.0502081
7117482734,-94.12124538
7117794931,-131.2631445
7118107128,-93.871459
7118419326,-128.7416754
7118731523,-96.80248165
7119043720,-132.2158117
7119355917,-93.58943843
7119668115,-134.1590796
7119980312,-92.70393275
7120292509,-131.6692114
7120604706,-94.8382864
7120916904,-127.7204962
7121229101,-93.57134914
7121541298,-129.8276587
7121853495,-95.44112301
7122165693,-133.5494604
7122477890,-95.24499416
7122790087,-132.8866491
7123102284,-94.45944118
7123414482,-139.2865667
7123726679,-94.08986568
7124038876,-133.9760199
7124351073,-92.82440089
7124663271,-138.9839697
7124975468,-93.18461513
7125287665,-129.8475561
7125599862,-92.53689478
7125912060,-130.2140112
7126224257,-92.8210287
7126536454,-134.5248632
7126848652,-94.39791775
7127160849,-131.970664
7127473046,-92.53823755
7127785243,-139.0265112
7128097441,-95.9936285
7128409638,-134.227088
7128721835,-96.23293209
7129034032,-130.8284521
7129346230,-93.68608761
7129658427,-129.6118536
7129970624,-94.13632107
7130282821,-133.8087835
7130595019,-95.42805386
7130907216,-128.7234716
7131219413,-95.4777441
7131531610,-129.7623816
7131843808,-96.07790279
7132156005,-126.7260809
7132468202,-98.35150814
7132780399,-125.9056082
7133092597,-96.8504858
7133404794,-133.4340124
7133716991,-95.53319454
7134029188,-139.9070501
7134341386,-96.01869869
7134653583,-134.5035009
7134965780,-97.05467129
7135277977,-134.6465368
7135590175,-94.23738003
7135902372,-132.0034094
7136214569,-97.81256008
7136526766,-125.4592581
7136838964,-94.80564785
7137151161,-126.8759298
7137463358,-96.72428036
7137775555,-130.0013342
7138087753,-96.66814327
7138399950,-139.164237
7138712147,-95.88808346
7139024345,-124.08599
7139336542,-95.83929348
7139648739,-130.4157171
7139960936,-96.90760708
7140273134,-139.0604773
7140585331,-92.04277703
7140897528,-128.3999395
7141209725,-96.75858211
7141521923,-130.3450384
7141834120,-95.34427547
7142146317,-133.764411
7142458514,-97.04978085
7142770712,-137.5784521
7143082909,-94.84982967
7143395106,-127.5631781
7143707303,-97.99433804
7144019501,-129.7390356
7144331698,-96.01192379
7144643895,-129.9739294
7144956092,-95.29728603
7145268290,-126.6539373
7145580487,-95.19704342
7145892684,-138.7235174
7146204881,-96.02577114
7146517079,-141.2029028
7146829276,-95.02008724
7147141473,-133.6518927
7147453670,-96.98796749
7147765868,-134.9024572
7148078065,-96.47910213
7148390262,-130.9820318
7148702459,-97.69954586
7149014657,-134.7402105
7149326854,-96.36902523
7149639051,-130.1127539
7149951248,-97.75923824
7150263446,-129.8195715
7150575643,-97.33623409
7150887840,-131.9070349
7151200038,-97.47537899
7151512235,-135.446723
7151824432,-95.72058773
7152136629,-126.9180288
7152448827,-97.65812588
7152761024,-126.0238562
7153073221,-96.50451565
7153385418,-129.2129889
7153697616,-96.96041775
7154009813,-129.5344
7154322010,-96.97829342
7154634207,-134.1838446
7154946405,-97.68627834
7155258602,-137.5486212
7155570799,-98.82126522
7155882996,-137.4437628
7156195194,-97.70220089
7156507391,-134.4498816
7156819588,-96.91973019
7157131785,-127.5667028
7157443983,-97.83644009
7157756180,-127.1730185
7158068377,-96.94373226
7158380574,-131.356513
7158692772,-96.35381985
7159004969,-133.4983587
7159317166,-96.39594936
7159629363,-133.3523474
7159941561,-95.0365591
7160253758,-127.7251883
7160565955,-95.78716946
7160878152,-129.5759954
7161190350,-95.88221645
7161502547,-129.785697
7161814744,-97.05248165
7162126941,-134.4557257
7162439139,-93.0767126
7162751336,-133.9642859
7163063533,-98.02381039
7163375730,-133.6463079
7163687928,-97.26707363
7164000125,-128.3028173
7164312322,-97.52086544
7164624520,-129.9596167
7164936717,-97.69234371
7165248914,-131.2312994
7165561111,-96.82609463
7165873309,-129.0825872
7166185506,-94.86699581
7166497703,-131.5727911
7166809900,-96.01594448
7167122098,-129.8753271
7167434295,-97.94760036
7167746492,-129.3456793
7168058689,-97.49658871
7168370887,-132.6700354
7168683084,-97.66145992
7168995281,-138.3763189
7169307478,-97.76753139
7169619676,-128.1675634
7169931873,-97.75601101
7170244070,-128.3949041
7170556267,-97.8856039
7170868465,-134.2702246
7171180662,-96.28662014
7171492859,-129.4588385
7171805056,-97.1232214
7172117254,-131.5014715
7172429451,-97.77535152
7172741648,-128.6111975
7173053845,-97.09136867
7173366043,-130.5406561
7173678240,-96.17807674
7173990437,-127.8980627
7174302634,-97.03599453
7174614832,-129.4549017
7174927029,-98.13790035
7175239226,-125.9684439
7175551423,-98.26294613
7175863621,-132.5993261
7176175818,-98.18311977
7176488015,-133.0831976
7176800213,-95.98226833
7177112410,-132.6755896
7177424607,-97.02762508
7177736804,-130.1006536
7178049002,-97.20576382
7178361199,-127.6609411
7178673396,-94.58673
7178985593,-134.8011236
7179297791,-95.12131405
7179609988,-129.2864447
7179922185,-96.38127804
7180234382,-131.7046728
7180546580,-97.97342586
7180858777,-126.8551016
7181170974,-97.35489559
7181483171,-126.8399496
7181795369,-96.12415218
7182107566,-131.7334356
7182419763,-96.42208767
7182731960,-133.7349615
7183044158,-97.4645071
7183356355,-132.1631994
7183668552,-97.78742886
7183980749,-131.9040594
7184292947,-96.3038702
7184605144,-128.9763556
7184917341,-96.16598415
7185229538,-134.3541632
7185541736,-97.98229122
7185853933,-128.2368231
7186166130,-97.42255306
7186478327,-134.6972113
7186790525,-98.0460577
7187102722,-126.4110785
7187414919,-97.60684872
7187727116,-132.861167
7188039314,-97.42633724
7188351511,-130.985877
7188663708,-95.0718832
7188975905,-127.7928686
7189288103,-97.63120937
7189600300,-129.2020178
7189912497,-97.0780859
7190224695,-140.9972906
7190536892,-97.93677425
7190849089,-134.5882025
7191161286,-96.88462734
7191473484,-132.5549078
7191785681,-97.72934628
7192097878,-131.8812475
7192410075,-94.84206295
7192722273,-128.2921057
7193034470,-98.08415127
7193346667,-144.541831
7193658864,-96.74023342
7193971062,-133.1645575
7194283259,-97.18662167
7194595456,-134.9257574
7194907653,-97.21556759
7195219851,-126.9975348
7195532048,-96.91525936
7195844245,-134.3008795
7196156442,-98.24283504
7196468640,-129.2381811
7196780837,-98.05350399
7197093034,-127.3607092
7197405231,-97.70027828
7197717429,-130.4352331
7198029626,-97.22872829
7198341823,-131.375495
7198654020,-98.40270901
7198966218,-127.2623358
7199278415,-97.6651144
7199590612,-129.2947149
7199902809,-97.01056576
7200215007,-130.937583
7200527204,-97.43997097
7200839401,-126.6733465
7201151598,-98.22669888
7201463796,-130.3873205
7201775993,-96.60797024
7202088190,-131.988349
7202400388,-96.62815762
7202712585,-139.445365
7203024782,-98.72159481
7203336979,-129.8621283
7203649177,-96.41937923
7203961374,-127.6113577
7204273571,-96.63432217
7204585768,-136.2141333
7204897966,-97.31815243
7205210163,-135.746314
7205522360,-96.0154562
7205834557,-129.6797552
7206146755,-97.57680416
7206458952,-127.0593176
7206771149,-95.14964962
7207083346,-133.1618414
7207395544,-97.31217098
7207707741,-127.5347662
7208019938,-96.47321224
7208332135,-132.2761908
7208644333,-97.56053066
7208956530,-129.6167974
7209268727,-96.29163265
7209580924,-128.2883673
7209893122,-97.51637936
7210205319,-133.32302
7210517516,-98.08556271
7210829713,-134.4323797
7211141911,-97.70593929
7211454108,-130.2965002
7211766305,-97.96938992
7212078502,-132.3524542
7212390700,-96.32494259
7212702897,-128.0350561
7213015094,-96.91837978
7213327291,-129.4148626
7213639489,-97.27442837
7213951686,-126.4482718
7214263883,-96.68682003
7214576081,-138.2744665
7214888278,-97.49117947
7215200475,-128.3678656
7215512672,-97.80019283
7215824870,-132.3780279
7216137067,-96.64888668
7216449264,-127.3712454
7216761461,-96.30013943
7217073659,-137.0235052
7217385856,-97.79460049
7217698053,-130.4711523
7218010250,-98.49387264
7218322448,-127.471488
7218634645,-96.97582912
7218946842,-137.1766577
7219259039,-98.00508785
7219571237,-138.1463842
7219883434,-95.71977138
7220195631,-124.8362875
7220507828,-95.18728542
7220820026,-131.0174475
7221132223,-96.8074255
7221444420,-137.8034582
7221756617,-96.37930202
7222068815,-128.3591223
7222381012,-97.57464504
7222693209,-126.0796957
7223005406,-96.8334341
7223317604,-131.6721716
7223629801,-95.74019527
7223941998,-130.2584906
7224254195,-97.24935818
7224566393,-135.0182867
7224878590,-96.13921261
7225190787,-125.3910818
7225502984,-96.83413601
7225815182,-134.2788916
7226127379,-97.25179958
7226439576,-133.6470709
7226751773,-97.65623379
7227063971,-132.2023993
7227376168,-98.32964992
7227688365,-131.780036
7228000563,-96.90042019
7228312760,-130.810874
7228624957,-96.10397243
7228937154,-137.7488928
7229249352,-96.45989895
7229561549,-132.2054815
7229873746,-97.11127377
7230185943,-127.9269018
7230498141,-97.36578274
7230810338,-146.0168524
7231122535,-94.91425228
7231434732,-135.5927343
7231746930,-97.50144863
7232059127,-133.0103827
7232371324,-97.76477718
7232683521,-125.561286
7232995719,-98.33236599
7233307916,-133.9508123
7233620113,-97.50798702
7233932310,-127.8958807
7234244508,-95.83254909
7234556705,-131.4678869
7234868902,-96.80068111
7235181099,-127.4134665
7235493297,-98.52799892
7235805494,-134.1706915
7236117691,-97.21488857
7236429888,-134.5126562
7236742086,-98.2668066
7237054283,-133.9925451
7237366480,-97.86721706
7237678677,-127.847228
7237990875,-97.91447353
7238303072,-131.8785772
7238615269,-98.32258511
7238927466,-128.2724524
7239239664,-95.35806942
7239551861,-131.5240393
7239864058,-96.42468166
7240176256,-126.3510351
7240488453,-95.542243
7240800650,-128.5891333
7241112847,-97.78842831
7241425045,-129.4837713
7241737242,-96.71931362
7242049439,-129.5920324
7242361636,-95.86921596
7242673834,-130.5932379
7242986031,-98.83269405
7243298228,-131.3497076
7243610425,-97.92012691
7243922623,-130.2607489
7244234820,-96.9737463
7244547017,-137.3229742
7244859214,-98.27113247
7245171412,-126.7114477
7245483609,-96.45238399
7245795806,-131.2138891
7246108003,-96.72672939
7246420201,-138.753089
7246732398,-96.90848446
7247044595,-129.4769354
7247356792,-97.6259985
7247668990,-129.3654394
7247981187,-97.19187069
7248293384,-138.617774
7248605581,-97.84030819
7248917779,-128.5920019
7249229976,-97.7604208
7249542173,-143.0704718
7249854370,-99.44878292
7250166568,-128.3971624
7250478765,-97.47403622
7250790962,-135.6819677
7251103159,-97.14563656
7251415357,-128.189414
7251727554,-98.17467403
7252039751,-132.9475164
7252351948,-97.84039974
7252664146,-131.4299994
7252976343,-98.30940914
7253288540,-130.018302
7253600738,-98.46166897
7253912935,-129.594367
7254225132,-97.23812008
7254537329,-139.5830145
7254849527,-98.05769253
7255161724,-128.7898626
7255473921,-96.76800442
7255786118,-129.527854
7256098316,-97.46264553
7256410513,-127.719306
7256722710,-98.11465359
7257034907,-132.2716284
7257347105,-97.8663702
7257659302,-130.7401342
7257971499,-98.30377865
7258283696,-136.4191198
7258595894,-97.18311977
7258908091,-135.3778296
7259220288,-97.73077297
7259532485,-129.7527533
7259844683,-96.98493099
7260156880,-132.0421972
7260469077,-97.88828945
7260781274,-135.1496344
7261093472,-98.33305263
7261405669,-132.5965948
7261717866,-98.10314083
7262030063,-132.9693213
7262342261,-97.87837124
7262654458,-131.247489
7262966655,-99.35792446
7263278852,-137.6746283
7263591050,-98.39674282
7263903247,-131.6725225
7264215444,-97.91548824
7264527641,-135.3010321
7264839839,-98.32202816
7265152036,-130.8525763
7265464233,-97.446105
7265776431,-130.8049383
7266088628,-95.79703426
7266400825,-128.4378271
7266713022,-97.71827602
7267025220,-133.3914251
7267337417,-96.87689877
7267649614,-140.1808844
7267961811,-96.178092
7268274009,-129.6714239
7268586206,-96.19438839
7268898403,-129.867774
7269210600,-98.75282192
7269522798,-140.0372076
7269834995,-98.90066433
7270147192,-132.6710577
7270459389,-97.67197323
7270771587,-136.3965826
7271083784,-97.58978939
7271395981,-128.4351263
7271708178,-98.84664822
7272020376,-129.5472174
7272332573,-98.41757107
7272644770,-136.0669622
7272956967,-97.95100307
7273269165,-137.9926214
7273581362,-98.43250942
7273893559,-128.8751135
7274205756,-96.79740047
7274517954,-129.0714636
7274830151,-98.95529842
7275142348,-129.9372168
7275454545,-98.19435024
7275766743,-134.293479
7276078940,-97.55525112
7276391137,-144.270545
7276703334,-97.54893398
7277015532,-132.9248877
7277327729,-98.81185818
7277639926,-143.9955359
7277952124,-98.83714199
7278264321,-138.9673986
7278576518,-99.127738
7278888715,-132.7126379
7279200913,-98.39530086
7279513110,-130.8579626
7279825307,-97.74738216
7280137504,-129.1399755
7280449702,-99.38070583
7280761899,-136.9497137
7281074096,-97.59510708
7281386293,-136.5068426
7281698491,-99.09541225
7282010688,-137.700675
7282322885,-98.35856533
7282635082,-128.6678686
7282947280,-99.05043697
7283259477,-137.0501165
7283571674,-98.54142666
7283883871,-136.4271765
7284196069,-98.02873898
7284508266,-137.5247412
7284820463,-98.15838528
7285132660,-134.0847998
7285444858,-97.43550014
7285757055,-132.8856726
7286069252,-97.84221554
7286381449,-129.5684729
7286693647,-99.18303585
7287005844,-134.3407202
7287318041,-98.19557857
7287630238,-130.2790136
7287942436,-98.66696835
7288254633,-133.027976
7288566830,-96.98352718
7288879027,-124.6066351
7289191225,-98.87849331
7289503422,-138.356864
7289815619,-97.57794857
7290127816,-127.2853384
7290440014,-99.67575741
7290752211,-132.5580664
7291064408,-99.08075619
7291376606,-139.4535437
7291688803,-98.77237606
7292001000,-132.6902075
7292313197,-96.90961361
7292625395,-129.3215551
7292937592,-98.62672329
7293249789,-133.7344122
7293561986,-98.32789516
7293874184,-136.506156
7294186381,-98.04744625
7294498578,-130.943717
7294810775,-97.17464352
7295122973,-135.1191931
7295435170,-98.75504971
7295747367,-128.2566595
7296059564,-98.32908535
7296371762,-132.4960699
7296683959,-98.97097683
7296996156,-130.7824926
7297308353,-99.49307919
7297620551,-129.9111547
7297932748,-97.2709341
7298244945,-132.2095861
7298557142,-97.77245235
7298869340,-133.3938665
7299181537,-98.01160336
7299493734,-134.4010382
7299805931,-99.6023016
7300118129,-134.1716223
7300430326,-98.90954494
7300742523,-140.6739569
7301054720,-96.88735104
7301366918,-140.2355413
7301679115,-98.8000021
7301991312,-136.3252935
7302303509,-100.0901632
7302615707,-129.4628057
7302927904,-97.99520779
7303240101,-130.1157904
7303552299,-99.41104794
7303864496,-145.8753729
7304176693,-98.13701534
7304488890,-131.0285406
7304801088,-96.40952969
7305113285,-142.3380957
7305425482,-96.81556606
7305737679,-135.2264624
7306049877,-96.49548244
7306362074,-142.4034643
7306674271,-98.54042721
7306986468,-132.4432287
7307298666,-98.91265774
7307610863,-128.3588018
7307923060,-98.34342861
7308235257,-135.8488836
7308547455,-98.20928097
7308859652,-129.4155951
7309171849,-99.28484249
7309484046,-131.1548071
7309796244,-98.14383602
7310108441,-136.9155951
7310420638,-99.56555843
7310732835,-134.541358
7311045033,-99.98922634
7311357230,-138.5235968
7311669427,-97.34821987
7311981624,-134.9051123
7312293822,-98.70158291
7312606019,-133.2452459
7312918216,-98.82319546
7313230413,-134.1804266
7313542611,-98.82428646
7313854808,-129.1435308
7314167005,-99.72125149
7314479202,-136.9283209
7314791400,-98.72282314
7315103597,-125.6628332
7315415794,-96.94536495
7315727991,-128.4779882
7316040189,-97.32787991
7316352386,-133.2223577
7316664583,-99.42867947
7316976781,-128.2758398
7317288978,-97.68943691
7317601175,-137.8399267
7317913372,-97.4648962
7318225570,-135.450263
7318537767,-98.96671963
7318849964,-137.0189581
7319162161,-98.80170345
7319474359,-138.0717382
7319786556,-99.46643734
7320098753,-132.5277319
7320410950,-99.80779934
7320723148,-128.5623693
7321035345,-99.78610134
7321347542,-137.0100775
7321659739,-100.3472052
7321971937,-133.3122168
7322284134,-97.48718166
7322596331,-131.7243719
7322908528,-99.27783871
7323220726,-133.8450232
7323532923,-99.93007565
7323845120,-133.8777075
7324157317,-99.07495785
7324469515,-140.237464
7324781712,-100.0505743
7325093909,-137.6457586
7325406106,-99.67615414
7325718304,-134.0728064
7326030501,-99.1833334
7326342698,-129.5907507
7326654895,-99.67459011
7326967093,-128.2615728
7327279290,-99.64991665
7327591487,-129.5590582
7327903684,-100.1117773
7328215882,-131.9045629
7328528079,-97.95726681
7328840276,-138.39289
7329152474,-98.24494076
7329464671,-135.1668463
7329776868,-99.39764309
7330089065,-134.7460394
7330401263,-100.3739614
7330713460,-129.6187048
7331025657,-98.88455868
7331337854,-130.3032598
7331650052,-99.63525295
7331962249,-131.3905554
7332274446,-97.4917593
7332586643,-132.8739691
7332898841,-98.62902737
7333211038,-136.6746435
7333523235,-95.36328792
7333835432,-133.3736334
7334147630,-98.84059048
7334459827,-129.2950506
7334772024,-97.00724697
7335084221,-136.7535009
7335396419,-99.79150295
7335708616,-131.4453802
7336020813,-99.53974056
7336333010,-140.3523932
7336645208,-97.97317409
7336957405,-129.1258307
7337269602,-99.02812862
7337581799,-132.902976
7337893997,-98.90497494
7338206194,-131.6223059
7338518391,-97.96898556
7338830588,-136.7003088
7339142786,-99.84706783
7339454983,-131.3289709
7339767180,-99.47183895
7340079377,-133.3555059
7340391575,-98.61889553
7340703772,-131.5486212
7341015969,-99.04254055
7341328167,-132.1295385
7341640364,-99.13178158
7341952561,-132.0313787
7342264758,-98.44567013
7342576956,-130.9777899
7342889153,-98.23212337
7343201350,-151.4306707
7343513547,-98.48306179
7343825745,-133.7425299
7344137942,-98.86627865
7344450139,-136.9581976
7344762336,-100.4834585
7345074534,-132.9487066
7345386731,-98.30395412
7345698928,-129.6102057
7346011125,-98.67174435
7346323323,-141.566474
7346635520,-98.45011044
7346947717,-130.636817
7347259914,-98.8634634
7347572112,-135.4877234
7347884309,-99.23198605
7348196506,-128.8273077
7348508703,-98.31951809
7348820901,-132.0958929
7349133098,-97.45555019
7349445295,-132.6121283
7349757492,-98.86695003
7350069690,-132.5668859
7350381887,-99.57424831
7350694084,-157.635108
7351006281,-98.6779089
7351318479,-140.8619299
7351630676,-99.06108761
7351942873,-130.4863806
7352255070,-98.90041256
7352567268,-130.8107672
7352879465,-96.76717281
7353191662,-140.0888739
7353503859,-98.80028439
7353816057,-129.2988195
7354128254,-99.54284573
7354440451,-136.3603582
7354752649,-98.06075954
7355064846,-131.86724
7355377043,-98.16760159
7355689240,-127.7165976
7356001438,-99.34377956
7356313635,-134.6443853
7356625832,-97.04003048
7356938029,-130.4261236
7357250227,-99.54056454
7357562424,-133.6557226
7357874621,-99.90978146
7358186818,-139.0430822
7358499016,-99.76527309
7358811213,-135.1474676
7359123410,-99.12689114
7359435607,-134.2496405
7359747805,-96.94441128
7360060002,-127.9743032
7360372199,-99.47360134
7360684396,-135.2754431
7360996594,-98.7749548
7361308791,-129.6630011
7361620988,-99.50943661
7361933185,-138.8367682
7362245383,-99.16062069
7362557580,-131.5457373
7362869777,-99.1388464
7363181974,-134.3872747
7363494172,-98.12932491
7363806369,-137.7609167
7364118566,-99.35768032
7364430763,-133.9990454
7364742961,-99.29622555
7365055158,-135.6955633
7365367355,-98.78571987
7365679552,-134.6970587
7365991750,-98.76909542
7366303947,-129.0963964
7366616144,-98.68044949
7366928342,-134.5021276
7367240539,-97.95607662
7367552736,-131.9411535
7367864933,-98.95292568
7368177131,-145.1666174
7368489328,-99.19426632
7368801525,-133.3314734
7369113722,-97.45788479
7369425920,-130.123023
7369738117,-99.85993862
7370050314,-130.8435278
7370362511,-98.28892422
7370674709,-132.2313757
7370986906,-98.35166836
7371299103,-128.7576056
7371611300,-98.01755428
7371923498,-147.6214972
7372235695,-98.61974239
7372547892,-130.6851568
7372860089,-97.82702541
7373172287,-136.884635
7373484484,-98.43215847
7373796681,-139.991477
7374108878,-98.38833523
7374421076,-130.3971624
7374733273,-98.71272182
7375045470,-133.1489935
7375357667,-98.89263821
7375669865,-134.4383459
7375982062,-99.53011227
7376294259,-127.4773169
7376606456,-98.28026485
7376918654,-129.6199408
7377230851,-99.08824062
7377543048,-135.938468
7377855245,-96.74260616
7378167443,-137.4269934
7378479640,-99.49449062
7378791837,-129.476737
7379104035,-99.38085842
7379416232,-136.1818457
7379728429,-98.37133694
7380040626,-133.1402197
7380352824,-99.17343807
7380665021,-132.4217291
7380977218,-99.6499548
7381289415,-136.1988592
7381601613,-99.09168911
7381913810,-134.3279943
7382226007,-99.92906094
7382538204,-131.2790136
7382850402,-99.22012997
7383162599,-131.3314886
7383474796,-99.11898708
7383786993,-137.8447638
7384099191,-97.53768826
7384411388,-134.3004522
7384723585,-97.06099606
7385035782,-137.5785589
7385347980,-98.17323208
7385660177,-136.6447363
7385972374,-99.48831844
7386284571,-131.8245611
7386596769,-99.32544613
7386908966,-130.1190557
7387221163,-97.95213222
7387533360,-132.9561987
7387845558,-97.69738674
7388157755,-128.7033911
7388469952,-99.91496944
7388782149,-129.3342504
7389094347,-96.4448843
7389406544,-144.2368383
7389718741,-99.34522915
7390030938,-140.0274115
7390343136,-99.28009701
7390655333,-134.4855413
7390967530,-98.33010769
7391279727,-131.9466162
7391591925,-98.93230343
7391904122,-129.6627111
7392216319,-99.79760647
7392528517,-128.2408972
7392840714,-98.70944118
7393152911,-129.7103033
7393465108,-95.95518398
7393777306,-128.368598
7394089503,-99.53387356
7394401700,-131.5467443
7394713897,-98.24948025
7395026095,-131.2089605
7395338292,-98.54814815
7395650489,-126.65557
7395962686,-98.422019
7396274884,-131.6269598
7396587081,-98.06365871
7396899278,-144.1123419
7397211475,-99.08843899
7397523673,-132.3977423
7397835870,-98.89102077
7398148067,-130.9825354
7398460264,-98.77077389
7398772462,-133.4389715
7399084659,-98.09344387
7399396856,-130.0901556
7399709053,-98.33625698
7400021251,-136.6475134
7400333448,-97.91938686
7400645645,-131.519309
7400957842,-98.1459341
7401270040,-131.836997
7401582237,-98.00207424
7401894434,-133.4496222
7402206631,-98.82245541
7402518829,-131.7175665
7402831026,-97.80108547
7403143223,-132.5129614
7403455420,-99.58495998
7403767618,-136.2429571
7404079815,-98.47759914
7404392012,-134.3477392
7404704210,-98.15368557
7405016407,-126.2540731
7405328604,-98.29277706
7405640801,-132.8591375
7405952999,-99.26822567
7406265196,-130.1407995
7406577393,-98.4489584
7406889590,-130.4761267
7407201788,-97.25340939
7407513985,-137.30828
7407826182,-97.9517889
7408138379,-140.7773657
7408450577,-97.04212856
7408762774,-131.4416571
7409074971,-96.81742763
7409387168,-131.1206732
7409699366,-96.97562313
7410011563,-131.5096502
7410323760,-97.66224575
7410635957,-127.3258429
7410948155,-97.81088924
7411260352,-131.7275763
7411572549,-98.49457455
7411884746,-133.0006628
7412196944,-97.57755947
7412509141,-130.1816473
7412821338,-97.33301449
7413133535,-130.8381262
7413445733,-98.52894497
7413757930,-128.9620275
7414070127,-98.31159115
7414382324,-135.5090246
7414694522,-98.22212124
7415006719,-132.2137671
7415318916,-98.36341763
7415631113,-129.2844915
7415943311,-98.52455807
7416255508,-136.2599707
7416567705,-98.44316769
7416879902,-134.2934637
7417192100,-99.06217098
7417504297,-126.5275793
7417816494,-98.0187521
7418128692,-134.7877264
7418440889,-97.51183987
7418753086,-140.5924444
7419065283,-98.4975729
7419377481,-131.7528143
7419689678,-98.64842892
7420001875,-132.8855352
7420314072,-96.92592525
7420626270,-126.3756628
7420938467,-97.40309048
7421250664,-134.7592688
7421562861,-98.20582485
7421875059,-132.7082586
7422187256,-99.41351986
7422499453,-131.3715887
7422811650,-97.78361416
7423123848,-127.5214453
7423436045,-99.16328335
7423748242,-128.2088079
7424060439,-97.65611935
7424372637,-133.0617743
7424684834,-97.3498373
7424997031,-137.1540899
7425309228,-99.0335989
7425621426,-134.3046026
7425933623,-97.15643978
7426245820,-139.1447668
7426558017,-98.46155453
7426870215,-130.0821295
7427182412,-96.46312618
7427494609,-129.2551947
7427806806,-97.85201931
7428119004,-127.8954229
7428431201,-97.22205257
7428743398,-131.0885992
7429055595,-98.66312313
7429367793,-130.4108496
7429679990,-98.46823788
7429992187,-130.1042395
7430304385,-98.42841244
7430616582,-133.2738867
7430928779,-98.76414394
7431240976,-134.8016882
7431553174,-98.32966518
7431865371,-133.9732885
7432177568,-97.95177364
7432489765,-131.3347235
7432801963,-97.21008968
7433114160,-133.0786047
7433426357,-98.90913296
7433738554,-132.5618048
7434050752,-98.19316769
7434362949,-127.0885992
7434675146,-97.72929287
7434987343,-135.1198492
7435299541,-98.54126644
7435611738,-131.8411627
7435923935,-96.98380184
7436236132,-128.8674841
7436548330,-97.41801357
7436860527,-131.2742682
7437172724,-97.73169613
7437484921,-136.9610662
7437797119,-97.83592892
7438109316,-128.5179815
7438421513,-98.13049984
7438733710,-131.2040472
7439045908,-97.12056637
7439358105,-139.6431952
7439670302,-98.48300838
7439982499,-130.5423346
7440294697,-97.05415249
7440606894,-138.267127
7440919091,-98.58342648
7441231288,-137.9348059
7441543486,-98.20185757
7441855683,-134.6370001
7442167880,-97.94008541
7442480078,-140.5758886
7442792275,-97.26822567
7443104472,-131.0598059
7443416669,-97.91409969
7443728867,-131.5109167
7444041064,-97.48623562
7444353261,-132.6087866
7444665458,-96.4616003
7444977656,-130.3038855
7445289853,-97.14716244
7445602050,-135.1881475
7445914247,-98.09509182
7446226445,-128.9204779
7446538642,-96.78751278
7446850839,-133.7863531
7447163036,-98.18302059
7447475234,-136.1740332
7447787431,-97.51409817
7448099628,-127.1937017
7448411825,-98.72513485
7448724023,-127.6918554
7449036220,-97.94082546
7449348417,-133.499198
7449660614,-98.9218359
7449972812,-139.2359686
7450285009,-98.14965725
7450597206,-134.267127
7450909403,-98.02128506
7451221601,-127.0003119
7451533798,-97.57541561
7451845995,-139.3923254
7452158192,-97.22949886
7452470390,-133.2242346
7452782587,-98.43282223
7453094784,-130.7403784
7453406981,-97.47764492
7453719179,-134.2176123
7454031376,-97.92619228
7454343573,-129.7472296
7454655770,-98.07195187
7454967968,-130.6565771
7455280165,-97.06899929
7455592362,-136.9552221
7455904560,-98.39359188
7456216757,-134.1531439
7456528954,-97.51778316
7456841151,-127.7741385
7457153349,-96.75662899
7457465546,-134.4836187
7457777743,-96.77523708
7458089940,-126.5413885
7458402138,-96.86293697
7458714335,-126.7738714
7459026532,-98.70565701
7459338729,-131.9840765
7459650927,-92.80656337
7459963124,-127.7672415
7460275321,-98.18065548
7460587518,-132.5350103
7460899716,-98.15811062
7461211913,-142.1541052
7461524110,-97.93051815
7461836307,-128.9129858
7462148505,-97.25387478
7462460702,-127.0156164
7462772899,-97.40036678
7463085096,-139.2885656
7463397294,-97.90476894
7463709491,-135.3186712
7464021688,-94.73229122
7464333885,-133.5124426
7464646083,-97.10416317
7464958280,-129.1265783
7465270477,-98.40450954
7465582674,-126.2098455
7465894872,-99.25506496
7466207069,-131.5141211
7466519266,-96.67420864
7466831463,-125.87078
7467143661,-98.50517178
7467455858,-130.1196814
7467768055,-96.32411861
7468080253,-136.9188147
7468392450,-97.54802608
7468704647,-131.4687719
7469016844,-98.46620083
7469329042,-126.6448812
7469641239,-97.31846523
7469953436,-140.5920172
7470265633,-96.90640163
7470577831,-136.8617163
7470890028,-96.79860592
7471202225,-137.7453375
7471514422,-98.70820522
7471826620,-129.254859
7472138817,-98.18517208
7472451014,-131.6215887
7472763211,-97.02494717
7473075409,-135.41117
7473387606,-97.00900936
7473699803,-158.6794958
7474012000,-98.58495235
7474324198,-134.5032568
7474636395,-98.02296352
7474948592,-128.3366461
7475260789,-96.62188625
7475572987,-135.1562262
7475885184,-98.74981594
7476197381,-135.9436254
7476509578,-98.70453548
7476821776,-129.1163549
7477133973,-97.69134426
7477446170,-143.7528906
7477758367,-97.54463863
7478070565,-129.346961
7478382762,-98.49960995
7478694959,-142.1865911
7479007156,-98.57044888
7479319354,-128.3142157
7479631551,-97.37058163
7479943748,-141.9843206
7480255945,-97.99042416
7480568143,-138.1974707
7480880340,-96.94489193
7481192537,-135.3895636
7481504735,-97.71392727
7481816932,-129.9013433
7482129129,-98.56600094
7482441326,-127.2161779
7482753524,-98.439147
7483065721,-127.8779058
7483377918,-98.17852688
7483690115,-128.2478704
7484002313,-97.30791378
7484314510,-134.065177
7484626707,-97.45078182
7484938904,-142.6002722
7485251102,-97.63920498
7485563299,-142.8989477
7485875496,-98.45600796
7486187693,-127.4170599
7486499891,-96.60719204
7486812088,-141.2290106
7487124285,-98.13835812
7487436482,-133.6895819
7487748680,-96.99214077
7488060877,-130.0313482
7488373074,-98.36749172
7488685271,-131.8116522
7488997469,-97.71074581
7489309666,-128.6553869
7489621863,-97.55963802
7489934060,-135.4310522
7490246258,-98.3441
7490558455,-126.0138693
7490870652,-97.25520992
7491182849,-132.735877
7491495047,-96.44706631
7491807244,-126.0717611
7492119441,-98.00688839
7492431638,-131.0968084
7492743836,-97.74480343
7493056033,-131.5476141
7493368230,-98.11549282
7493680428,-134.955802
7493992625,-98.33920193
7494304822,-133.8441229
7494617019,-98.37329769
7494929217,-132.7809668
7495241414,-98.6278677
7495553611,-131.9603186
7495865808,-97.29939175
7496178006,-133.4187231
7496490203,-96.7352438
7496802400,-132.4136114
7497114597,-98.98370266
7497426795,-144.8431463
7497738992,-97.9881506
7498051189,-125.3933401
7498363386,-96.52738094
7498675584,-126.623908
7498987781,-98.51346493
7499299978,-128.8914709
7499612175,-97.61713314
7499924373,-129.9868231
7500236570,-97.53070736
7500548767,-133.4913092
7500860964,-97.32670498
7501173162,-134.6939764
7501485359,-97.55926418
7501797556,-132.8995733
7502109753,-98.73253536
7502421951,-131.5027838
7502734148,-99.26935482
7503046345,-136.9445562
7503358542,-98.16799831
7503670740,-128.6790533
7503982937,-99.07596493
7504295134,-130.782752
7504607331,-97.68356991
7504919529,-130.0356359
7505231726,-97.11946011
7505543923,-130.0528479
7505856121,-98.16779232
7506168318,-136.7278662
7506480515,-98.80235958
7506792712,-129.0341253
7507104910,-99.14000607
7507417107,-134.9903631
7507729304,-97.52419949
7508041501,-130.6119299
7508353699,-97.43558407
7508665896,-133.9422369
7508978093,-99.65834713
7509290290,-129.2301397
7509602488,-98.25861263
7509914685,-131.9813299
7510226882,-98.22878933
7510539079,-138.0485449
7510851277,-97.41773891
7511163474,-132.1223364
7511475671,-98.24779415
7511787868,-130.6535101
7512100066,-97.089118
7512412263,-130.3877783
7512724460,-98.25430965
7513036657,-132.5164709
7513348855,-96.55250454
7513661052,-134.3144445
7513973249,-98.57903957
7514285446,-126.5648489
7514597644,-96.57077694
7514909841,-126.1749105
7515222038,-99.23964596
7515534235,-138.6757574
7515846433,-98.89821529
7516158630,-131.7088842
7516470827,-98.28192043
7516783024,-129.99018
7517095222,-96.9167242
7517407419,-134.8925238
7517719616,-98.19435787
7518031813,-134.3541327
7518344011,-98.53788662
7518656208,-132.7765265
7518968405,-98.34564877
7519280603,-132.5247717
7519592800,-98.31951046
7519904997,-130.1247778
7520217194,-99.1150198
7520529392,-135.195426
7520841589,-97.9151907
7521153786,-130.4164495
7521465983,-99.07376003
7521778181,-126.0607901
7522090378,-96.86044979
7522402575,-127.2017279
7522714772,-97.77870083
7523026970,-132.7302313
7523339167,-96.5788641
7523651364,-130.5815954
7523963561,-99.0007925
7524275759,-133.8575201
7524587956,-97.29973507
7524900153,-129.0542974
7525212350,-97.46887112
7525524548,-137.9446173
7525836745,-98.46000576
7526148942,-129.7233191
7526461139,-97.96729183
7526773337,-132.4040594
7527085534,-98.52848721
7527397731,-130.9191961
7527709928,-98.01887417
7528022126,-128.786109
7528334323,-99.04601955
7528646520,-131.1140814
7528958717,-97.59641933
7529270915,-129.5072088
7529583112,-98.50891018
7529895309,-139.2242498
7530207506,-99.8182745
7530519704,-134.2638617
7530831901,-98.31135464
7531144098,-134.4252539
7531456296,-97.90830898
7531768493,-130.8685827
7532080690,-100.0194769
7532392887,-135.3616858
7532705085,-98.16567135
7533017282,-134.1619787
7533329479,-99.23763943
7533641676,-134.0426092
7533953874,-99.11608028
7534266071,-130.3860083
7534578268,-97.15202999
7534890465,-129.6955938
7535202663,-96.40723324
7535514860,-131.5319128
7535827057,-98.02012539
7536139254,-130.9870214
7536451452,-97.28929806
7536763649,-131.5798101
7537075846,-97.29046535
7537388043,-130.6380529
7537700241,-98.60864162
7538012438,-129.351615
7538324635,-98.68845272
7538636832,-131.1666174
7538949030,-98.03478909
7539261227,-130.4681311
7539573424,-98.5224905
7539885621,-134.0028753
7540197819,-98.26570034
7540510016,-131.3104925
7540822213,-98.61154842
7541134410,-132.3288183
7541446608,-97.80576229
7541758805,-132.1344976
7542071002,-97.90540981
7542383199,-127.2123251
7542695397,-98.53789425
7543007594,-134.9325323
7543319791,-98.33548641
7543631988,-133.4939642
7543944186,-98.04929256
7544256383,-131.2925329
7544568580,-99.14111233
7544880778,-135.8414831
7545192975,-97.19543362
7545505172,-133.6738653
7545817369,-97.96534634
7546129567,-132.0971136
7546441764,-95.87709713
7546753961,-127.3432531
7547066158,-97.75896358
7547378356,-137.4395056
7547690553,-99.2013464
7548002750,-140.1136389
7548314947,-98.58222866
7548627145,-133.5650549
7548939342,-97.86389828
7549251539,-136.392066
7549563736,-98.1053915
7549875934,-132.1497107
7550188131,-98.45162868
7550500328,-148.8464727
7550812525,-99.13194942
7551124723,-129.4644995
7551436920,-98.25787258
7551749117,-128.2589636
7552061314,-98.7493124
7552373512,-141.3126745
7552685709,-98.26108456
7552997906,-129.4689398
7553310103,-98.97153378
7553622301,-130.3396063
7553934498,-99.20574856
7554246695,-130.0152655
7554558892,-98.86744595
7554871090,-128.0645208
7555183287,-98.6312933
7555495484,-134.8087988
7555807681,-98.60386562
7556119879,-129.0165319
7556432076,-98.88879299
7556744273,-132.8166571
7557056471,-98.46890926
7557368668,-138.1101599
7557680865,-99.46083736
7557993062,-126.6721182
7558305260,-98.49343014
7558617457,-138.7072058
7558929654,-98.19702053
7559241851,-138.4181433
7559554049,-99.4976263
7559866246,-140.9975348
7560178443,-99.74726772
7560490640,-136.7332067
7560802838,-98.49690914
7561115035,-134.0467749
7561427232,-98.86855221
7561739429,-130.1771002
7562051627,-99.06822109
7562363824,-131.2403173
7562676021,-98.26323605
7562988218,-129.095542
7563300416,-99.82768154
7563612613,-129.0262213
7563924810,-97.91734982
7564237007,-132.7616796
7564549205,-98.8717947
7564861402,-130.0179205
7565173599,-98.03887844
7565485796,-129.1960363
7565797994,-97.70793056
7566110191,-132.0444098
7566422388,-99.19006252
7566734585,-139.6110907
7567046783,-98.56292629
7567358980,-136.8011847
7567671177,-99.85838985
7567983374,-128.1235571
7568295572,-99.20626736
7568607769,-138.9357214
7568919966,-99.42063045
7569232164,-129.4981604
7569544361,-98.78394222
7569856558,-130.0954351
7570168755,-99.25039577
7570480953,-130.1201849
7570793150,-96.59924984
7571105347,-131.0988836
7571417544,-97.97408199
7571729742,-132.3686285
7572041939,-98.23254299
7572354136,-138.5286322
7572666333,-99.03045559
7572978531,-127.4867086
7573290728,-97.82492733
7573602925,-135.6876287
7573915122,-97.41018581
7574227320,-129.5639105
7574539517,-99.94695187
7574851714,-137.1577826
7575163911,-99.13049984
7575476109,-130.8842993
7575788306,-98.74420071
7576100503,-138.1994085
7576412700,-99.40003872
7576724898,-132.4171972
7577037095,-99.32461452
7577349292,-133.9652472
7577661489,-99.85992336
7577973687,-130.1526709
7578285884,-98.48734188
7578598081,-140.3384314
7578910278,-99.08144283
7579222476,-128.5995703
7579534673,-99.39260006
7579846870,-135.6398077
7580159067,-99.05774593
7580471265,-142.7638159
7580783462,-99.7642889
7581095659,-131.7834082
7581407856,-98.85472012
7581720054,-134.8042822
7582032251,-99.53260708
7582344448,-129.3550024
7582656646,-98.94199276
7582968843,-134.7908697
7583281040,-98.27641201
7583593237,-131.0525122
7583905435,-98.67282009
7584217632,-130.5633307
7584529829,-99.31249142
7584842026,-142.3372869
7585154224,-100.2703924
7585466421,-134.9984808
7585778618,-99.30643368
7586090815,-131.4813604
7586403013,-98.21238613
7586715210,-129.7060308
7587027407,-98.22221279
7587339604,-133.6977453
7587651802,-98.31656551
7587963999,-130.8854132
7588276196,-97.63629055
7588588393,-129.1027288
7588900591,-98.72206783
7589212788,-131.3614721
7589524985,-99.15889645
7589837182,-135.9139471
7590149380,-99.20693874
7590461577,-128.7676916
7590773774,-100.1317663
7591085971,-135.4985266
7591398169,-99.23541927
7591710366,-134.7572393
7592022563,-98.96156979
7592334760,-131.1386938
7592646958,-99.02651882
7592959155,-134.3043432
7593271352,-97.73036098
7593583549,-126.1674032
7593895747,-98.62872982
7594207944,-132.6373205
7594520141,-99.739501
7594832339,-132.9617071
7595144536,-98.28607082
7595456733,-130.8813696
7595768930,-98.86694241
7596081128,-138.8329382
7596393325,-99.20603085
7596705522,-130.5012274
7597017719,-99.63624477
7597329917,-140.978034
7597642114,-99.88198757
7597954311,-134.0103674
7598266508,-99.92856503
7598578706,-134.8705206
7598890903,-98.91903591
7599203100,-129.0221777
7599515297,-98.5775671
7599827495,-130.6973639
7600139692,-98.72867489
7600451889,-137.7601995
7600764086,-98.11015987
7601076284,-136.1730413
7601388481,-98.20307064
7601700678,-132.8852453
7602012875,-100.0429144
7602325073,-129.8068914
7602637270,-99.05840206
7602949467,-132.6594915
7603261664,-98.2429266
7603573862,-134.8058081
7603886059,-98.83632565
7604198256,-132.7615118
7604510453,-98.75063992
7604822651,-131.7424536
7605134848,-99.19116878
7605447045,-126.9120245
7605759242,-98.56310177
7606071440,-132.2428198
7606383637,-98.64719295
7606695834,-136.4976721
7607008032,-97.8949194
7607320229,-129.3661566
7607632426,-98.8344717
7607944623,-134.6153784
7608256821,-99.74756527
7608569018,-133.5096045
7608881215,-100.2174902
7609193412,-132.1892157
7609505610,-99.77757168
7609817807,-128.9249334
7610130004,-98.72177029
7610442201,-137.274848
7610754399,-98.5184927
7611066596,-133.6379461
7611378793,-99.92546749
7611690990,-141.0971289
7612003188,-97.96936703
7612315385,-132.6015692
7612627582,-98.97653103
7612939779,-141.3123388
7613251977,-97.92146969
7613564174,-136.3804846
7613876371,-98.95950222
7614188568,-132.5995398
7614500766,-99.11193752
7614812963,-135.4602118
7615125160,-98.43830013
7615437357,-132.3752508
7615749555,-98.73110867
7616061752,-132.2094641
7616373949,-97.38868618
7616686146,-125.727622
7616998344,-98.43260097
7617310541,-133.8276587
7617622738,-99.83442593
7617934935,-133.1922369
7618247133,-99.93688107
7618559330,-133.6077795
7618871527,-97.96388149
7619183724,-131.4855871
7619495922,-99.49946499
7619808119,-131.1213598
7620120316,-99.27120876
7620432514,-129.2225866
7620744711,-98.15293789
7621056908,-131.9833136
7621369105,-98.33770657
7621681303,-139.1455755
7621993500,-99.02076626
7622305697,-134.0902472
7622617894,-98.41915798
7622930092,-135.5310278
7623242289,-99.38737392
7623554486,-131.721427
7623866683,-97.85312557
7624178881,-148.9986181
7624491078,-97.41982174
7624803275,-138.455512
7625115472,-98.96210384
7625427670,-130.4901495
7625739867,-98.90624905
7626052064,-141.4811316
7626364261,-98.83718014
7626676459,-132.3892431
7626988656,-99.2178793
7627300853,-135.5141973
7627613050,-98.58804989
7627925248,-136.516654
7628237445,-99.75292873
7628549642,-132.1871557
7628861839,-98.68066311
7629174037,-131.4397345
7629486234,-99.61845303
7629798431,-130.1844702
7630110628,-100.1299734
7630422826,-130.7731543
7630735023,-99.75002193
7631047220,-131.7807684
7631359417,-98.10156918
7631671615,-132.9162512
7631983812,-99.13563442
7632296009,-129.9992895
7632608207,-100.0653296
7632920404,-131.8748541
7633232601,-99.85441494
7633544798,-132.132102
7633856996,-98.5888586
7634169193,-135.2673407
7634481390,-97.77162075
7634793587,-135.0042486
7635105785,-99.55164242
7635417982,-129.0409765
7635730179,-96.77212429
7636042376,-133.3837194
7636354574,-97.87159634
7636666771,-133.5241003
7636978968,-99.08498287
7637291165,-147.1542425
7637603363,-100.0984716
7637915560,-131.0246038
7638227757,-98.70356655
7638539954,-134.0856237
7638852152,-99.8471365
7639164349,-130.5616064
7639476546,-98.55586147
7639788743,-130.7754736
7640100941,-98.33097744
7640413138,-133.8232641
7640725335,-99.2070303
7641037532,-131.2061682
7641349730,-99.81041622
7641661927,-128.7191534
7641974124,-98.00983334
7642286321,-127.941596
7642598519,-99.70828152
7642910716,-133.8357916
7643222913,-99.7303381
7643535110,-133.1971502
7643847308,-98.17301083
7644159505,-137.7067175
7644471702,-98.85283565
7644783899,-139.202323
7645096097,-97.61521053
7645408294,-128.5707464
7645720491,-99.52532101
7646032689,-134.0666113
7646344886,-98.29357052
7646657083,-149.1217871
7646969280,-98.87344265
7647281478,-140.7031012
7647593675,-98.87933254
7647905872,-130.743247
7648218069,-98.62652492
7648530267,-128.4627447
7648842464,-98.16940212
7649154661,-136.2236853
7649466858,-98.89405727
7649779056,-131.043128
7650091253,-99.1343832
7650403450,-127.9563665
7650715647,-98.22816372
7651027845,-140.0622015
7651340042,-99.99491787
7651652239,-133.6667547
7651964436,-98.77635097
7652276634,-134.744132
7652588831,-99.47597408
7652901028,-136.9885778
7653213225,-99.34585476
7653525423,-136.6078558
7653837620,-98.91367245
7654149817,-135.9199133
7654462014,-99.95724392
7654774212,-139.0418921
7655086409,-99.36190701
7655398606,-132.0533361
7655710803,-98.99807644
7656023001,-126.386939
7656335198,-98.57545376
7656647395,-133.6370459
7656959592,-99.33827877
7657271790,-133.9390631
7657583987,-98.68488216
7657896184,-138.4831457
7658208382,-97.49351406
7658520579,-132.8226233
7658832776,-97.5000906
7659144973,-134.6716833
7659457171,-98.55762386
7659769368,-129.7615423
7660081565,-98.3687048
7660393762,-153.5925512
7660705960,-99.99949551
7661018157,-131.2827826
7661330354,-98.75226498
7661642551,-143.3753881
7661954749,-99.97369289
7662266946,-128.9294348
7662579143,-98.25831509
7662891340,-138.9752417
7663203538,-98.06793117
7663515735,-129.7973242
7663827932,-98.61321163
7664140129,-134.0716772
7664452327,-97.62468624
7664764524,-135.6113348
7665076721,-98.73366451
7665388918,-150.6150274
7665701116,-98.1287756
7666013313,-128.6837378
7666325510,-98.54471493
7666637707,-130.7716589
7666949905,-97.65392971
7667262102,-131.6645727
7667574299,-98.6600256
7667886496,-138.5097265
7668198694,-98.78713131
7668510891,-132.9712133
7668823088,-98.02496242
7669135285,-133.6098394
7669447483,-98.76353359
7669759680,-133.8295507
7670071877,-99.51460171
7670384075,-134.0411596
7670696272,-99.0589056
7671008469,-128.0616827
7671320666,-99.72545528
7671632864,-131.7392645
7671945061,-98.85451412
7672257258,-135.1001043
7672569455,-99.19402218
7672881653,-134.7766943
7673193850,-98.12979794
7673506047,-139.5853338
7673818244,-98.15695095
7674130442,-130.7572393
7674442639,-97.61453152
7674754836,-127.0002127
7675067033,-99.12261867
7675379231,-124.8896399
7675691428,-97.69860744
7676003625,-139.8767614
7676315822,-98.88068294
7676628020,-139.0083685
7676940217,-98.88759518
7677252414,-134.0044775
7677564611,-99.51185513
7677876809,-139.2514868
7678189006,-98.59935665
7678501203,-128.5952063
7678813400,-98.42180538
7679125598,-130.8569098
7679437795,-98.56173611
7679749992,-134.3268347
7680062189,-98.61274624
7680374387,-136.2703009
7680686584,-99.35238552
7680998781,-130.9349585
7681310978,-98.34214687
7681623176,-131.9377203
7681935373,-99.48159695
7682247570,-131.084754
7682559767,-98.46768093
7682871965,-131.8339453
7683184162,-97.83446407
7683496359,-135.6375494
7683808557,-97.5613699
7684120754,-136.2897253
7684432951,-99.04697323
7684745148,-129.5807867
7685057346,-99.20822048
7685369543,-131.7616491
7685681740,-99.35109615
7685993937,-134.8383856
7686306135,-96.9297781
7686618332,-136.3555975
7686930529,-98.43228054
7687242726,-137.7265539
7687554924,-97.86447811
7687867121,-135.621253
7688179318,-98.93484402
7688491515,-125.2611532
7688803713,-98.81387234
7689115910,-129.9275579
7689428107,-99.36904812
7689740304,-135.2495337
7690052502,-98.04719448
7690364699,-132.125617
7690676896,-98.30030727
7690989093,-126.0340261
7691301291,-99.32143307
7691613488,-137.5037451
7691925685,-98.13848782
7692237882,-132.2110205
7692550080,-98.40408993
7692862277,-126.5133581
7693174474,-97.97592068
7693486671,-130.5741796
7693798869,-97.14647579
7694111066,-143.239646
7694423263,-98.66662502
7694735460,-130.2264166
7695047658,-97.87465572
7695359855,-136.2304144
7695672052,-98.99205685
7695984250,-133.4276648
7696296447,-98.22067165
7696608644,-129.0888891
7696920841,-98.54654598
7697233039,-133.3371191
7697545236,-99.00176907
7697857433,-131.281806
7698169630,-98.8315649
7698481828,-131.4820013
7698794025,-98.77674007
7699106222,-129.5391302
7699418419,-98.96224117
7699730617,-130.5154181
7700042814,-98.9384222
7700355011,-132.1050024
7700667208,-97.67800808
7700979406,-132.6856146
7701291603,-98.35856533
7701603800,-130.3147039
7701915997,-97.61187649
7702228195,-137.0459967
7702540392,-98.17116451
7702852589,-141.981101
7703164786,-99.06117916
7703476984,-128.8580847
7703789181,-98.45632839
7704101378,-132.4798498
7704413575,-99.14056301
7704725773,-128.1665106
7705037970,-99.07736111
7705350167,-128.4369726
7705662364,-97.12905025
7705974562,-134.2172613
7706286759,-98.38653469
7706598956,-134.3414679
7706911153,-96.50363064
7707223351,-134.6494055
7707535548,-97.94557857
7707847745,-129.8436651
7708159942,-99.53084469
7708472140,-131.5090399
7708784337,-98.47254086
7709096534,-129.9318609
7709408732,-97.98748684
7709720929,-131.8985662
7710033126,-98.84442806
7710345323,-127.5418615
7710657521,-98.77314663
7710969718,-132.2293005
7711281915,-97.27828884
7711594112,-130.7748632
7711906310,-98.97526455
7712218507,-132.1256781
7712530704,-97.54434872
7712842901,-134.8662634
7713155099,-97.8023138
7713467296,-133.8439703
7713779493,-98.49462795
7714091690,-132.579154
7714403888,-98.28370571
7714716085,-129.4622869
7715028282,-99.40890408
7715340479,-131.5972815
7715652677,-99.00983334
7715964874,-132.5512304
7716277071,-97.92874813
7716589268,-133.0634985
7716901466,-99.09142208
7717213663,-129.5828466
7717525860,-98.58285427
7717838057,-126.932662
7718150255,-98.53729153
7718462452,-126.7731848
7718774649,-96.9946661
7719086846,-126.0875006
7719399044,-98.63651943
7719711241,-130.5889807
7720023438,-98.31021023
7720335635,-130.6492529
7720647833,-99.27519131
7720960030,-133.6801367
7721272227,-96.60810757
7721584425,-134.7546301
7721896622,-98.46309566
7722208819,-134.3981848
7722521016,-98.56745815
7722833214,-131.7178717
7723145411,-99.14512539
7723457608,-130.4817114
7723769805,-98.26026821
7724082003,-138.4528418
7724394200,-99.62798977
7724706397,-136.8720007
7725018594,-98.78945065
7725330792,-134.4280004
7725642989,-98.48887539
7725955186,-126.5105352
7726267383,-98.51681423
7726579581,-141.6921301
7726891778,-99.11138058
7727203975,-129.2114477
7727516172,-98.34191799
7727828370,-135.9375982
7728140567,-98.59768581
7728452764,-130.0191565
7728764961,-98.1030798
7729077159,-138.3709936
7729389356,-98.71234798
7729701553,-142.2220678
7730013750,-98.45660305
7730325948,-132.156394
7730638145,-99.58914852
7730950342,-141.8039007
7731262539,-97.0264349
7731574737,-132.7421484
7731886934,-98.85055447
7732199131,-129.3717413
7732511328,-96.35546017
7732823526,-131.6757727
7733135723,-99.19746304
7733447920,-137.442832
7733760118,-96.06003475
7734072315,-134.9771338
7734384512,-99.26657009
7734696709,-127.0883322
7735008907,-98.84986782
7735321104,-134.5773382
7735633301,-97.86800289
7735945498,-132.4901342
7736257696,-98.92264461
7736569893,-130.7020483
7736882090,-98.75435543
7737194287,-131.9286566
7737506485,-97.89228725
7737818682,-141.2395849
7738130879,-98.89475155
7738443076,-134.3253088
7738755274,-98.36707211
7739067471,-131.6442633
7739379668,-98.51921749
7739691865,-130.556571
7740004063,-97.84234524
7740316260,-133.1038733
7740628457,-98.26568508
7740940654,-132.1117163
7741252852,-99.08588314
7741565049,-133.8197241
7741877246,-97.90852261
7742189443,-130.1928167
7742501641,-98.27452755
7742813838,-140.5708685
7743126035,-98.44798183
7743438232,-131.301856
7743750430,-97.99748135
7744062627,-132.5490484
7744374824,-97.31326199
7744687021,-141.0089178
7744999219,-98.15550899
7745311416,-126.9246054
7745623613,-97.65135097
7745935810,-137.0086737
7746248008,-97.90197659
7746560205,-132.47927
7746872402,-98.77655697
7747184600,-136.6008062
7747496797,-97.61096096
7747808994,-133.4339666
7748121191,-98.74423885
7748433389,-132.1948767
7748745586,-98.50466061
7749057783,-129.0030584
7749369980,-100.0627356
7749682178,-131.3504553
7749994375,-98.68547726
7750306572,-128.9260321
7750618769,-97.45396328
7750930967,-130.5445929
7751243164,-97.04925442
7751555361,-132.3123693
7751867558,-98.28492641
7752179756,-132.7293158
7752491953,-97.62518978
7752804150,-132.402503
7753116347,-98.14797878
7753428545,-133.2295599
7753740742,-97.64699459
7754052939,-134.2528296
7754365136,-98.81577969
7754677334,-134.4728155
7754989531,-98.07520962
7755301728,-127.8564291
7755613925,-98.68471432
7755926123,-132.4728003
7756238320,-97.75305843
7756550517,-132.1268988
7756862714,-95.72193813
7757174912,-132.2109137
7757487109,-99.03821468
7757799306,-143.8158026
7758111503,-98.77461147
7758423701,-130.493125
7758735898,-97.9803915
7759048095,-131.4098272
7759360293,-97.69400692
7759672490,-141.4199133
7759984687,-96.87699795
7760296884,-140.513236
7760609082,-97.74887753
7760921279,-137.4223394
7761233476,-98.09307003
7761545673,-135.0171423
7761857871,-98.92452145
7762170068,-134.649909
7762482265,-99.12173367
7762794462,-135.5298681
7763106660,-98.68542385
7763418857,-130.574439
7763731054,-98.41152859
7764043251,-129.3855505
7764355449,-98.9931097
7764667646,-131.8169622
7764979843,-98.04234219
7765292040,-139.4862738
7765604238,-98.7870779
7765916435,-127.931838
7766228632,-98.71970272
7766540829,-134.1342077
7766853027,-98.09672451
7767165224,-128.6863775
7767477421,-97.92204952
7767789618,-135.2363653
7768101816,-98.93356228
7768414013,-127.2478476
7768726210,-98.92645931
7769038407,-128.0322638
7769350605,-98.67976284
7769662802,-138.5612097
7769974999,-97.45192623
7770287196,-136.4962835
7770599394,-98.50900936
7770911591,-134.0712347
7771223788,-98.18807888
7771535985,-126.9242239
7771848183,-99.13124752
7772160380,-129.3210974
7772472577,-98.16799068
7772784775,-132.829917
7773096972,-97.91026974
7773409169,-137.7858343
7773721366,-99.03423214
7774033564,-130.6050177
7774345761,-99.20718288
7774657958,-135.7299719
7774970155,-98.48351192
7775282353,-126.9526129
7775594550,-97.92018032
7775906747,-135.7544775
7776218944,-98.03288937
7776531142,-134.7897558
7776843339,-98.37489223
7777155536,-131.7370977
7777467733,-98.9726553
7777779931,-128.5918341
7778092128,-98.96336269
7778404325,-126.8679266
7778716522,-98.18605709
7779028720,-136.0453405
7779340917,-98.25393581
7779653114,-129.5774298
7779965311,-98.9597311
7780277509,-141.7820349
7780589706,-96.40241909
7780901903,-133.9471502
7781214100,-96.95240688
7781526298,-136.1176672
7781838495,-99.20818996
7782150692,-129.1764593
7782462889,-98.68296719
7782775087,-129.2524176
7783087284,-98.67073727
7783399481,-138.9655981
7783711678,-99.20529842
7784023876,-134.1542273
7784336073,-97.88854885
7784648270,-125.8122244
7784960468,-98.15706539
7785272665,-127.9893713
7785584862,-98.05222988
7785897059,-138.4352789
7786209257,-98.46478939
7786521454,-128.3316412
7786833651,-98.05715847
7787145848,-136.42208
7787458046,-98.16030788
7787770243,-133.7118902
7788082440,-99.02558804
7788394637,-139.8422613
7788706835,-98.13731289
7789019032,-134.9206457
7789331229,-98.693923
7789643426,-137.9929419
7789955624,-98.09667873
7790267821,-141.6362829
7790580018,-97.71330166
7790892215,-138.3050756
7791204413,-98.35369015
7791516610,-134.7989569
7791828807,-99.35566616
7792141004,-139.1030035
7792453202,-97.73319149
7792765399,-142.1165075
7793077596,-96.87357235
7793389793,-132.1789465
7793701991,-99.3424902
7794014188,-139.9092779
7794326385,-97.87728786
7794638582,-136.9308386
7794950780,-98.77783871
7795262977,-128.7762365
7795575174,-99.0125494
7795887371,-129.6327124
7796199569,-97.89056301
7796511766,-128.7098913
7796823963,-99.93982601
7797136161,-131.3169622
7797448358,-98.99127865
7797760555,-136.5595312
7798072752,-98.18458462
7798384950,-133.2974005
7798697147,-98.09591579
7799009344,-134.530158
7799321541,-98.01753902
7799633739,-134.4907293
7799945936,-97.12852383
7800258133,-130.2440863
7800570330,-98.93045711
7800882528,-132.0891333
7801194725,-99.46510982
7801506922,-132.2320623
7801819119,-99.88217068
7802131317,-131.7186956
7802443514,-98.72794247
7802755711,-133.3469305
7803067908,-97.46640682
7803380106,-140.484992
7803692303,-99.39156246
7804004500,-132.7677832
7804316697,-99.037673
7804628895,-137.7995062
7804941092,-96.6825552
7805253289,-143.0171728
7805565486,-98.56508541
7805877684,-130.015769
7806189881,-98.09287167
7806502078,-134.1317663
7806814275,-98.93693447
7807126473,-141.0023108
7807438670,-98.2912817
7807750867,-129.3803778
7808063064,-98.54004574
7808375262,-132.5791693
7808687459,-99.05338192
7808999656,-128.2382574
7809311853,-98.67671871
7809624051,-126.1131735
7809936248,-97.38578701
7810248445,-133.2269812
7810560643,-98.41799068
7810872840,-135.7966681
7811185037,-98.46170711
7811497234,-135.5802221
7811809432,-99.59386349
7812121629,-140.7780523
7812433826,-97.52169704
7812746023,-134.7078314
7813058221,-99.035285
7813370418,-129.3754797
7813682615,-99.48027706
7813994812,-141.0238409
7814307010,-97.84466457
7814619207,-135.2814093
7814931404,-98.04712582
7815243601,-135.9042425
7815555799,-99.28658199
7815867996,-132.1417303
7816180193,-99.43833065
7816492390,-132.4140081
7816804588,-98.15034389
7817116785,-138.3283911
7817428982,-98.14041042
7817741179,-129.9284277
7818053377,-98.58393002
7818365574,-130.0537176
7818677771,-97.00931454
7818989968,-127.446517
7819302166,-98.04666042
7819614363,-126.1938086
7819926560,-98.84075069
7820238757,-128.6767797
7820550955,-97.22498226
7820863152,-135.3702002
7821175349,-98.66580868
7821487546,-133.8764257
7821799744,-98.44421291
7822111941,-132.8111181
7822424138,-97.67876339
7822736336,-125.9449682
7823048533,-96.48998928
7823360730,-136.2211981
7823672927,-98.48496151
7823985125,-131.0689154
7824297322,-99.00785732
7824609519,-133.6092138
7824921716,-98.86269283
7825233914,-131.6400518
7825546111,-98.97967434
7825858308,-133.4719152
7826170505,-99.00139523
7826482703,-133.4510107
7826794900,-98.01478481
7827107097,-131.0981512
7827419294,-97.64184475
7827731492,-131.1323614
7828043689,-98.51461697
7828355886,-132.2469397
7828668083,-98.19827175
7828980281,-128.5770788
7829292478,-98.64919186
7829604675,-138.9481726
7829916872,-98.67164516
7830229070,-132.6766272
7830541267,-99.14608669
7830853464,-131.8796301
7831165661,-99.07079983
7831477859,-136.2315893
7831790056,-98.45165157
7832102253,-141.6506872
7832414450,-99.78523922
7832726648,-137.2113409
7833038845,-98.38926601
7833351042,-129.5265265
7833663239,-98.9585104
7833975437,-135.4115667
7834287634,-99.11619472
7834599831,-127.9626608
7834912029,-98.90053463
7835224226,-128.5208807
7835536423,-99.68511867
7835848620,-134.2567358
7836160818,-96.88247585
7836473015,-134.6760626
7836785212,-98.80033016
7837097409,-130.4726324
7837409607,-98.01362514
7837721804,-134.9524755
7838034001,-97.86483669
7838346198,-131.4729528
7838658396,-98.58695126
7838970593,-138.015769
7839282790,-98.86736965
7839594987,-132.23664
7839907185,-98.80090237
7840219382,-135.6206884
7840531579,-100.111701
7840843776,-131.8339758
7841155974,-99.6050024
7841468171,-129.237113
7841780368,-98.6448431
7842092565,-143.1697149
7842404763,-98.98920345
7842716960,-143.2509527
7843029157,-97.81959438
7843341354,-128.9208441
7843653552,-99.19506741
7843965749,-134.5890722
7844277946,-99.00218868
7844590143,-128.7945166
7844902341,-99.63317013
7845214538,-141.9627752
7845526735,-97.1303854
7845838932,-137.2345953
7846151130,-99.19596004
7846463327,-133.6683569
7846775524,-97.78970242
7847087721,-131.7189856
7847399919,-98.34498501
7847712116,-125.8707647
7848024313,-99.39340878
7848336511,-134.7242193
7848648708,-98.41047573
7848960905,-134.1241827
7849273102,-99.75067043
7849585300,-131.644187
7849897497,-97.79688168
7850209694,-128.8983526
7850521891,-98.29246426
7850834089,-127.1863012
7851146286,-96.92656612
7851458483,-135.6847143
7851770680,-99.45583248
7852082878,-132.8055944
7852395075,-98.34495449
7852707272,-131.6792822
7853019469,-99.11698818
7853331667,-137.4268255
7853643864,-98.63007259
7853956061,-127.2461004
7854268258,-98.15932369
7854580456,-127.0031881
7854892653,-98.22949123
7855204850,-134.6027746
7855517047,-99.02871609
7855829245,-128.0533667
7856141442,-98.12435818
7856453639,-129.8616705
7856765836,-98.75675106
7857078034,-127.0685186
7857390231,-97.55254269
7857702428,-129.3199835
7858014625,-98.68174648
7858326823,-129.1975927
7858639020,-98.85186672
7858951217,-141.5536871
7859263414,-99.0161047
7859575612,-132.7061377
7859887809,-98.21317196
7860200006,-133.2415228
7860512204,-97.87029934
7860824401,-138.4863806
7861136598,-98.32851315
7861448795,-130.1738501
7861760993,-96.78697109
7862073190,-129.7795477
7862385387,-98.6775732
7862697584,-129.8107519
7863009782,-98.73010159
7863321979,-137.6249456
7863634176,-98.93108273
7863946373,-137.9023657
7864258571,-99.06519222
7864570768,-134.9423895
7864882965,-97.99693966
7865195162,-135.0250616
7865507360,-99.41939449
7865819557,-133.7363195
7866131754,-97.75217342
7866443951,-133.8300085
7866756149,-97.65183163
7867068346,-131.3087988
7867380543,-98.40695858
7867692740,-131.445838
7868004938,-99.77355862
7868317135,-131.8364325
7868629332,-98.16806698
7868941529,-131.5604467
7869253727,-99.23113155
7869565924,-136.234992
7869878121,-97.13030148
7870190318,-132.6304846
7870502516,-98.23010921
7870814713,-132.8704138
7871126910,-97.50140285
7871439107,-137.5875921
7871751305,-99.48313808
7872063502,-134.6459875
7872375699,-99.23875332
7872687896,-147.0910101
7873000094,-98.97966671
7873312291,-136.1812201
7873624488,-97.94007778
7873936686,-134.0289526
7874248883,-97.57075405
7874561080,-140.9031591
7874873277,-98.87414455
7875185475,-131.2926855
7875497672,-95.99928188
7875809869,-134.2906713
7876122066,-98.64228725
7876434264,-146.1710882
7876746461,-98.01556301
7877058658,-138.8211584
7877370855,-99.20045376
7877683053,-138.0393591
7877995250,-99.1043539
7878307447,-138.0101385
7878619644,-99.48522091
7878931842,-139.7455053
7879244039,-99.42733669
7879556236,-134.218955
7879868433,-98.89468288
7880180631,-132.2744818
7880492828,-98.69715786
7880805025,-140.0826178
7881117222,-98.77303219
7881429420,-132.2314672
7881741617,-99.2303381
7882053814,-130.6331549
7882366011,-98.7564764
7882678209,-129.5507727
7882990406,-98.61112881
7883302603,-133.507102
7883614800,-99.00376034
7883926998,-131.6956549
7884239195,-98.04411221
7884551392,-127.3457479
7884863589,-98.41322231
7885175787,-141.8418036
7885487984,-98.69781399
7885800181,-131.7277899
7886112379,-97.79695797
7886424576,-132.1608343
7886736773,-98.89365292
7887048970,-133.6801214
7887361168,-99.32156277
7887673365,-128.9090948
7887985562,-99.05201626
7888297759,-129.8521948
7888609957,-98.62077999
7888922154,-130.5064611
7889234351,-98.32771969
7889546548,-127.1883917
7889858746,-99.09957027
7890170943,-131.440177
7890483140,-99.65389156
7890795337,-134.272788
7891107535,-98.6405859
7891419732,-149.1605749
7891731929,-98.71131039
7892044126,-134.1974401
7892356324,-97.73916531
7892668521,-130.1179876
7892980718,-99.09088802
7893292915,-129.8388891
7893605113,-98.65965176
7893917310,-130.4733038
7894229507,-97.87712002
7894541704,-135.9487524
7894853902,-98.27930355
7895166099,-130.2539129
7895478296,-98.96223354
7895790493,-130.1313543
7896102691,-98.60964107
7896414888,-127.4071112
7896727085,-98.98610592
7897039282,-139.2243261
7897351480,-97.47671413
7897663677,-131.740653
7897975874,-98.90781307
7898288072,-136.6685705
7898600269,-99.60690975
7898912466,-134.6785345
7899224663,-97.81457424
7899536861,-141.3680944
7899849058,-98.3710928
7900161255,-136.606925
7900473452,-98.92991543
7900785650,-129.9077368
7901097847,-98.45418453
7901410044,-132.7451086
7901722241,-99.60044765
7902034439,-134.6917181
7902346636,-99.25553036
7902658833,-132.4624243
7902971030,-98.67764187
7903283228,-132.7738104
7903595425,-98.46060085
7903907622,-130.6003637
7904219819,-98.70437527
7904532017,-131.6973944
7904844214,-97.7663641
7905156411,-137.2922277
7905468608,-97.98660946
7905780806,-134.2633276
7906093003,-98.78525448
7906405200,-133.7361517
7906717397,-98.39550686
7907029595,-132.5952978
7907341792,-99.27426052
7907653989,-133.6034002
7907966186,-98.73605251
7908278384,-132.9836187
7908590581,-98.33675289
7908902778,-131.9544744
7909214975,-97.56410122
7909527173,-133.1617346
7909839370,-97.86960506
7910151567,-130.356986
7910463764,-99.04232693
7910775962,-130.4126043
7911088159,-98.55777645
7911400356,-132.3548193
7911712554,-99.33437252
7912024751,-128.7673559
7912336948,-98.87847805
7912649145,-138.0618658
7912961343,-98.05585384
7913273540,-134.869071
7913585737,-99.03970242
7913897934,-131.4322729
7914210132,-97.96499538
7914522329,-136.2150183
7914834526,-99.00543117
7915146723,-137.0379095
7915458921,-98.9221487
7915771118,-132.9426184
7916083315,-98.3089819
7916395512,-131.6062689
7916707710,-97.34084225
7917019907,-127.3323812
7917332104,-98.18505001
7917644301,-130.7011023
7917956499,-99.62455654
7918268696,-128.4593115
7918580893,-98.18605709
7918893090,-139.6940527
7919205288,-98.61282253
7919517485,-127.8584051
7919829682,-97.74610043
7920141879,-134.4196844
7920454077,-99.15327358
7920766274,-135.3248968
7921078471,-98.96636867
7921390668,-133.0096197
7921702866,-98.37084103
7922015063,-143.7291632
7922327260,-99.05409908
7922639457,-127.8219671
7922951655,-99.00168514
7923263852,-134.597846
7923576049,-97.75720882
7923888247,-133.9427862
7924200444,-98.43899441
7924512641,-132.2088385
7924824838,-98.67467403
7925137036,-134.5535803
7925449233,-98.31894588
7925761430,-132.9836493
7926073627,-98.27769375
7926385825,-134.0403967
7926698022,-98.73766994
7927010219,-133.5736151
7927322416,-98.56265926
7927634614,-131.7200079
7927946811,-99.11302853
7928259008,-134.3465643
7928571205,-97.54310513
7928883403,-133.4329443
7929195600,-98.18240261
7929507797,-130.9994726
7929819994,-97.21072292
7930132192,-130.7561102
7930444389,-98.54820919
7930756586,-140.1345434
7931068783,-97.81023312
7931380981,-137.6209631
7931693178,-98.16878414
7932005375,-135.2925787
7932317572,-97.83796597
7932629770,-135.1697607
7932941967,-98.12302303
7933254164,-129.0593939
7933566361,-98.92327023
7933878559,-132.4091406
7934190756,-99.00108242
7934502953,-127.4651251
7934815150,-98.78784847
7935127348,-131.4549932
7935439545,-97.63683987
7935751742,-132.5550909
7936063939,-98.85820675
7936376137,-130.7984991
7936688334,-99.69520473
7937000531,-136.1597662
7937312729,-97.64243221
7937624926,-130.2074194
7937937123,-97.33071804
7938249320,-131.384696
7938561518,-97.99647427
7938873715,-137.3390417
7939185912,-99.06644344
7939498109,-126.2098074
7939810307,-97.35541439
7940122504,-127.4914389
7940434701,-98.8053503
7940746898,-143.5768957
7941059096,-99.40643215
7941371293,-125.5495443
7941683490,-98.18560696
7941995687,-128.3275061
7942307885,-97.7695303
7942620082,-135.1946478
7942932279,-98.85346889
7943244476,-131.1274176
7943556674,-99.4075079
7943868871,-131.0802832
7944181068,-99.4926672
7944493265,-131.4285498
7944805463,-98.97811031
7945117660,-132.6521215
7945429857,-97.69040585
7945742054,-125.4408255
7946054252,-97.78511715
7946366449,-142.5118322
7946678646,-98.23700619
7946990843,-135.6466894
7947303041,-98.45665646
7947615238,-138.3107367
7947927435,-98.59399319
7948239632,-134.4154882
7948551830,-98.14631557
7948864027,-135.7147589
7949176224,-97.99482632
7949488422,-126.7498999
7949800619,-98.4922781
7950112816,-134.1738501
7950425013,-97.33341122
7950737211,-140.7215796
7951049408,-97.34242153
7951361605,-131.5901861
7951673802,-98.23482418
7951986000,-131.9056616
7952298197,-99.39768124
7952610394,-133.6366339
7952922591,-97.73618221
7953234789,-130.0033026
7953546986,-97.32186794
7953859183,-134.6350622
7954171380,-98.39065456
7954483578,-132.4811468
7954795775,-98.75243282
7955107972,-134.9926214
7955420169,-98.77320003
7955732367,-131.418067
7956044564,-98.71826839
7956356761,-129.2127142
7956668958,-98.19665432
7956981156,-132.515708
7957293353,-98.99278164
7957605550,-132.5879278
7957917747,-99.40232754
7958229945,-129.3735113
7958542142,-98.1546011
7958854339,-146.4176092
7959166536,-98.39731503
7959478734,-131.2964849
7959790931,-97.40901852
7960103128,-136.8623419
7960415325,-97.85237026
7960727523,-137.2476416
7961039720,-97.49465084
7961351917,-134.5969152
7961664115,-97.50439358
7961976312,-124.2962332
7962288509,-98.09326839
7962600706,-138.5137701
7962912904,-99.17528439
7963225101,-126.4558554
7963537298,-98.72789669
7963849495,-130.3556128
7964161693,-97.39417934
7964473890,-135.690711
7964786087,-99.2250967
7965098284,-132.6717749
7965410482,-100.0410604
7965722679,-127.8882666
7966034876,-97.70268154
7966347073,-134.5028906
7966659271,-98.77441311
7966971468,-130.5733709
7967283665,-98.9039526
7967595862,-140.2651739
7967908060,-98.93721676
7968220257,-135.1575537
7968532454,-98.25464535
7968844651,-151.4042425
7969156849,-97.33322811
7969469046,-130.6211615
7969781243,-97.4958334
7970093440,-136.5574408
7970405638,-97.92229366
7970717835,-130.3261023
7971030032,-98.40019131
7971342229,-139.2351904
7971654427,-97.43025875
7971966624,-128.5604315
7972278821,-97.73912716
7972591018,-128.7171545
7972903216,-97.35568142
7973215413,-130.8479376
7973527610,-98.79633999
7973839807,-130.6144171
7974152005,-98.96189022
7974464202,-133.1721869
7974776399,-95.83345699
7975088597,-132.6365576
7975400794,-98.53137112
7975712991,-130.0964422
7976025188,-96.160285
7976337386,-140.6984625
7976649583,-98.08270931
7976961780,-127.0056829
7977273977,-99.04382992
7977586175,-135.1625738
7977898372,-97.91993618
7978210569,-138.303504
7978522766,-98.18508053
7978834964,-131.4559393
7979147161,-96.61581326
7979459358,-138.6500463
7979771555,-97.05292416
7980083753,-139.769187
7980395950,-98.11106014
7980708147,-129.8576574
7981020344,-98.08443356
7981332542,-137.9153357
7981644739,-98.59283352
7981956936,-135.7044744
7982269133,-98.19799709
7982581331,-125.52983
7982893528,-97.55181789
7983205725,-132.9826422
7983517922,-97.87942409
7983830120,-129.5275335
7984142317,-97.38610744
7984454514,-141.6751318
7984766711,-98.5111227
7985078909,-136.5627356
7985391106,-99.33334255
7985703303,-128.7097692
7986015500,-98.25721645
7986327698,-127.8886709
7986639895,-98.37169552
7986952092,-135.2371283
7987264290,-97.82325649
7987576487,-132.0664434
7987888684,-97.44605923
7988200881,-132.5057592
7988513079,-99.24574947
7988825276,-129.2608404
7989137473,-96.6262579
7989449670,-129.1474829
7989761868,-98.2995367
7990074065,-137.3124456
7990386262,-98.28319454
7990698459,-132.3272009
7991010657,-97.73990536
7991322854,-142.9961004
7991635051,-95.90973568
7991947248,-134.1024694
7992259446,-97.08766842
7992571643,-127.7553778
7992883840,-97.33884335
7993196037,-130.9521704
7993508235,-94.88986111
7993820432,-140.6899176
7994132629,-94.53397274
7994444826,-134.8697729
7994757024,-94.94316006
7995069221,-130.8634558
7995381418,-96.32687283
7995693615,-131.0264502
7996005813,-94.52977657
7996318010,-137.7715216
7996630207,-92.42327784
7996942404,-130.9900885
7997254602,-90.6320636
7997566799,-129.1929846
7997878996,-87.47238078
7998191193,-131.447608
7998503391,-86.10742427
7998815588,-132.8776159
7999127785,-75.78947449
7999439982,-138.2226324
7999752180,-55.37350082
8000064377,-131.8019781
8000376574,-76.01139069
8000688772,-126.7440176
8001000969,-80.69647984
8001313166,-127.0723944
8001625363,-86.77500557
8001937561,-136.7491674
8002249758,-89.33173086
8002561955,-132.6561651
8002874152,-95.39849758
8003186350,-130.3549414
8003498547,-93.38977718
8003810744,-141.6772375
8004122941,-96.53002834
8004435139,-133.8059301
8004747336,-97.67786312
8005059533,-130.2494421
8005371730,-97.41314602
8005683928,-139.6248999
8005996125,-98.15529537
8006308322,-131.161231
8006620519,-94.33495998
8006932717,-131.7446356
8007244914,-97.83385372
8007557111,-130.5355291
8007869308,-97.16860104
8008181506,-129.097846
8008493703,-98.10697842
8008805900,-132.4534369
8009118097,-95.76166439
8009430295,-132.7502203
8009742492,-97.82301998
8010054689,-130.7988195
8010366886,-98.8878088
8010679084,-130.2173529
8010991281,-97.31343746
8011303478,-134.2858191
8011615675,-98.01075649
8011927873,-134.6002417
8012240070,-97.40430355
8012552267,-127.3396673
8012864465,-97.72827053
8013176662,-129.453208
8013488859,-97.24895382
8013801056,-134.6968451
8014113254,-97.60085201
8014425451,-129.8314276
8014737648,-97.09654903
8015049845,-133.0032721
8015362043,-97.18974972
8015674240,-129.4982214
8015986437,-98.31259823
8016298634,-146.2671423
8016610832,-98.7732687
8016923029,-127.4849615
8017235226,-97.99924374
8017547423,-128.8246222
8017859621,-98.42463589
8018171818,-130.557456
8018484015,-99.52323055
8018796212,-129.4857855
8019108410,-98.02896786
8019420607,-141.5342016
8019732804,-95.71525478
8020045001,-130.0874243
8020357199,-98.20287228
8020669396,-128.7357397
8020981593,-96.95261288
8021293790,-133.1011267
8021605988,-97.21852016
8021918185,-136.8572607
8022230382,-98.60815334
8022542579,-131.3458319
8022854777,-98.19498348
8023166974,-134.6617346
8023479171,-97.29160976
8023791368,-133.6143103
8024103566,-98.01759243
8024415763,-129.2677526
8024727960,-99.02651882
8025040158,-131.0363073
8025352355,-98.01975155
8025664552,-133.2604284
8025976749,-98.09786129
8026288947,-127.3142691
8026601144,-97.97533321
8026913341,-130.9046392
8027225538,-97.90792751
8027537736,-130.3492346
8027849933,-98.22489834
8028162130,-129.4733953
8028474327,-98.17953396
8028786525,-131.4344091
8029098722,-97.00384426
8029410919,-134.7851934
8029723116,-97.73017025
8030035314,-136.9123144
8030347511,-97.64292049
8030659708,-132.0626745
8030971905,-98.49271297
8031284103,-134.2044897
8031596300,-98.36724758
8031908497,-130.3720007
8032220694,-97.30694485
8032532892,-127.5346136
8032845089,-98.6498785
8033157286,-133.9427404
8033469483,-97.50211239
8033781681,-133.6188421
8034093878,-97.21496487
8034406075,-144.7775793
8034718272,-98.62771511
8035030470,-126.3345633
8035342667,-98.89397335
8035654864,-131.0390997
8035967061,-98.65164852
8036279259,-125.8888693
8036591456,-97.86106777
8036903653,-125.6561041
8037215850,-96.6184988
8037528048,-126.4404821
8037840245,-98.89774227
8038152442,-135.5737524
8038464640,-97.36854458
8038776837,-131.8088751
8039089034,-97.42460537
8039401231,-139.4318457
8039713429,-98.45519924
8040025626,-132.2473059
8040337823,-97.64476681
8040650020,-133.1191626
8040962218,-98.57907772
8041274415,-130.1663885
8041586612,-97.96855831
8041898809,-127.1915731
8042211007,-98.04225826
8042523204,-133.1704931
8042835401,-98.14755917
8043147598,-128.2943945
8043459796,-97.82733822
8043771993,-135.0310278
8044084190,-99.03651333
8044396387,-130.5672369
8044708585,-98.0813055
8045020782,-140.270072
8045332979,-97.80444241
8045645176,-132.5776892
8045957374,-98.36540127
8046269571,-127.5766592
8046581768,-97.95036983
8046893965,-130.0866766
8047206163,-98.86704159
8047518360,-132.2953711
8047830557,-97.86406612
8048142754,-129.4535742
8048454952,-98.42356014
8048767149,-132.5750647
8049079346,-96.3460989
8049391543,-133.5064306
8049703741,-97.92127895
8050015938,-131.03057
8050328135,-98.57482815
8050640333,-134.9547186
8050952530,-98.30248928
8051264727,-130.9062719
8051576924,-98.63059139
8051889122,-132.5969458
8052201319,-98.22154903
8052513516,-128.0605078
8052825713,-99.26401424
8053137911,-127.740386
8053450108,-98.3662405
8053762305,-133.4151525
8054074502,-97.41187954
8054386700,-127.3941412
8054698897,-98.47712612
8055011094,-134.7563238
8055323291,-98.98161221
8055635489,-131.3920965
8055947686,-97.79133511
8056259883,-130.9191198
8056572080,-97.86808681
8056884278,-128.70362
8057196475,-96.90490627
8057508672,-130.5963964
8057820869,-98.69773769
8058133067,-125.8490286
8058445264,-97.8220129
8058757461,-131.1048803
8059069658,-97.06682491
8059381856,-130.0138159
8059694053,-98.1629324
8060006250,-127.7196646
8060318447,-97.8156271
8060630645,-134.0573492
8060942842,-99.37328243
8061255039,-133.0765295
8061567236,-97.62224483
8061879434,-133.9969854
8062191631,-98.57798672
8062503828,-134.0656652
8062816026,-99.04646206
8063128223,-128.6223059
8063440420,-96.80743313
8063752617,-133.3754644
8064064815,-98.04097652
8064377012,-131.2282934
8064689209,-98.73875332
8065001406,-123.5793982
8065313604,-98.20992184
8065625801,-134.4678106
8065937998,-96.81239223
8066250195,-133.9654303
8066562393,-98.01653957
8066874590,-130.5563726
8067186787,-97.25399685
8067498984,-126.0515432
8067811182,-98.47651577
8068123379,-125.5440207
8068435576,-98.40554714
8068747773,-128.0901556
8069059971,-98.11630154
8069372168,-134.6637487
8069684365,-98.30623531
8069996562,-130.2640142
8070308760,-99.08191586
8070620957,-132.5463018
8070933154,-98.17532253
8071245351,-132.0498114
8071557549,-97.66192532
8071869746,-134.6466589
8072181943,-98.13701534
8072494140,-127.2843924
8072806338,-97.5442419
8073118535,-132.6732702
8073430732,-97.65774441
8073742929,-130.2556524
8074055127,-97.46551418
8074367324,-128.2907476
8074679521,-97.9986639
8074991718,-128.9694128
8075303916,-96.98152828
8075616113,-139.0825872
8075928310,-97.24213314
8076240508,-131.9717779
8076552705,-98.35747433
8076864902,-129.3051367
8077177099,-97.80229855
8077489297,-129.7399206
8077801494,-98.19445705
8078113691,-128.9760199
8078425888,-98.09641933
8078738086,-128.7699499
8079050283,-98.8001852
8079362480,-125.9982061
8079674677,-99.25261593
8079986875,-129.9540777
8080299072,-97.87136745
8080611269,-128.5632696
8080923466,-96.6268301
8081235664,-132.015708
8081547861,-98.61968136
8081860058,-130.6895819
8082172255,-98.76857662
8082484453,-130.4511633
8082796650,-98.3405447
8083108847,-134.3357458
8083421044,-99.04357815
8083733242,-134.1252661
8084045439,-97.27649593
8084357636,-130.3246069
8084669833,-98.36978817
8084982031,-129.4644384
8085294228,-96.43146419
8085606425,-133.7025213
8085918622,-98.34200191
8086230820,-142.3627081
8086543017,-98.01245022
8086855214,-123.3062429
8087167411,-98.75958919
8087479609,-139.182044
8087791806,-98.9026022
8088104003,-128.7485876
8088416201,-97.20019436
8088728398,-132.0371313
8089040595,-97.39171505
8089352792,-126.5909643
8089664990,-97.72581387
8089977187,-130.6908789
8090289384,-98.79337978
8090601581,-132.6227331
8090913779,-97.53046322
8091225976,-129.1358862
8091538173,-97.75137997
8091850370,-129.1363287
8092162568,-96.52521419
8092474765,-138.1889868
8092786962,-98.54746151
8093099159,-132.609046
8093411357,-97.28013515
8093723554,-132.4860144
8094035751,-96.98586178
8094347948,-134.013648
8094660146,-97.8557272
8094972343,-129.4736547
8095284540,-97.49825191
8095596737,-134.7127142
8095908935,-97.72064114
8096221132,-126.8346395
8096533329,-98.65224361
8096845526,-134.5011969
8097157724,-97.64361477
8097469921,-135.5849371
8097782118,-98.90594387
8098094315,-133.3871832
8098406513,-98.68589687
8098718710,-127.6257086
8099030907,-96.49108028
8099343104,-132.9029913
8099655302,-98.04811764
8099967499,-128.8083715
8100279696,-97.76321316
8100591893,-131.9327154
8100904091,-98.2558279
8101216288,-136.0368109
8101528485,-97.22638607
8101840683,-135.9282446
8102152880,-98.86697292
8102465077,-129.1868811
8102777274,-96.94164181
8103089472,-138.4619818
8103401669,-98.00235653
8103713866,-131.0723944
8104026063,-97.5968771
8104338261,-139.8866949
8104650458,-98.53118801
8104962655,-133.8170538
8105274852,-97.31286526
8105587050,-135.7266302
8105899247,-97.89146328
8106211444,-139.5580664
8106523641,-96.92155361
8106835839,-133.4112616
8107148036,-98.16159725
8107460233,-143.127326
8107772430,-98.11329555
8108084628,-131.8800573
8108396825,-98.31928158
8108709022,-130.9013281
8109021219,-98.33492184
8109333417,-134.7584753
8109645614,-96.81748104
8109957811,-129.6912909
8110270008,-97.70255184
8110582206,-129.9546118
8110894403,-97.58957577
8111206600,-138.1126013
8111518797,-97.27596188
8111830995,-132.2531652
8112143192,-98.56010342
8112455389,-130.3337164
8112767586,-98.25824642
8113079784,-129.8326941
8113391981,-97.49117947
8113704178,-134.8297338
8114016376,-96.73366451
8114328573,-132.1782751
8114640770,-99.08345699
8114952967,-136.5653296
8115265165,-98.63828945
8115577362,-142.5589361
8115889559,-97.53241634
8116201756,-130.5105963
8116513954,-98.09705257
8116826151,-128.6073065
8117138348,-97.59529781
8117450545,-129.3277502
8117762743,-98.34807491
8118074940,-132.2963629
8118387137,-98.43426418
8118699334,-125.4403448
8119011532,-97.94426632
8119323729,-129.1901922
8119635926,-98.45818996
8119948123,-141.3146429
8120260321,-98.81925106
8120572518,-129.6800756
8120884715,-97.92136288
8121196912,-129.7390661
8121509110,-97.40711117
8121821307,-135.096961
8122133504,-97.82034969
8122445701,-139.8478003
8122757899,-96.92393398
8123070096,-126.8344793
8123382293,-98.53144741
8123694490,-131.9777746
8124006688,-98.86089992
8124318885,-130.908637
8124631082,-98.06369686
8124943279,-128.0859594
8125255477,-98.40457821
8125567674,-125.892127
8125879871,-97.83978176
8126192069,-135.7656317
8126504266,-98.10912991
8126816463,-133.1510839
8127128660,-98.62615871
8127440858,-129.8479223
8127753055,-97.44254208
8128065252,-130.6721411
8128377449,-97.4899435
8128689647,-138.3349524
8129001844,-98.75292873
8129314041,-133.9947882
8129626238,-98.34834957
8129938436,-128.8645697
8130250633,-98.70736599
8130562830,-139.1408148
8130875027,-98.16828823
8131187225,-133.021369
8131499422,-98.23920345
8131811619,-126.1067114
8132123816,-98.41081142
8132436014,-138.4444647
8132748211,-97.60275173
8133060408,-125.9134207
8133372605,-98.70772457
8133684803,-133.5593328
8133997000,-97.89524746
8134309197,-131.8340673
8134621394,-98.14255428
8134933592,-133.5740271
8135245789,-96.9133749
8135557986,-133.2591009
8135870183,-98.51002407
8136182381,-130.7180548
8136494578,-98.36340237
8136806775,-128.8002386
8137118972,-98.11609554
8137431170,-135.2254248
8137743367,-98.53610897
8138055564,-131.3093176
8138367761,-98.46150875
8138679959,-130.9877844
8138992156,-98.85359859
8139304353,-132.735816
8139616551,-98.6121664
8139928748,-132.1893988
8140240945,-97.68357754
8140553142,-129.7093573
8140865340,-96.37502193
8141177537,-132.0835638
8141489734,-97.52997494
8141801931,-130.4567785
8142114129,-98.72240353
8142426326,-131.2574987
8142738523,-98.41483211
8143050720,-136.4178534
8143362918,-98.49457455
8143675115,-130.1021643
8143987312,-98.24285793
8144299509,-139.6508245
8144611707,-98.22704983
8144923904,-139.6078405
8145236101,-96.8545599
8145548298,-137.6348944
8145860496,-98.24101162
8146172693,-126.7927465
8146484890,-98.1333456
8146797087,-126.394042
8147109285,-96.77554989
8147421482,-133.1492071
8147733679,-99.54295254
8148045876,-126.5307379
8148358074,-97.85295773
8148670271,-133.4762487
8148982468,-98.73157406
8149294665,-129.8114843
8149606863,-97.84413815
8149919060,-129.8985815
8150231257,-96.82389736
8150543454,-130.4810553
8150855652,-98.1680975
8151167849,-130.2620306
8151480046,-99.54977322
8151792244,-130.7272558
8152104441,-99.01253414
8152416638,-140.8914251
8152728835,-98.9669714
8153041033,-130.8837957
8153353230,-98.57009792
8153665427,-128.1351233
8153977624,-98.76118374
8154289822,-126.1699057
8154602019,-98.63771725
8154914216,-136.5170813
8155226413,-99.71586513
8155538611,-135.2676764
8155850808,-98.7883749
8156163005,-129.5785437
8156475202,-98.65167141
8156787400,-129.3551092
8157099597,-98.63918209
8157411794,-131.6113653
8157723991,-97.89542294
8158036189,-126.8629446
8158348386,-98.20629787
8158660583,-138.268424
8158972780,-98.06371975
8159284978,-132.4205389
8159597175,-97.84250545
8159909372,-128.8913641
8160221569,-98.72883511
8160533767,-130.5567389
8160845964,-98.3025732
8161158161,-133.3708105
8161470358,-96.64455318
8161782556,-132.1860876
8162094753,-98.70458126
8162406950,-133.6067114
8162719147,-98.14823055
8163031345,-133.6787329
8163343542,-98.94637203
8163655739,-130.4832373
8163967936,-98.15998745
8164280134,-133.3252325
8164592331,-97.53970242
8164904528,-134.8994665
8165216726,-97.09065914
8165528923,-129.886466
8165841120,-97.38389492
8166153317,-134.7451239
8166465515,-97.67933559
8166777712,-131.4680395
8167089909,-97.34567928
8167402106,-140.2402411
8167714304,-98.07031918
8168026501,-136.3436041
8168338698,-98.98898983
8168650895,-133.0966558
8168963093,-98.71926784
8169275290,-135.6777563
8169587487,-98.32387447
8169899684,-131.0153112
8170211882,-98.2569952
8170524079,-139.7551794
8170836276,-97.0744772
8171148473,-133.4281073
8171460671,-99.11466122
8171772868,-134.2277288
8172085065,-97.4426794
8172397262,-138.1743383
8172709460,-97.38755703
8173021657,-133.165
8173333854,-97.94243526
8173646051,-130.907279
8173958249,-97.99094295
8174270446,-134.5319891
8174582643,-97.56982326
8174894840,-130.0863562
8175207038,-98.23493862
8175519235,-128.5462866
8175831432,-98.05488491
8176143629,-128.1376715
8176455827,-99.30722713
8176768024,-132.3716497
8177080221,-100.1678457
8177392419,-141.5355902
8177704616,-96.96940517
8178016813,-129.3988562
8178329010,-97.97260189
8178641208,-130.6930914
8178953405,-98.19456387
8179265602,-135.4576941
8179577799,-97.85650539
8179889997,-133.2278967
8180202194,-98.03583431
8180514391,-126.3231802
8180826588,-98.35480404
8181138786,-138.2151861
8181450983,-99.08681393
8181763180,-132.3687811
8182075377,-96.4476614
8182387575,-134.8661108
8182699772,-98.64586544
8183011969,-136.9401007
8183324166,-98.52240658
8183636364,-131.8940344
8183948561,-97.76837063
8184260758,-139.4389105
8184572955,-99.21326351
8184885153,-132.7509832
8185197350,-98.82154751
8185509547,-130.3146887
8185821744,-95.75025845
8186133942,-130.9607
8186446139,-97.72871304
8186758336,-132.36518
8187070533,-97.99550533
8187382731,-130.3874731
8187694928,-97.86469173
8188007125,-142.1310186
8188319322,-98.47763729
8188631520,-129.4144354
8188943717,-98.39386654
8189255914,-132.3108282
8189568112,-98.61802578
8189880309,-128.5810308
8190192506,-98.2380743
8190504703,-133.0759039
8190816901,-97.75743771
8191129098,-135.1631384
8191441295,-99.06416225
8191753492,-137.1945105
8192065690,-97.11364651
8192377887,-134.0225286
8192690084,-98.07495022
8193002281,-134.424552
8193314479,-99.10681057
8193626676,-127.8725958
8193938873,-98.36232662
8194251070,-136.4360876
8194563268,-98.20726681
8194875465,-143.1563482
8195187662,-98.07645321
8195499859,-127.0825644
8195812057,-98.50933742
8196124254,-129.6416235
8196436451,-97.75383663
8196748648,-135.0529699
8197060846,-97.85893917
8197373043,-128.1835241
8197685240,-99.47433376
8197997437,-133.6139746
8198309635,-97.19677639
8198621832,-132.4270697
8198934029,-98.80702877
8199246226,-130.7800817
8199558424,-98.79454708
8199870621,-128.0299597
8200182818,-98.23326015
8200495015,-128.9859228
8200807213,-98.77632809
8201119410,-135.9971685
8201431607,-97.97592831
8201743804,-144.1357946
8202056002,-98.68656063
8202368199,-133.0095434
8202680396,-98.53143978
8202992594,-134.9791174
8203304791,-98.95324612
8203616988,-131.6314306
8203929185,-98.40419674
8204241383,-130.8156042
8204553580,-98.54672146
8204865777,-143.7034063
8205177974,-97.31639004
8205490172,-136.7640753
8205802369,-97.67204952
8206114566,-129.9408789
8206426763,-98.43779659
8206738961,-132.6395178
8207051158,-97.53451443
8207363355,-134.6120367
8207675552,-98.09962368
8207987750,-133.5198736
8208299947,-98.77645016
8208612144,-131.9815893
8208924341,-100.3418188
8209236539,-132.3401861
8209548736,-97.87384701
8209860933,-128.1304235
8210173130,-98.38604641
8210485328,-132.2981939
8210797525,-99.45018673
8211109722,-132.7949591
8211421919,-98.63876247
8211734117,-134.2126074
8212046314,-98.58138943
8212358511,-131.3896704
8212670708,-97.57520962
8212982906,-137.984931
8213295103,-99.27286434
8213607300,-136.6561193
8213919497,-98.38133144
8214231695,-137.1278906
8214543892,-98.46800899
8214856089,-152.1308355
8215168287,-98.29891872
8215480484,-135.2713385
8215792681,-97.40959835
8216104878,-141.0750799
8216417076,-98.8522253
8216729273,-130.2905798
8217041470,-98.798522
8217353667,-131.7508459
8217665865,-98.32443905
8217978062,-136.5785894
8218290259,-98.96671963
8218602456,-131.1355963
8218914654,-98.44192409
8219226851,-139.4704657
8219539048,-97.76720333
8219851245,-133.8062658
8220163443,-99.37445736
8220475640,-131.3390265
8220787837,-99.21565914
8221100034,-127.869338
8221412232,-98.84961605
8221724429,-129.1973181
8222036626,-98.25132656
8222348823,-131.3675451
8222661021,-98.4923315
8222973218,-141.7484655
8223285415,-99.02143764
8223597612,-130.8184423
8223909810,-99.28669643
8224222007,-141.1185217
8224534204,-98.93534756
8224846401,-129.5050116
8225158599,-97.87255764
8225470796,-140.458396
8225782993,-97.8187933
8226095190,-128.3031683
8226407388,-98.50584316
8226719585,-131.0399542
8227031782,-97.83767605
8227343979,-131.1206884
8227656177,-98.47695065
8227968374,-136.0769873
8228280571,-98.27914333
8228592769,-134.4930792
8228904966,-98.37456417
8229217163,-132.7614508
8229529360,-98.00478268
8229841558,-129.5562811
8230153755,-96.83390713
8230465952,-130.6732702
8230778149,-98.91219234
8231090347,-131.8711004
8231402544,-98.99586391
8231714741,-128.4726324
8232026938,-99.01044369
8232339136,-129.0516577
8232651333,-98.66564846
8232963530,-138.3345251
8233275727,-98.86690426
8233587925,-132.5416327
8233900122,-97.91063595
8234212319,-133.8004675
8234524516,-98.39778805
8234836714,-128.810874
8235148911,-98.45940304
8235461108,-132.4398718
8235773305,-97.76183224
8236085503,-129.3985815
8236397700,-98.36510372
8236709897,-136.6339178
8237022094,-99.26895809
8237334292,-130.5992498
8237646489,-98.79260159
8237958686,-130.4198065
8238270883,-98.64329433
8238583081,-137.5757666
8238895278,-99.4817419
8239207475,-128.482276
8239519672,-99.563941
8239831870,-131.0456305
8240144067,-97.88963985
8240456264,-135.7689428
8240768462,-99.55268764
8241080659,-127.8778219
8241392856,-98.83674526
8241705053,-127.8020086
8242017251,-98.67861843
8242329448,-132.381278
8242641645,-99.51633358
8242953842,-127.0058355
8243266040,-98.7981863
8243578237,-136.1600866
8243890434,-98.60698605
8244202631,-134.9715796
8244514829,-98.62597561
8244827026,-135.8269415
8245139223,-98.42742825
8245451420,-131.8375921
8245763618,-99.60909176
8246075815,-134.17237
8246388012,-98.86154842
8246700209,-127.4563971
8247012407,-98.79528713
8247324604,-131.5322485
8247636801,-99.21041012
8247948998,-135.8123999
8248261196,-98.13655758
8248573393,-133.8691168
8248885590,-99.18225765
8249197787,-129.646781
8249509985,-98.70149136
8249822182,-127.0097189
8250134379,-99.13104153
8250446576,-132.0393438
8250758774,-99.1546545
8251070971,-144.2724524
8251383168,-98.22358608
8251695365,-130.8945074
8252007563,-98.06713772
8252319760,-128.8228064
8252631957,-98.93960476
8252944155,-132.1631842
8253256352,-99.79662991
8253568549,-135.3573217
8253880746,-98.67301083
8254192944,-131.7701941
8254505141,-99.03542995
8254817338,-127.8567495
8255129535,-99.05168819
8255441733,-127.6995611
8255753930,-99.37001705
8256066127,-144.6098089
8256378324,-99.27310085
8256690522,-130.5704107
8257002719,-99.55100155
8257314916,-129.4460516
8257627113,-98.25319576
8257939311,-130.9277868
8258251508,-99.25794888
8258563705,-129.9989233
8258875902,-98.49003506
8259188100,-139.1769018
8259500297,-97.47885799
8259812494,-133.6010351
8260124691,-99.19061947
8260436889,-129.2899847
8260749086,-98.46533108
8261061283,-139.1169195
8261373480,-98.23391628
8261685678,-133.7027349
8261997875,-99.0497961
8262310072,-134.3841162
8262622269,-97.89750576
8262934467,-137.2886877
8263246664,-100.1487112
8263558861,-130.4354925
8263871058,-98.59883022
8264183256,-134.1477575
8264495453,-99.00240231
8264807650,-131.5380926
8265119847,-98.33811092
8265432045,-130.5386724
8265744242,-100.0043097
8266056439,-133.5520086
8266368637,-97.80547237
8266680834,-129.3592901
8266993031,-99.09538174
8267305228,-135.8510809
8267617426,-98.53104305
8267929623,-138.9092474
8268241820,-98.01888943
8268554017,-125.918601
8268866215,-98.45994472
8269178412,-133.9397955
8269490609,-98.77973843
8269802806,-132.4075384
8270115004,-99.3413229
8270427201,-132.3444281
8270739398,-99.32598782
8271051595,-134.6015234
8271363793,-96.73837185
8271675990,-132.5107183
8271988187,-98.50304317
8272300384,-137.6002417
8272612582,-98.72288418
8272924779,-131.1137915
8273236976,-97.68965816
8273549173,-133.3569098
8273861371,-98.80759335
8274173568,-131.4755774
8274485765,-99.11415768
8274797962,-128.8923559
8275110160,-97.78468227
8275422357,-131.6586065
8275734554,-97.51637173
8276046751,-128.5806494
8276358949,-97.81617641
8276671146,-128.1594763
8276983343,-98.53047848
8277295540,-136.5369482
8277607738,-98.62522793
8277919935,-135.0295477
8278232132,-99.41448879
8278544330,-129.3131475
8278856527,-96.63416958
8279168724,-124.386817
8279480921,-97.18899441
8279793119,-140.9500189
8280105316,-96.41651821
8280417513,-132.1917334
8280729710,-97.91940975
8281041908,-139.189002
8281354105,-98.70059109
8281666302,-128.5705786
8281978499,-98.16696835
8282290697,-133.840766
8282602894,-97.69067287
8282915091,-125.861495
8283227288,-99.52575588
8283539486,-132.6059484
8283851683,-98.58571529
8284163880,-127.0615377
8284476077,-99.50947475
8284788275,-138.6896429
8285100472,-97.382514
8285412669,-131.5408697
8285724866,-97.99024868
8286037064,-135.2272558
8286349261,-99.20357418
8286661458,-133.6051855
8286973655,-99.11459255
8287285853,-131.836875
8287598050,-99.23580074
8287910247,-132.9561224
8288222444,-98.74921322
8288534642,-138.5790777
8288846839,-98.29570675
8289159036,-135.0660162
8289471233,-99.57443905
8289783431,-134.6551275
8290095628,-97.58711147
8290407825,-132.9551764
8290720023,-98.0441885
8291032220,-127.2299566
8291344417,-97.77294064
8291656614,-129.6471014
8291968812,-97.91545773
8292281009,-130.9603796
8292593206,-99.21697903
8292905403,-131.0080938
8293217601,-99.50134182
8293529798,-136.4642096
8293841995,-98.51279354
8294154192,-139.4516668
8294466390,-98.99926662
8294778587,-134.6252813
8295090784,-99.43061733
8295402981,-135.0860357
8295715179,-99.22698879
8296027376,-135.6107244
8296339573,-97.45793819
8296651770,-130.3169165
8296963968,-98.03701687
8297276165,-132.7186346
8297588362,-98.81672573
8297900559,-137.0701361
8298212757,-98.5204916
8298524954,-133.8121099
8298837151,-98.22719479
8299149348,-132.6155767
8299461546,-98.9289999
8299773743,-135.3480139
8300085940,-98.52568722
8300398137,-132.4286108
8300710335,-99.59268856
8301022532,-129.1102514
8301334729,-98.81426144
8301646926,-137.6280279
8301959124,-98.14313412
8302271321,-131.7013769
8302583518,-99.24982357
8302895715,-137.954093
8303207913,-98.68305874
8303520110,-128.3571539
8303832307,-96.86690426
8304144505,-131.9045629
8304456702,-97.90817928
8304768899,-127.7593985
8305081096,-97.9359808
8305393294,-131.7918615
8305705491,-98.9956274
8306017688,-132.9066381
8306329885,-99.72309017
8306642083,-134.0280218
8306954280,-97.61222744
8307266477,-129.1876135
8307578674,-99.80147457
8307890872,-132.5564337
8308203069,-98.42554378
8308515266,-128.5464849
8308827463,-97.454566
8309139661,-135.4760809
8309451858,-99.53945065
8309764055,-129.4840155
8310076252,-99.23799801
8310388450,-134.3109503
8310700647,-97.79004574
8311012844,-130.9617071
8311325041,-98.39991665
8311637239,-134.8435125
8311949436,-99.57054043
8312261633,-136.3220892
8312573830,-97.98148251
8312886028,-129.577445
8313198225,-98.40321255
8313510422,-128.9364538
8313822619,-98.39353085
8314134817,-128.2109442
8314447014,-98.20966244
8314759211,-130.0260992
8315071408,-97.88322353
8315383606,-129.8892736
8315695803,-98.53425503
8316008000,-127.0486212
8316320198,-99.57479763
8316632395,-140.7124395
8316944592,-97.56387997
8317256789,-134.8879309
8317568987,-97.7386694
8317881184,-127.7750921
8318193381,-96.98670101
8318505578,-132.6424475
8318817776,-99.53827572
8319129973,-130.4838171
8319442170,-98.15646267
8319754367,-126.0615683
8320066565,-99.41675472
8320378762,-137.4272375
8320690959,-99.29756832
8321003156,-135.581687
8321315354,-98.5191412
8321627551,-135.4191351
8321939748,-97.8178854
8322251945,-133.2156744
8322564143,-98.66440487
8322876340,-129.7495794
8323188537,-98.06603146
8323500734,-138.3048468
8323812932,-97.89466763
8324125129,-132.6795111
8324437326,-98.04225826
8324749523,-134.3337317
8325061721,-99.03778744
8325373918,-133.2837439
8325686115,-97.47995663
8325998312,-130.6933203
8326310510,-98.4598608
8326622707,-130.5678778
8326934904,-98.17567348
8327247101,-128.2302923
8327559299,-99.20922756
8327871496,-128.6714849
8328183693,-99.29691982
8328495890,-128.4850378
8328808088,-99.48970699
8329120285,-131.2243872
8329432482,-97.8466177
8329744680,-132.8466253
8330056877,-97.56904507
8330369074,-128.5268927
8330681271,-98.8642416
8330993469,-138.1672888
8331305666,-97.13369656
8331617863,-133.7196875
8331930060,-98.36715603
8332242258,-126.6468878
8332554455,-97.99697781
8332866652,-132.1297522
8333178849,-98.19344234
8333491047,-130.4330206
8333803244,-98.36344051
8334115441,-129.956275
8334427638,-98.05867672
8334739836,-134.7571173
8335052033,-98.63951015
8335364230,-132.3724737
8335676427,-98.27448177
8335988625,-133.6345892
8336300822,-96.58876705
8336613019,-131.1235571
8336925216,-97.37317562
8337237414,-126.0857916
8337549611,-98.07968807
8337861808,-137.0689154
8338174005,-98.29598904
8338486203,-128.8540258
8338798400,-98.81214809
8339110597,-133.7900915
8339422794,-97.62104702
8339734992,-129.761405
8340047189,-97.89908504
8340359386,-137.1786261
8340671583,-98.23151302
8340983781,-133.3733587
8341295978,-98.04212856
8341608175,-136.2890844
8341920373,-98.29151058
8342232570,-131.3534765
8342544767,-99.54480648
8342856964,-128.6579657
8343169162,-98.10897732
8343481359,-147.0632086
8343793556,-98.96761227
8344105753,-126.1919851
8344417951,-97.94922543
8344730148,-129.744895
8345042345,-97.40854549
8345354542,-131.373023
8345666740,-98.33405972
8345978937,-130.8485022
8346291134,-99.08467007
8346603331,-134.7843237
8346915529,-96.6485815
8347227726,-137.1201849
8347539923,-97.54617214
8347852120,-131.8825293
8348164318,-99.0052557
8348476515,-135.8279028
8348788712,-98.43885708
8349100909,-131.3435431
8349413107,-97.78867245
8349725304,-142.1965857
8350037501,-98.20932674
8350349698,-135.4857855
8350661896,-96.96383572
8350974093,-138.0215521
8351286290,-98.25314236
8351598487,-132.6324835
8351910685,-98.33420467
8352222882,-130.4933081
8352535079,-98.5335989
8352847276,-139.4237432
8353159474,-98.62422085
8353471671,-130.2879705
8353783868,-97.50807857
8354096066,-128.0289984
8354408263,-97.75891781
8354720460,-141.5160437
8355032657,-96.79049587
8355344855,-137.1441412
8355657052,-98.80077267
8355969249,-138.59513
8356281446,-99.48375607
8356593644,-131.7898321
8356905841,-97.62899685
8357218038,-128.4159765
8357530235,-98.27890682
8357842433,-124.5768881
8358154630,-98.37393856
8358466827,-137.1856756
8358779024,-98.58215237
8359091222,-136.1775732
8359403419,-97.13161373
8359715616,-131.4374609
8360027813,-97.44712734
8360340011,-132.072669
8360652208,-97.53774929
8360964405,-127.3053579
8361276602,-98.02670193
8361588800,-129.9844275
8361900997,-98.07176113
8362213194,-132.2578192
8362525391,-97.36350918
8362837589,-127.460372
8363149786,-98.1986227
8363461983,-135.5169744
8363774180,-98.37743282
8364086378,-137.595603
8364398575,-97.88084316
8364710772,-132.9422064
8365022969,-98.37126827
8365335167,-133.4855413
8365647364,-98.01064205
8365959561,-132.9691076
8366271758,-97.64266109
8366583956,-136.1721869
8366896153,-97.95303249
8367208350,-125.1513052
8367520548,-96.76486111
8367832745,-131.4514074
8368144942,-98.84348965
8368457139,-133.530036
8368769337,-97.65826321
8369081534,-136.1547155
8369393731,-98.79910946
8369705928,-134.0199499
8370018126,-98.04601955
8370330323,-133.8415899
8370642520,-97.25765896
8370954717,-130.717597
8371266915,-99.01144314
8371579112,-130.5362921
8371891309,-98.06874752
8372203506,-131.6800756
8372515704,-97.35755062
8372827901,-133.8307257
8373140098,-98.6527319
8373452295,-130.6508856
8373764493,-98.14070797
8374076690,-127.1917562
8374388887,-97.17522335
8374701084,-129.4320745
8375013282,-97.66865444
8375325479,-129.6102514
8375637676,-98.8602972
8375949873,-133.7342901
8376262071,-97.75599575
8376574268,-141.3985205
8376886465,-98.08409023
8377198662,-134.8108587
8377510860,-98.06014156
8377823057,-131.7883673
8378135254,-99.33042049
8378447451,-128.9738684
8378759649,-98.64503384
8379071846,-137.9874334
8379384043,-98.29109859
8379696241,-130.6324987
8380008438,-98.14442348
8380320635,-132.5826025
8380632832,-98.37255764
8380945030,-142.3531561
8381257227,-98.17002773
8381569424,-127.3872137
8381881621,-98.95524502
8382193819,-131.7148352
8382506016,-97.38867092
8382818213,-130.956687
8383130410,-97.59549618
8383442608,-145.5418005
8383754805,-97.82363033
8384067002,-148.0423651
8384379199,-97.36240292
8384691397,-135.2261114
8385003594,-98.01165676
8385315791,-128.6752081
8385627988,-98.13764095
8385940186,-130.4636145
8386252383,-98.69061947
8386564580,-138.6158361
8386876777,-99.03414059
8387188975,-138.6418676
8387501172,-97.86590481
8387813369,-129.1335669
8388125566,-98.78194332
8388437764,-137.3269415
8388749961,-97.55343533
8389062158,-146.4698553
8389374355,-99.25952816
8389686553,-133.6300879
8389998750,-98.15449429
8390310947,-133.1188879
8390623144,-98.92501736
8390935342,-125.6713476
8391247539,-97.96770382
8391559736,-130.9727545
8391871933,-97.92611599
8392184131,-128.554389
8392496328,-98.54891872
8392808525,-131.8891058
8393120723,-97.54603481
8393432920,-129.7463293
8393745117,-99.18011379
8394057314,-130.8350897
8394369512,-98.3756628
8394681709,-130.6053534
8394993906,-97.31398678
8395306103,-124.6673727
8395618301,-98.35864162
8395930498,-130.4185553
8396242695,-98.64778042
8396554892,-135.7184973
8396867090,-98.3056097
8397179287,-134.436347
8397491484,-97.75765133
8397803681,-135.2472906
8398115879,-98.33415127
8398428076,-140.5788183
8398740273,-98.70854092
8399052470,-135.5668707
8399364668,-98.15470791
8399676865,-133.6409063
8399989062,-97.88597774
8400301259,-133.5774908
8400613457,-98.46752071
8400925654,-125.8051062
8401237851,-99.12118435
8401550048,-130.5810308
8401862246,-96.89095211
8402174443,-132.7199926
8402486640,-98.60658932
8402798837,-129.2572699
8403111035,-98.59806728
8403423232,-131.2470465
8403735429,-98.26470852
8404047626,-131.4119635
8404359824,-98.9852438
8404672021,-129.6917791
8404984218,-98.35717678
8405296416,-131.5720434
8405608613,-96.77148342
8405920810,-129.7445593
8406233007,-96.80631924
8406545205,-128.994483
8406857402,-97.612113
8407169599,-130.0869055
8407481796,-98.619277
8407793994,-132.2221899
8408106191,-98.81800747
8408418388,-137.538291
8408730585,-97.38076687
8409042783,-125.708312
8409354980,-98.68704891
8409667177,-129.4832525
8409979374,-97.77014828
8410291572,-130.2897711
8410603769,-98.82507992
8410915966,-132.4074163
8411228163,-99.0958395
8411540361,-129.8942327
8411852558,-97.34625149
8412164755,-134.2328711
8412476952,-97.44209957
8412789150,-132.1209631
8413101347,-98.01637936
8413413544,-128.6905737
8413725741,-97.76238918
8414037939,-127.8354101
8414350136,-98.66813564
8414662333,-129.7083197
8414974530,-97.12359524
8415286728,-131.5430212
8415598925,-98.08959866
8415911122,-130.2932043
8416223319,-98.95638943
8416535517,-138.1301336
8416847714,-98.67447567
8417159911,-135.5419836
8417472109,-98.08388424
8417784306,-129.8450537
8418096503,-98.47737789
8418408700,-139.2143164
8418720898,-98.32848263
8419033095,-137.0818396
8419345292,-98.96597195
8419657489,-135.8386145
8419969687,-97.20462704
8420281884,-127.772994
8420594081,-97.72453213
8420906278,-133.6770391
8421218476,-98.26794338
8421530673,-137.3542242
8421842870,-98.01616573
8422155067,-128.8865881
8422467265,-97.62180233
8422779462,-130.5941381
8423091659,-97.46996975
8423403856,-130.6973333
8423716054,-98.30515194
8424028251,-132.5739202
8424340448,-98.96543026
8424652645,-132.1420813
8424964843,-98.34985256
8425277040,-134.5353308
8425589237,-98.0355978
8425901434,-133.8646307
8426213632,-98.73628902
8426525829,-129.0746222
8426838026,-99.18563747
8427150223,-140.0923529
8427462421,-99.64600277
8427774618,-130.8214331
8428086815,-98.49465847
8428399012,-132.6796484
8428711210,-98.8646307
8429023407,-128.233573
8429335604,-98.49967098
8429647801,-127.5819921
8429959999,-99.11511135
8430272196,-131.5744696
8430584393,-98.99855709
8430896591,-131.7386541
8431208788,-99.22006893
8431520985,-135.7818365
8431833182,-98.17308712
8432145380,-136.2554388
8432457577,-98.693717
8432769774,-129.0026464
8433081971,-99.01444912
8433394169,-129.9715948
8433706366,-98.95963192
8434018563,-133.4356451
8434330760,-98.08167934
8434642958,-133.3139563
8434955155,-98.84410763
8435267352,-136.1158209
8435579549,-98.88850307
8435891747,-135.4649725
8436203944,-98.14725399
8436516141,-140.419486
8436828338,-98.71418667
8437140536,-136.6208868
8437452733,-97.95750332
8437764930,-127.1133184
8438077127,-97.84168148
8438389325,-125.8796606
8438701522,-97.00562191
8439013719,-132.9640112
8439325916,-99.14826107
8439638114,-132.886405
8439950311,-99.00451565
8440262508,-133.6929388
8440574705,-98.97100735
8440886903,-137.0166082
8441199100,-98.33779049
8441511297,-134.9936285
8441823494,-98.19330502
8442135692,-130.0331182
8442447889,-99.61056423
8442760086,-143.3996954
8443072284,-97.58905697
8443384481,-128.6623144
8443696678,-98.51904964
8444008875,-133.1251593
8444321073,-98.91180325
8444633270,-143.7688055
8444945467,-97.42165279
8445257664,-128.4442053
8445569862,-98.39133358
8445882059,-128.7539129
8446194256,-97.55821133
8446506453,-136.3108282
8446818651,-99.30398464
8447130848,-136.6771307
8447443045,-98.50981808
8447755242,-131.9775152
8448067440,-98.49909115
8448379637,-134.8668432
8448691834,-98.97563076
8449004031,-128.9825048
8449316229,-98.02639675
8449628426,-126.7515402
8449940623,-97.69229794
8450252820,-133.3168249
8450565018,-96.92243862
8450877215,-133.469779
8451189412,-98.96418667
8451501609,-131.5112677
8451813807,-98.55418301
8452126004,-130.1113043
8452438201,-98.92982388
8452750398,-135.6778021
8453062596,-99.47744656
8453374793,-133.1394262
8453686990,-98.24063778
8453999187,-135.3399115
8454311385,-97.45875454
8454623582,-139.6819983
8454935779,-97.6521368
8455247976,-138.312171
8455560174,-98.70318508
8455872371,-137.4494543
8456184568,-97.85515499
8456496766,-129.4306555
8456808963,-99.42801571
8457121160,-137.2431097
8457433357,-99.18410397
8457745555,-136.4715185
8458057752,-99.37601376
8458369949,-130.0952978
8458682146,-98.53607082
8458994344,-129.6830969
8459306541,-98.59055233
8459618738,-134.0090246
8459930935,-98.64502621
8460243133,-133.5615301
8460555330,-98.94203091
8460867527,-135.1285162
8461179724,-98.65476131
8461491922,-134.450263
8461804119,-99.53456783
8462116316,-132.9121313
8462428513,-97.56062222
8462740711,-137.5239477
8463052908,-100.2138357
8463365105,-137.7996283
8463677302,-98.6970129
8463989500,-131.447669
8464301697,-97.29117489
8464613894,-128.6726446
8464926091,-98.90592098
8465238289,-131.2553015
8465550486,-99.72399807
8465862683,-133.1199255
8466174880,-98.67607021
8466487078,-132.097724
8466799275,-97.84347439
8467111472,-135.5990515
8467423669,-99.94695187
8467735867,-139.2172308
8468048064,-99.29148006
8468360261,-135.2854071
8468672459,-98.16858578
8468984656,-133.4077368
8469296853,-99.37470913
8469609050,-137.8321447
8469921248,-98.82212734
8470233445,-130.6004553
8470545642,-99.25363064
8470857839,-133.8063421
8471170037,-98.7561636
8471482234,-130.9872198
8471794431,-99.75430202
8472106628,-129.6960211
8472418826,-98.34258175
8472731023,-134.1270514
8473043220,-98.75056362
8473355417,-133.8309698
8473667615,-97.5453558
8473979812,-127.8545523
8474292009,-99.87372494
8474604206,-130.5797796
8474916404,-100.3728399
8475228601,-129.9588537
8475540798,-98.51206875
8475852995,-132.4459753
8476165193,-98.09618282
8476477390,-134.1665411
8476789587,-99.22293758
8477101784,-134.257041
8477413982,-98.87466335
8477726179,-145.6942053
8478038376,-98.43232632
8478350573,-128.6173162
8478662771,-98.52942562
8478974968,-128.6203527
8479287165,-99.17405605
8479599362,-150.4745092
8479911560,-98.75523281
8480223757,-129.5156775
8480535954,-99.27860165
8480848152,-136.1331396
8481160349,-98.93400478
8481472546,-133.2250891
8481784743,-98.51224422
8482096941,-131.3584356
8482409138,-99.42439175
8482721335,-129.8827734
8483033532,-99.19150448
8483345730,-141.0818243
8483657927,-99.0512228
8483970124,-132.3339758
8484282321,-98.62505245
8484594519,-130.2703619
8484906716,-99.41299343
8485218913,-139.7680426
8485531110,-97.94762325
8485843308,-129.9427557
8486155505,-98.42835903
8486467702,-130.4698095
8486779899,-99.46839046
8487092097,-132.0772009
8487404294,-99.3869009
8487716491,-130.1818914
8488028688,-99.22163296
8488340886,-127.911025
8488653083,-98.32436275
8488965280,-130.3518438
8489277477,-99.29531002
8489589675,-132.0408087
8489901872,-99.2917242
8490214069,-132.9301825
8490526266,-98.41650295
8490838464,-132.0468817
8491150661,-97.61331081
8491462858,-133.9306097
8491775055,-98.42036343
8492087253,-129.8238745
8492399450,-98.91800594
8492711647,-136.2311468
8493023844,-98.72186947
8493336042,-130.5457678
8493648239,-99.1364584
8493960436,-142.6076422
8494272634,-98.5669775
8494584831,-136.5547857
8494897028,-98.20989132
8495209225,-130.2160559
8495521423,-98.81556606
8495833620,-135.952323
8496145817,-98.54373074
8496458014,-129.0329809
8496770212,-99.85862637
8497082409,-131.9301977
8497394606,-98.60711575
8497706803,-127.5147924
8498019001,-98.80197048
8498331198,-132.7748175
8498643395,-99.0997076
8498955592,-133.8405676
8499267790,-98.83669186
8499579987,-130.051322
8499892184,-99.18220425
8500204381,-131.2223425
8500516579,-98.70350552
8500828776,-132.4965124
8501140973,-97.26723385
8501453170,-140.0521917
8501765368,-100.6440649
8502077565,-133.3567266
8502389762,-99.47384548
8502701959,-141.1270056
8503014157,-98.77692318
8503326354,-139.3203344
8503638551,-99.11625576
8503950748,-129.0067663
8504262946,-98.59572506
8504575143,-128.3759832
8504887340,-98.74397182
8505199537,-130.1873999
8505511735,-99.60658932
8505823932,-129.7271185
8506136129,-99.17277431
8506448327,-126.3991308
8506760524,-99.50623226
8507072721,-133.230155
8507384918,-98.39480495
8507697116,-137.8571234
8508009313,-99.45511532
8508321510,-139.0159063
8508633707,-98.5693121
8508945905,-130.9740362
8509258102,-98.36405849
8509570299,-137.3266211
8509882496,-99.6139822
8510194694,-145.305625
8510506891,-98.7517004
8510819088,-131.7495184
8511131285,-98.33405209
8511443483,-130.2911901
8511755680,-99.81474972
8512067877,-138.1496649
8512380074,-99.44707394
8512692272,-137.3939581
8513004469,-99.55344295
8513316666,-132.5681524
8513628863,-98.0128088
8513941061,-130.2683325
8514253258,-97.90457058
8514565455,-129.7801428
8514877652,-97.81249905
8515189850,-126.8063803
8515502047,-99.09696865
8515814244,-132.9164343
8516126441,-99.00121975
8516438639,-132.1879187
8516750836,-99.38171291
8517063033,-130.6722784
8517375230,-99.29626369
8517687428,-131.0946569
8517999625,-98.89037228
8518311822,-128.1958685
8518624020,-99.73313808
8518936217,-138.8875189
8519248414,-98.99065304
8519560611,-128.5423498
8519872809,-98.76409054
8520185006,-130.0722876
8520497203,-99.43267727
8520809400,-134.2053595
8521121598,-99.36706448
8521433795,-135.0848761
8521745992,-99.82399654
8522058189,-128.0270758
8522370387,-98.539855
8522682584,-128.8316259
8522994781,-98.71383572
8523306978,-133.2373724
8523619176,-98.85768032
8523931373,-137.6137152
8524243570,-98.36947536
8524555767,-136.140708
8524867965,-99.65540981
8525180162,-133.5630713
8525492359,-98.04055691
8525804556,-133.3387213
8526116754,-99.17288876
8526428951,-134.1748724
8526741148,-99.33510494
8527053345,-129.8010626
8527365543,-99.52451229
8527677740,-132.8706884
8527989937,-97.48192501
8528302134,-135.231101
8528614332,-99.62626553
8528926529,-139.9800634
8529238726,-99.15423489
8529550923,-132.085166
8529863121,-99.08273983
8530175318,-130.5673132
8530487515,-99.17513943
8530799712,-134.385108
8531111910,-98.53186703
8531424107,-150.4873724
8531736304,-97.59902859
8532048502,-131.4104223
8532360699,-98.7791357
8532672896,-128.4285803
8532985093,-98.5202322
8533297291,-134.3857641
8533609488,-98.8294363
8533921685,-133.8152533
8534233882,-98.55290127
8534546080,-133.44979
8534858277,-98.14334011
8535170474,-140.6387396
8535482671,-99.76514339
8535794869,-134.2431097
8536107066,-97.990798
8536419263,-130.9930182
8536731460,-99.68241787
8537043658,-125.7049475
8537355855,-99.54110622
8537668052,-134.9825811
8537980249,-98.54360104
8538292447,-130.1744299
8538604644,-98.54559994
8538916841,-135.3511114
8539229038,-97.74063778
8539541236,-130.2416296
8539853433,-97.53685665
8540165630,-133.0084753
8540477827,-97.32205868
8540790025,-135.1704473
8541102222,-98.17732143
8541414419,-130.9090796
8541726616,-98.42405605
8542038814,-132.4110937
8542351011,-99.64972591
8542663208,-133.8498907
8542975405,-98.88519192
8543287603,-128.6536932
8543599800,-98.07067776
8543911997,-139.1549902
8544224195,-97.30687618
8544536392,-130.7794561
8544848589,-98.84930325
8545160786,-131.9228125
8545472984,-99.07325649
8545785181,-128.3236303
8546097378,-98.51450253
8546409575,-132.0480871
8546721773,-99.59245205
8547033970,-129.0743322
8547346167,-97.5042944
8547658364,-132.7407141
8547970562,-98.3588171
8548282759,-128.4381933
8548594956,-99.45808315
8548907153,-132.0582952
8549219351,-98.90299892
8549531548,-137.5465918
8549843745,-98.45815945
8550155942,-128.0603704
8550468140,-98.82852077
8550780337,-141.3492498
8551092534,-98.90103817
8551404731,-137.411231
8551716929,-98.75675106
8552029126,-136.3776617
8552341323,-98.3486166
8552653520,-131.913413
8552965718,-98.68056393
8553277915,-130.3492346
8553590112,-97.62863064
8553902309,-138.4597387
8554214507,-99.48042965
8554526704,-132.9423285
8554838901,-98.1595068
8555151098,-138.6121283
8555463296,-97.90938473
8555775493,-136.1079626
8556087690,-99.17323208
8556399887,-134.4180975
8556712085,-98.65192318
8557024282,-136.2000799
8557336479,-97.5169363
8557648677,-131.3610144
8557960874,-96.75823879
8558273071,-131.4827642
8558585268,-98.94663906
8558897466,-133.7270269
8559209663,-99.15071011
8559521860,-133.0175695
8559834057,-99.07476711
8560146255,-136.6420355
8560458452,-99.24650478
8560770649,-130.2801733
8561082846,-96.88784695
8561395044,-135.2628088
8561707241,-98.71318722
8562019438,-136.0908422
8562331635,-99.47654629
8562643833,-133.7432013
8562956030,-98.73916531
8563268227,-130.4269323
8563580424,-99.02701473
8563892622,-132.4676123
8564204819,-98.57111263
8564517016,-132.8385077
8564829213,-99.62256527
8565141411,-131.3140173
8565453608,-99.60615444
8565765805,-132.7498388
8566078002,-99.57798672
8566390200,-133.4955511
8566702397,-98.66936398
8567014594,-135.3914404
8567326791,-99.3643713
8567638989,-131.2410192
8567951186,-97.12918758
8568263383,-135.2542639
8568575580,-95.97215176
8568887778,-136.7966528
8569199975,-98.98808956
8569512172,-133.9338293
8569824370,-98.1536932
8570136567,-133.8593664
8570448764,-99.18456936
8570760961,-130.5401525
8571073159,-97.11033535
8571385356,-129.46984
8571697553,-98.95625973
8572009750,-137.0115118
8572321948,-98.66424465
8572634145,-137.8843756
8572946342,-98.86978817
8573258539,-129.1619024
8573570737,-98.40138912
8573882934,-135.3351355
8574195131,-98.04617214
8574507328,-136.565177
8574819526,-97.59100246
8575131723,-128.6526098
8575443920,-99.69856167
8575756117,-131.5583105
8576068315,-99.48665524
8576380512,-128.8696661
8576692709,-99.68704891
8577004906,-137.0455847
8577317104,-97.37175655
8577629301,-131.2790442
8577941498,-98.49229336
8578253695,-131.4779577
8578565893,-98.91831875
8578878090,-130.476737
8579190287,-98.02733517
8579502484,-131.7898321
8579814682,-98.41660976
8580126879,-133.4997778
8580439076,-99.27477169
8580751273,-136.0497656
8581063471,-98.74537563
8581375668,-132.9378119
8581687865,-98.4585104
8582000063,-137.6948156
8582312260,-96.80319118
8582624457,-132.4147863
8582936654,-98.49550533
8583248852,-134.863349
8583561049,-98.58566189
8583873246,-134.7197943
8584185443,-98.97273159
8584497641,-127.6597509
8584809838,-97.1645422
8585122035,-128.4304571
8585434232,-98.67239284
8585746430,-133.1734991
8586058627,-98.63393307
8586370824,-132.5588446
8586683021,-97.28214169
8586995219,-134.8876257
8587307416,-99.05971432
8587619613,-126.3702002
8587931810,-97.64030361
8588244008,-141.3810339
8588556205,-98.41174984
8588868402,-131.5348425
8589180599,-99.29122829
8589492797,-136.93859
8589804994,-98.71993923
8590117191,-129.1443548
8590429388,-98.46026516
8590741586,-137.1027288
8591053783,-98.01611996
8591365980,-128.8182898
8591678177,-97.6057806
8591990375,-126.6720343
8592302572,-98.97473049
8592614769,-126.6629705
8592926966,-98.90540218
8593239164,-130.1669073
8593551361,-98.41422176
8593863558,-129.3868933
8594175755,-97.64890957
8594487953,-133.1436529
8594800150,-97.61559963
8595112347,-137.5375891
8595424545,-97.71310329
8595736742,-134.4432745
8596048939,-98.63226223
8596361136,-134.860465
8596673334,-97.93163204
8596985531,-126.6105642
8597297728,-98.22682857
8597609925,-134.9981604
8597922123,-98.68813229
8598234320,-127.005477
8598546517,-98.41375637
8598858714,-131.1693945
8599170912,-97.75501156
8599483109,-129.6544409
8599795306,-97.86060238
8600107503,-135.3971777
8600419701,-98.16902065
8600731898,-135.3671484
8601044095,-97.99642086
8601356292,-130.775382
8601668490,-97.91788387
8601980687,-129.8163824
8602292884,-98.23695278
8602605081,-127.6418142
8602917279,-98.49281979
8603229476,-129.871726
8603541673,-97.01790524
8603853870,-134.8135443
8604166068,-99.44110012
8604478265,-126.8800039
8604790462,-98.50562954
8605102659,-134.6270819
8605414857,-97.00058651
8605727054,-127.6335287
8606039251,-97.79074764
8606351448,-132.4290991
8606663646,-98.72936916
8606975843,-128.9228125
8607288040,-99.42839718
8607600238,-136.3016882
8607912435,-97.10757351
8608224632,-126.3889685
8608536829,-97.62139797
8608849027,-130.3937445
8609161224,-97.51126766
8609473421,-129.642005
8609785618,-96.42146206
8610097816,-133.6137152
8610410013,-97.83779049
8610722210,-129.2549047
8611034407,-97.16469479
8611346605,-138.787879
8611658802,-98.27822781
8611970999,-129.7423773
8612283196,-97.04951382
8612595394,-136.9948339
8612907591,-98.11086941
8613219788,-132.5581274
8613531985,-98.69451809
8613844183,-134.9908819
8614156380,-98.2992239
8614468577,-127.5703268
8614780774,-98.54847622
8615092972,-135.7069159
8615405169,-97.82099056
8615717366,-130.2310095
8616029563,-98.40170193
8616341761,-143.4996557
8616653958,-98.80675411
8616966155,-127.1665411
8617278352,-97.78603268
8617590550,-132.9322271
8617902747,-96.97403622
8618214944,-139.7665014
8618527141,-98.70491695
8618839339,-127.370429
8619151536,-98.19497585
8619463733,-139.7894964
8619775930,-97.99444485
8620088128,-136.4860601
8620400325,-98.25398159
8620712522,-132.9775763
8621024720,-98.49146938
8621336917,-132.0413733
8621649114,-97.60156918
8621961311,-134.8327703
8622273509,-98.46963406
8622585706,-129.9602423
8622897903,-98.1279974
8623210100,-134.5853033
8623522298,-97.38507748
8623834495,-131.9756536
8624146692,-97.81806087
8624458889,-134.6171179
8624771087,-98.42742825
8625083284,-134.3460302
8625395481,-98.00936031
8625707678,-128.1807623
8626019876,-98.94430447
8626332073,-147.5780401
8626644270,-97.49070644
8626956467,-142.9906836
8627268665,-97.84872341
8627580862,-132.4003515
8627893059,-98.64770412
8628205256,-131.6074591
8628517454,-98.25535488
8628829651,-129.9840918
8629141848,-98.0974493
8629454045,-129.8585119
8629766243,-97.83371639
8630078440,-127.9316168
8630390637,-98.99942684
8630702834,-135.3362188
8631015032,-97.60977077
8631327229,-133.0690374
8631639426,-99.37739468
8631951623,-134.0039892
8632263821,-98.78514004
8632576018,-133.5667944
8632888215,-98.25682735
8633200413,-136.8270788
8633512610,-98.97643948
8633824807,-134.3982306
8634137004,-98.07183742
8634449202,-136.8405218
8634761399,-98.64739895
8635073596,-130.110816
8635385793,-98.33956814
8635697991,-127.5827398
8636010188,-98.28748989
8636322385,-134.5662146
8636634582,-98.41180325
8636946780,-132.4159002
8637258977,-96.54296017
8637571174,-130.0105505
8637883371,-99.04626369
8638195569,-141.846076
8638507766,-99.14999294
8638819963,-137.6107397
8639132160,-98.49085903
8639444358,-134.2514563
8639756555,-96.86528683
8640068752,-128.9872046
8640380949,-97.74437618
8640693147,-133.690177
8641005344,-98.29054165
8641317541,-142.1846685
8641629738,-98.6434164
8641941936,-126.8113775
8642254133,-97.52274227
8642566330,-129.8651495
8642878527,-99.06989193
8643190725,-137.598258
8643502922,-98.52760982
8643815119,-137.9298162
8644127316,-97.52159023
8644439514,-128.7152929
8644751711,-97.2534399
8645063908,-134.7705297
8645376106,-98.25453091
8645688303,-131.8963079
8646000500,-97.28378963
8646312697,-128.5745001
8646624895,-96.23513699
8646937092,-132.6983252
8647249289,-97.78008175
8647561486,-129.5551062
8647873684,-97.59057522
8648185881,-134.3999243
8648498078,-98.79156399
8648810275,-130.1829596
8649122473,-96.88304043
8649434670,-132.1556311
8649746867,-97.87016201
8650059064,-131.4079199
8650371262,-98.4574728
8650683459,-132.5890875
8650995656,-98.82578945
8651307853,-127.3292608
8651620051,-98.44154263
8651932248,-135.0741339
8652244445,-98.62833309
8652556642,-136.3126287
8652868840,-98.31757259
8653181037,-127.357543
8653493234,-98.03326321
8653805431,-127.1893606
8654117629,-98.37071896
8654429826,-133.0836706
8654742023,-97.55211544
8655054220,-133.1675634
8655366418,-97.9270544
8655678615,-131.0767889
8655990812,-98.3446188
8656303009,-131.2216864
8656615207,-97.8920126
8656927404,-136.3369665
8657239601,-98.50874233
8657551798,-135.8637915
8657863996,-98.50885677
8658176193,-132.597846
8658488390,-98.88379574
8658800588,-132.227561
8659112785,-98.05049038
8659424982,-129.8060522
8659737179,-98.5966711
8660049377,-132.9156866
8660361574,-98.65484524
8660673771,-146.4820013
8660985968,-98.23605251
8661298166,-142.3436956
8661610363,-96.79054928
8661922560,-132.9873266
8662234757,-97.73506069
8662546955,-137.7035437
8662859152,-98.17393398
8663171349,-131.3515997
8663483546,-97.36415005
8663795744,-129.8928747
8664107941,-98.67539883
8664420138,-135.4028082
8664732335,-96.86169338
8665044533,-132.2456274
8665356730,-98.1207571
8665668927,-135.6852484
8665981124,-98.5111227
8666293322,-130.590064
8666605519,-98.23490047
8666917716,-130.0345678
8667229913,-96.65564632
8667542111,-131.4971991
8667854308,-96.12734127
8668166505,-127.2596807
8668478702,-98.18454647
8668790900,-132.8636847
8669103097,-96.12683773
8669415294,-132.111228
8669727491,-96.96331692
8670039689,-137.1544867
8670351886,-96.7826376
8670664083,-130.0146856
8670976281,-98.81779385
8671288478,-129.024848
8671600675,-99.25446987
8671912872,-128.3921881
8672225070,-97.91258907
8672537267,-132.2419043
8672849464,-99.48400021
8673161661,-133.2841558
8673473859,-97.87754726
8673786056,-141.4222326
8674098253,-98.40608883
8674410450,-140.7579565
8674722648,-97.08552456
8675034845,-133.1228247
8675347042,-98.55698299
8675659239,-130.4661474
8675971437,-98.83417416
8676283634,-127.3449926
8676595831,-98.05525875
8676908028,-128.870841
8677220226,-98.25894833
8677532423,-128.1095648
8677844620,-98.89037991
8678156817,-133.7701635
8678469015,-98.02915096
8678781212,-146.1987829
8679093409,-98.72525692
8679405606,-133.3095922
8679717804,-98.68054104
8680030001,-134.2930517
8680342198,-97.63337612
8680654395,-137.6547613
8680966593,-99.14305019
8681278790,-133.8243933
8681590987,-98.36486721
8681903184,-135.8426428
8682215382,-98.64646816
8682527579,-131.9917059
8682839776,-97.43761349
8683151973,-132.0564947
8683464171,-98.37698269
8683776368,-127.2398367
8684088565,-98.58361721
8684400763,-142.5677862
8684712960,-98.3426733
8685025157,-137.5210943
8685337354,-98.48390102
8685649552,-134.1111059
8685961749,-98.92056942
8686273946,-128.588172
8686586143,-98.41064358
8686898341,-132.9648504
8687210538,-98.69664669
8687522735,-133.4426641
8687834932,-98.32929897
8688147130,-136.9366827
8688459327,-97.62020016
8688771524,-134.2160559
8689083721,-98.40449429
8689395919,-130.4841681
8689708116,-98.66331387
8690020313,-128.7086859
8690332510,-97.78371334
8690644708,-130.0530004
8690956905,-97.6772604
8691269102,-135.8958654
8691581299,-99.24720669
8691893497,-139.9565039
8692205694,-97.39454555
8692517891,-127.0915518
8692830088,-98.17516994
8693142286,-131.1786566
8693454483,-98.22158718
8693766680,-131.8409491
8694078877,-98.88094234
8694391075,-129.2496862
8694703272,-97.16130733
8695015469,-134.4222784
8695327666,-97.73614407
8695639864,-130.1590338
8695952061,-98.4315176
8696264258,-131.6084509
8696576456,-98.21262264
8696888653,-133.3393316
8697200850,-97.62184811
8697513047,-133.2395086
8697825245,-99.79885006
8698137442,-130.8385839
8698449639,-99.06476498
8698761836,-135.9898748
8699074034,-99.56096554
8699386231,-128.6354742
8699698428,-99.67352962
8700010625,-130.3318853
8700322823,-99.4542532
8700635020,-129.7931585
8700947217,-99.48876858
8701259414,-128.851676
8701571612,-98.62004757
8701883809,-135.6439276
8702196006,-97.88435268
8702508203,-135.6916876
8702820401,-98.16728115
8703132598,-133.7477484
8703444795,-99.43134212
8703756992,-132.5093603
8704069190,-98.15032864
8704381387,-130.0693426
8704693584,-99.31076717
8705005781,-133.9850531
8705317979,-97.61230373
8705630176,-129.2299871
8705942373,-97.13529873
8706254570,-131.1327124
8706566768,-98.91823482
8706878965,-132.2762518
8707191162,-99.04020596
8707503359,-132.8538885
8707815557,-99.15923977
8708127754,-134.8822851
8708439951,-96.77875423
8708752149,-136.3859472
8709064346,-98.5286169
8709376543,-131.9807043
8709688740,-98.95999813
8710000938,-131.2001715
8710313135,-98.79755306
8710625332,-133.4490576
8710937529,-98.38522243
8711249727,-129.0004644
8711561924,-100.1416998
8711874121,-128.1971502
8712186318,-97.79281521
8712498516,-137.2206793
8712810713,-98.67324734
8713122910,-135.6162786
8713435107,-98.90619564
8713747305,-131.2433844
8714059502,-96.93360043
8714371699,-134.9444952
8714683896,-98.0668478
8714996094,-140.2139654
8715308291,-98.07784176
8715620488,-131.2690344
8715932685,-98.24391079
8716244883,-134.8231573
8716557080,-97.29288387
8716869277,-134.4725714
8717181474,-97.47144222
8717493672,-136.3958807
8717805869,-98.38715267
8718118066,-141.6521215
8718430263,-97.07967281
8718742461,-150.9482946
8719054658,-99.22198391
8719366855,-132.6865759
8719679052,-99.11759853
8719991250,-132.8497076
8720303447,-94.53745174
8720615644,-128.9148321
8720927841,-99.06904507
8721240039,-134.7031622
8721552236,-98.1922369
8721864433,-131.2856817
8722176631,-98.98226833
8722488828,-132.5593023
8722801025,-98.59860897
8723113222,-135.1521368
8723425420,-100.1463614
8723737617,-129.8686438
8724049814,-99.4143362
8724362011,-135.1976538
8724674209,-98.91161251
8724986406,-132.0954504
8725298603,-98.6808157
8725610800,-131.454566
8725922998,-98.85791683
8726235195,-128.8580084
8726547392,-98.72412777
8726859589,-130.8276129
8727171787,-97.75545406
8727483984,-135.6495123
8727796181,-100.0785666
8728108378,-130.8944464
8728420576,-98.44845486
8728732773,-136.7129126
8729044970,-98.69168758
8729357167,-145.0183935
8729669365,-99.48245907
8729981562,-138.0519171
8730293759,-99.25533962
8730605956,-131.6410284
8730918154,-99.69700527
8731230351,-140.8093481
8731542548,-98.30721951
8731854745,-133.2710791
8732166943,-99.01934719
8732479140,-135.6515112
8732791337,-99.67928982
8733103534,-131.1360388
8733415732,-99.2640295
8733727929,-130.548789
8734040126,-98.84729671
8734352324,-150.3185644
8734664521,-98.74878597
8734976718,-131.0492315
8735288915,-99.56968594
8735601113,-130.0291204
8735913310,-99.50719357
8736225507,-136.0812902
8736537704,-100.0840902
8736849902,-134.3446112
8737162099,-97.97846889
8737474296,-125.1652288
8737786493,-98.55169582
8738098691,-131.1306829
8738410888,-100.5587835
8738723085,-134.2864752
8739035282,-99.56512356
8739347480,-130.6580725
8739659677,-98.46343136
8739971874,-139.8182898
8740284071,-98.76619625
8740596269,-129.5232763
8740908466,-98.65299129
8741220663,-134.5002356
8741532860,-98.35899258
8741845058,-132.8987951
8742157255,-98.21491909
8742469452,-135.2248449
8742781649,-99.26217556
8743093847,-137.3796453
8743406044,-99.51129818
8743718241,-129.5613623
8744030438,-99.78466701
8744342636,-131.1745214
8744654833,-99.09747219
8744967030,-126.7942801
8745279227,-99.77799892
8745591425,-132.4245977
8745903622,-98.77110958
8746215819,-126.9889898
8746528017,-98.9878912
8746840214,-142.0213537
8747152411,-99.08561611
8747464608,-131.7696905
8747776806,-99.82273006
8748089003,-134.1751165
8748401200,-99.79624844
8748713397,-132.9925756
8749025595,-98.75701809
8749337792,-131.2933874
8749649989,-99.93509579
8749962186,-128.0214148
8750274384,-100.2600622
8750586581,-133.9097204
8750898778,-99.6534338
8751210975,-136.2862005
8751523173,-98.89835262
8751835370,-135.0144567
8752147567,-98.41299343
8752459764,-133.4553442
8752771962,-100.5322485
8753084159,-128.05474
8753396356,-99.46188259
8753708553,-132.4184942
8754020751,-99.3608923
8754332948,-138.2572546
8754645145,-98.44559383
8754957342,-134.6682653
8755269540,-99.49772549
8755581737,-129.0581884
8755893934,-97.9768362
8756206131,-132.4775457
8756518329,-97.12180233
8756830526,-135.1487341
8757142723,-99.10436153
8757454920,-129.061698
8757767118,-98.69616604
8758079315,-133.3078527
8758391512,-97.99841213
8758703709,-136.2274542
8759015907,-99.15269375
8759328104,-138.6590643
8759640301,-99.86748409
8759952499,-136.7133856
8760264696,-97.83288479
8760576893,-131.1819372
8760889090,-98.08686733
8761201288,-126.6772146
8761513485,-99.03316402
8761825682,-127.4647665
8762137879,-99.90082455
8762450077,-133.9061804
8762762274,-98.15210628
8763074471,-132.4440985
8763386668,-99.31594753
8763698866,-133.1588812
8764011063,-99.06649685
8764323260,-137.47927
8764635457,-99.31239986
8764947655,-141.3506231
8765259852,-99.98897457
8765572049,-133.6680212
8765884246,-99.1126318
8766196444,-133.6243658
8766508641,-99.11232662
8766820838,-136.2918768
8767133035,-99.13774776
8767445233,-141.6338263
8767757430,-98.41721249
8768069627,-137.9816351
8768381824,-98.9592886
8768694022,-135.3590765
8769006219,-96.27573299
8769318416,-134.3938055
8769630613,-98.0510397
8769942811,-143.5875616
8770255008,-97.34372616
8770567205,-138.1832647
8770879402,-99.02569485
8771191600,-137.3892279
8771503797,-100.1461706
8771815994,-140.450675
8772128192,-98.84577084
8772440389,-132.3153601
8772752586,-99.37168026
8773064783,-141.5002966
8773376981,-99.91964626
8773689178,-129.3537054
8774001375,-99.13001919
8774313572,-131.1620703
8774625770,-98.15592861
8774937967,-138.9682684
8775250164,-99.4770422
8775562361,-136.2376776
8775874559,-98.06198788
8776186756,-130.4865026
8776498953,-99.31254482
8776811150,-131.93328
8777123348,-98.96608639
8777435545,-136.6343756
8777747742,-98.87686062
8778059939,-138.4589148
8778372137,-99.33442593
8778684334,-136.2060308
8778996531,-99.51491451
8779308728,-131.2103796
8779620926,-99.95557308
8779933123,-131.6495581
8780245320,-98.79627895
8780557517,-139.5755529
8780869715,-99.54414272
8781181912,-135.9101171
8781494109,-99.60631466
8781806306,-130.9445868
8782118504,-98.0552969
8782430701,-130.3600073
8782742898,-98.10643673
8783055095,-132.9305182
8783367293,-98.8425436
8783679490,-132.4378119
8783991687,-99.66022396
8784303884,-135.6962194
8784616082,-99.24835873
8784928279,-138.1932287
8785240476,-99.19146633
8785552674,-128.7791204
8785864871,-99.85481167
8786177068,-141.7225256
8786489265,-98.59703732
8786801463,-128.1810217
8787113660,-98.86351681
8787425857,-140.6562567
8787738054,-98.19221401
8788050252,-134.0091925
8788362449,-99.60739803
8788674646,-134.5101233
8788986843,-99.73938656
8789299041,-141.8364019
8789611238,-97.78562832
8789923435,-133.7495947
8790235632,-97.67140865
8790547830,-135.4242163
8790860027,-99.899436
8791172224,-138.1813879
8791484421,-98.61814022
8791796619,-138.2090216
8792108816,-98.54066372
8792421013,-132.1307898
8792733210,-97.49969387
8793045408,-127.7921591
8793357605,-99.22282314
8793669802,-128.8964605
8793981999,-99.56132412
8794294197,-135.4980993
8794606394,-98.98630428
8794918591,-128.9068823
8795230788,-99.43578243
8795542986,-127.4109869
8795855183,-96.44575405
8796167380,-133.334281
8796479577,-98.36290646
8796791775,-135.1918859
8797103972,-98.67421627
8797416169,-133.646018
8797728367,-100.1011648
8798040564,-128.9935675
8798352761,-96.8193655
8798664958,-132.8333044
8798977156,-98.52265072
8799289353,-127.5649862
8799601550,-98.91113186
8799913747,-135.6401587
8800225945,-99.20875454
8800538142,-140.6409369
8800850339,-97.3077383
8801162536,-131.5051947
8801474734,-99.17988491
8801786931,-131.6921301
8802099128,-98.92071438
8802411325,-135.0811834
8802723523,-99.11867428
8803035720,-134.6000738
8803347917,-98.51408291
8803660114,-131.9251623
8803972312,-100.0966635
8804284509,-134.0104437
8804596706,-98.74023342
8804908903,-131.0937414
8805221101,-98.59718227
8805533298,-130.9514227
8805845495,-99.3544302
8806157692,-128.4720068
8806469890,-99.44214535
8806782087,-132.1410742
8807094284,-98.50830746
8807406481,-136.160697
8807718679,-98.11096859
8808030876,-138.0776739
8808343073,-97.07276058
8808655270,-133.5330877
8808967468,-98.26583004
8809279665,-132.4008245
8809591862,-99.33174801
8809904060,-128.3633337
8810216257,-97.83126736
8810528454,-130.2207861
8810840651,-97.37954617
8811152849,-130.788413
8811465046,-97.95526028
8811777243,-130.7026892
8812089440,-98.37443447
8812401638,-134.4011602
8812713835,-96.97832394
8813026032,-136.4879065
8813338229,-98.22576809
8813650427,-133.0714483
8813962624,-98.79267025
8814274821,-137.870841
8814587018,-98.9685812
8814899216,-146.7998419
8815211413,-98.19274807
8815523610,-130.4029455
8815835807,-97.27507687
8816148005,-135.9446325
8816460202,-97.57960415
8816772399,-130.7701941
8817084596,-99.11073208
8817396794,-128.8941717
8817708991,-99.03089046
8818021188,-129.69625
8818333385,-98.46745205
8818645583,-136.5049658
8818957780,-98.70730495
8819269977,-136.1774359
8819582174,-98.71197414
8819894372,-128.510108
8820206569,-99.14511776
8820518766,-133.7967749
8820830963,-98.12528896
8821143161,-127.1142569
8821455358,-99.27866268
8821767555,-127.7340689
8822079752,-97.56211758
8822391950,-138.9648962
8822704147,-98.79927731
8823016344,-127.1407614
8823328542,-98.36225033
8823640739,-130.0866461
8823952936,-98.41395473
8824265133,-126.5151205
8824577331,-97.89241695
8824889528,-135.5609808
8825201725,-97.39953518
8825513922,-131.8233557
8825826120,-98.50440884
8826138317,-129.0683355
8826450514,-98.05488491
8826762711,-141.2972174
8827074909,-98.7085104
8827387106,-132.7391424
8827699303,-99.42312527
8828011500,-131.3239202
8828323698,-97.85356808
8828635895,-131.1279516
8828948092,-96.98071957
8829260289,-140.1451483
8829572487,-98.91387081
8829884684,-131.323966
8830196881,-99.13608456
8830509078,-134.9724493
8830821276,-98.1081686
8831133473,-133.8041601
8831445670,-95.81836605
8831757867,-129.2882452
8832070065,-99.19786739
8832382262,-129.972724
8832694459,-98.79832363
8833006656,-127.0001745
8833318854,-96.99137783
8833631051,-132.5220098
8833943248,-97.65454769
8834255445,-130.7643042
8834567643,-98.40738583
8834879840,-128.7368841
8835192037,-98.73396206
8835504235,-133.975028
8835816432,-98.10732174
8836128629,-128.4603338
8836440826,-97.14775753
8836753024,-133.6852636
8837065221,-98.29378414
8837377418,-137.1162024
8837689615,-96.71907711
8838001813,-133.4410467
8838314010,-98.02458858
8838626207,-133.6603155
8838938404,-98.59516048
8839250602,-136.7105627
8839562799,-97.11746883
8839874996,-133.0839148
8840187193,-98.4927969
8840499391,-133.9065771
8840811588,-97.81617641
8841123785,-128.9702673
8841435982,-98.83579922
8841748180,-131.1518164
8842060377,-98.12684536
8842372574,-126.2529974
8842684771,-97.27091122
8842996969,-128.3000555
8843309166,-97.78047848
8843621363,-131.4157171
8843933560,-97.19499874
8844245758,-134.6820288
8844557955,-96.58599758
8844870152,-129.544364
8845182349,-98.6146841
8845494547,-141.2683325
8845806744,-97.32586575
8846118941,-131.9922247
8846431138,-98.05739498
8846743336,-133.816596
8847055533,-97.70268154
8847367730,-132.1235571
8847679927,-98.76271725
8847992125,-135.4067907
8848304322,-97.9067831
8848616519,-127.9996252
8848928717,-97.31247616
8849240914,-126.7629843
8849553111,-99.25885677
8849865308,-132.9624395
8850177506,-98.26428127
8850489703,-132.1226721
8850801900,-97.36593533
8851114097,-134.3830938
8851426295,-97.94187069
8851738492,-127.3487539
8852050689,-98.11064815
8852362886,-136.9026709
8852675084,-97.7502737
8852987281,-131.9893713
8853299478,-98.69882107
8853611675,-134.2166967
8853923873,-97.86440945
8854236070,-130.8585272
8854548267,-98.26469326
8854860464,-132.1987829
8855172662,-96.98712063
8855484859,-136.2664099
8855797056,-97.30582333
8856109253,-130.205863
8856421451,-98.42781734
8856733648,-127.9699316
8857045845,-98.79355526
8857358042,-130.0818853
8857670240,-98.49859524
8857982437,-129.9559546
8858294634,-97.60318661
8858606831,-129.3405523
8858919029,-98.10636044
8859231226,-134.8133764
8859543423,-98.80796719
8859855620,-128.3441992
8860167818,-95.22048855
8860480015,-127.1673117
8860792212,-98.05487728
8861104410,-128.4840612
8861416607,-96.35691738
8861728804,-134.3427191
8862041001,-97.94486141
8862353199,-138.3383093
8862665396,-98.35764217
8862977593,-131.1974096
8863289790,-98.30741024
8863601988,-129.0099859
8863914185,-96.46687221
8864226382,-138.2059851
8864538579,-97.1067419
8864850777,-129.2666998
8865162974,-98.32427883
8865475171,-147.0232458
8865787368,-97.1657629
8866099566,-142.0129309
8866411763,-96.88181972
8866723960,-132.4886389
8867036157,-97.72159481
8867348355,-132.142951
8867660552,-96.53736019
8867972749,-131.1872778
8868284946,-96.30927181
8868597144,-137.2517157
8868909341,-97.64586544
8869221538,-140.3823004
8869533735,-98.20562649
8869845933,-133.7712774
8870158130,-98.81243038
8870470327,-129.6068792
8870782524,-98.18306637
8871094722,-131.1911383
8871406919,-98.6722784
8871719116,-138.7475042
8872031313,-97.99514675
8872343511,-134.5140142
8872655708,-97.34374142
8872967905,-130.9235907
8873280103,-97.71829891
8873592300,-133.6036596
8873904497,-97.90471554
8874216694,-133.4093695
8874528892,-95.11685085
8874841089,-143.274909
8875153286,-98.30400753
8875465483,-133.4051886
8875777681,-96.86842251
8876089878,-135.9308996
8876402075,-97.71996212
8876714272,-124.823554
8877026470,-98.14816952
8877338667,-140.2797461
8877650864,-97.04036617
8877963061,-142.0102606
8878275259,-97.72653866
8878587456,-132.4411383
8878899653,-97.52344418
8879211850,-131.8654242
8879524048,-98.13906002
8879836245,-133.0021124
8880148442,-97.74781704
8880460639,-144.1875982
8880772837,-96.08734035
8881085034,-129.6341314
8881397231,-96.65592861
8881709428,-129.4126501
8882021626,-96.90628719
8882333823,-128.5451727
8882646020,-97.61597347
8882958217,-129.4261084
8883270415,-97.83399868
8883582612,-133.1960669
8883894809,-95.22324276
8884207006,-129.0772314
8884519204,-97.70193386
8884831401,-132.9714117
8885143598,-97.92142391
8885455795,-134.9554815
8885767993,-96.79817867
8886080190,-131.0872564
8886392387,-97.67470455
8886704585,-125.2538061
8887016782,-96.06861019
8887328979,-138.9013128
8887641176,-96.59016323
8887953374,-137.6869421
8888265571,-97.43360805
8888577768,-126.3319235
8888889965,-96.10900021
8889202163,-142.0387335
8889514360,-97.81232357
8889826557,-134.6530981
8890138754,-97.08668423
8890450952,-128.4485083
8890763149,-96.78951931
8891075346,-126.663825
8891387543,-94.42276668
8891699741,-127.2596045
8892011938,-98.42203426
8892324135,-137.0170965
8892636332,-97.85513973
8892948530,-138.1559973
8893260727,-96.67163753
8893572924,-133.1405249
8893885121,-98.06040859
8894197319,-130.2438879
8894509516,-95.19390011
8894821713,-137.5636053
8895133910,-97.37787533
8895446108,-130.0493536
8895758305,-97.77374935
8896070502,-136.0564642
8896382699,-96.97682857
8896694897,-130.802146
8897007094,-97.55055141
8897319291,-131.5765142
8897631488,-95.67915249
8897943686,-131.3058081
8898255883,-96.63210964
8898568080,-133.0120764
8898880278,-97.13087368
8899192475,-133.9576788
8899504672,-96.7954855
8899816869,-136.2893744
8900129067,-97.95100307
8900441264,-126.3098135
8900753461,-97.07091427
8901065658,-128.7332678
8901377856,-97.53649044
8901690053,-131.8835669
8902002250,-95.51871395
8902314447,-131.4091558
8902626645,-97.92893887
8902938842,-133.3909063
8903251039,-96.66667843
8903563236,-133.2222357
8903875434,-97.20868587
8904187631,-140.4881811
8904499828,-97.17230129
8904812025,-136.8300238
8905124223,-97.60259914
8905436420,-130.0189886
8905748617,-97.08042812
8906060814,-131.5950689
8906373012,-96.57882595
8906685209,-130.6473608
8906997406,-98.75239468
8907309603,-128.5377111
8907621801,-95.14642239
8907933998,-131.9643469
8908246195,-98.0137701
8908558392,-127.6623983
8908870590,-99.10919094
8909182787,-123.2443151
8909494984,-96.5894537
8909807181,-130.2802343
8910119379,-97.24391079
8910431576,-136.956748
8910743773,-93.93411922
8911055970,-127.1288061
8911368168,-95.0890646
8911680365,-125.798934
8911992562,-94.46031856
8912304760,-134.9220648
8912616957,-96.90801907
8912929154,-131.8011541
8913241351,-98.29080105
8913553549,-135.2615881
8913865746,-95.59688473
8914177943,-126.2362051
8914490140,-94.36035061
8914802338,-129.346076
8915114535,-97.16375637
8915426732,-128.3381109
8915738929,-95.07543087
8916051127,-129.7943792
8916363324,-95.60127163
8916675521,-132.674964
8916987718,-94.23538876
8917299916,-130.6843786
8917612113,-96.21713924
8917924310,-137.1521826
8918236507,-96.50633144
8918548705,-131.933753
8918860902,-94.7009573
8919173099,-140.9995642
8919485296,-97.38015652
8919797494,-132.068244
8920109691,-95.67693996
8920421888,-133.6296148
8920734085,-98.11361599
8921046283,-126.7531729
8921358480,-96.12965298
8921670677,-131.7907934
8921982874,-94.03029537
8922295072,-126.0564413
8922607269,-97.5730505
8922919466,-129.6160955
8923231663,-95.89996242
8923543861,-137.9851904
8923856058,-97.05050564
8924168255,-128.1800299
8924480453,-94.49475765
8924792650,-128.1700964
8925104847,-96.34495449
8925417044,-137.8936682
8925729242,-97.16036129
8926041439,-136.6549292
8926353636,-94.2533102
8926665833,-130.2348852
8926978031,-97.65569973
8927290228,-130.7688055
8927602425,-95.12420559
8927914622,-132.2486029
8928226820,-94.61598873
8928539017,-130.850379
8928851214,-93.52864742
8929163411,-131.2071753
8929475609,-93.67599392
8929787806,-135.7207861
8930100003,-94.07910061
8930412200,-129.8989782
8930724398,-94.43369961
8931036595,-127.3660192
8931348792,-98.13079739
8931660989,-127.2458563
8931973187,-96.87221432
8932285384,-131.6337805
8932597581,-95.37992001
8932909778,-132.2882452
8933221976,-96.34966183
8933534173,-127.4292059
8933846370,-92.59963893
8934158567,-132.8974981
8934470765,-96.91187954
8934782962,-131.0120153
8935095159,-94.77944851
8935407356,-142.9389257
8935719554,-95.40671444
8936031751,-131.5066137
8936343948,-96.90341091
8936656146,-126.6843176
8936968343,-93.87142086
8937280540,-132.2753363
8937592737,-93.09348964
8937904935,-126.8599615
8938217132,-92.56322383
8938529329,-131.0296087
8938841526,-95.04913998
8939153724,-141.3771429
8939465921,-95.46694851
8939778118,-131.9651709
8940090315,-90.3455341
8940402513,-134.5576544
8940714710,-90.70601546
8941026907,-129.5494299
8941339104,-91.71177575
8941651302,-130.0216284
8941963499,-91.74373529
8942275696,-132.155509
8942587893,-93.24851131
8942900091,-129.474082
8943212288,-91.13078969
8943524485,-134.3757391
8943836682,-94.40014553
8944148880,-125.5972815
8944461077,-92.86596584
8944773274,-130.5871344
8945085471,-93.26760006
8945397669,-139.5030127
8945709866,-92.28903102
8946022063,-128.7725592
8946334260,-91.37439627
8946646458,-141.9518042
8946958655,-92.59769344
8947270852,-126.4677877
8947583049,-94.40305996
8947895247,-131.4546881
8948207444,-92.84535121
8948519641,-130.9097357
8948831838,-92.87217616
8949144036,-132.7687445
8949456233,-90.91098679
8949768430,-137.4910803
8950080628,-90.2701785
8950392825,-134.4861364
8950705022,-92.36102961
8951017219,-129.8707037
8951329417,-92.38157557
8951641614,-129.4539557
8951953811,-93.68089962
8952266008,-135.8890295
8952578206,-90.07012039
8952890403,-130.8135138
8953202600,-92.83197688
8953514797,-132.243659
8953826995,-91.25623219
8954139192,-131.869544
8954451389,-92.67095088
8954763586,-133.3967047
8955075784,-92.1461706
8955387981,-130.4392767
8955700178,-91.80732629
8956012375,-125.2064962
8956324573,-91.50817008
8956636770,-131.2976141
8956948967,-92.09754846
8957261164,-132.3183966
8957573362,-93.67321682
8957885559,-126.7218237
8958197756,-90.12122969
8958509953,-128.091712
8958822151,-91.44775289
8959134348,-125.0747519
8959446545,-90.76716502
8959758742,-126.1602163
8960070940,-91.30509846
8960383137,-139.4441595
8960695334,-90.00348513
8961007531,-129.0976782
8961319729,-89.15239414
8961631926,-133.6461706
8961944123,-90.80890544
8962256321,-127.1228323
8962568518,-91.83190056
8962880715,-132.316596
8963192912,-89.93131096
8963505110,-132.8817205
8963817307,-90.00697173
8964129504,-128.2721624
8964441701,-89.00080498
8964753899,-133.2123632
8965066096,-89.53947993
8965378293,-129.5067816
8965690490,-90.44267909
8966002688,-140.1780157
8966314885,-87.7659926
8966627082,-126.757308
8966939279,-89.01314924
8967251477,-131.8246527
8967563674,-89.41512046
8967875871,-135.0230627
8968188068,-88.89254309
8968500266,-134.9737768
8968812463,-88.1832854
8969124660,-131.5246954
8969436857,-88.81383006
8969749055,-131.3342962
8970061252,-90.21091317
8970373449,-134.9428015
8970685646,-88.28386441
8970997844,-130.5081549
8971310041,-89.52146671
8971622238,-129.6034155
8971934435,-87.83252846
8972246633,-130.99755
8972558830,-88.33299031
8972871027,-134.6810217
8973183224,-86.12739801
8973495422,-136.5484533
8973807619,-87.16142033
8974119816,-131.7125311
8974432014,-87.10993694
8974744211,-131.6000433
8975056408,-88.00579294
8975368605,-128.7330236
8975680803,-87.2274529
8975993000,-130.9723425
8976305197,-87.33765231
8976617394,-133.9282141
8976929592,-86.40864847
8977241789,-131.8100958
8977553986,-88.52450464
8977866183,-127.3041601
8978178381,-86.50632016
8978490578,-129.62432
8978802775,-87.64911609
8979114972,-133.6774511
8979427170,-84.99448488
8979739367,-131.059577
8980051564,-87.41606734
8980363761,-129.5558538
8980675959,-86.06521053
8980988156,-138.386817
8981300353,-85.77707839
8981612550,-128.2630224
8981924748,-87.03745705
8982236945,-145.6104345
8982549142,-84.9435815
8982861339,-130.471427
8983173537,-84.1042485
8983485734,-128.687705
8983797931,-85.57114549
8984110128,-130.9071722
8984422326,-83.9887852
8984734523,-132.0653906
8985046720,-85.54167309
8985358917,-129.3637304
8985671115,-84.0416264
8985983312,-131.9043646
8986295509,-84.19666337
8986607706,-136.3477545
8986919904,-83.50064114
8987232101,-128.1068792
8987544298,-82.9185335
8987856496,-135.5907049
8988168693,-82.89791887
8988480890,-130.9635077
8988793087,-82.85525529
8989105285,-131.0509253
8989417482,-83.67466766
8989729679,-130.3277044
8990041876,-82.19373331
8990354074,-129.6868048
8990666271,-82.2363206
8990978468,-130.8075476
8991290665,-81.75637061
8991602863,-137.3873968
8991915060,-81.96211251
8992227257,-137.5946112
8992539454,-82.00543984
8992851652,-131.0940619
8993163849,-81.20873265
8993476046,-134.6386175
8993788243,-81.53353887
8994100441,-128.3776617
8994412638,-81.10797123
8994724835,-136.114295
8995037032,-81.0667725
8995349230,-130.2310858
8995661427,-80.5250931
8995973624,-127.4111013
8996285821,-80.13480379
8996598019,-125.7905264
8996910216,-80.35450747
8997222413,-134.6016455
8997534610,-79.19253541
8997846808,-127.2801733
8998159005,-79.56951905
8998471202,-131.2862768
8998783399,-78.9683075
8999095597,-130.6644812
8999407794,-79.06674958
8999719991,-131.6014776
9000032189,-79.80752565
9000344386,-136.1058722
9000656583,-78.45935822
9000968780,-127.3697805
9001280978,-78.48067475
9001593175,-134.4780798
9001905372,-78.03604889
9002217569,-130.1713629
9002529767,-77.99121857
9002841964,-138.290946
9003154161,-77.44957733
9003466358,-140.5472021
9003778556,-77.49808502
9004090753,-132.7664404
9004402950,-77.44664002
9004715147,-128.6684332
9005027345,-76.88074494
9005339542,-132.6863317
9005651739,-76.60514832
9005963936,-131.5369024
9006276134,-76.05248261
9006588331,-133.6888037
9006900528,-76.05836487
9007212725,-141.437232
9007524923,-75.84449768
9007837120,-133.1339331
9008149317,-75.47336578
9008461514,-135.468833
9008773712,-75.47042847
9009085909,-142.8020239
9009398106,-75.18527222
9009710303,-129.0124121
9010022501,-75.30213165
9010334698,-128.2877722
9010646895,-74.51061249
9010959092,-138.3365698
9011271290,-74.75828552
9011583487,-130.1890631
9011895684,-74.14167786
9012207881,-130.741004
9012520079,-74.28573608
9012832276,-131.4134741
9013144473,-73.92782593
9013456671,-131.316474
9013768868,-73.65369415
9014081065,-129.5511541
9014393262,-73.78010559
9014705460,-131.256217
9015017657,-73.24066925
9015329854,-133.771903
9015642051,-73.04150391
9015954249,-137.2408056
9016266446,-72.99668121
9016578643,-132.814292
9016890840,-72.56894684
9017203038,-151.96453
9017515235,-72.82912445
9017827432,-131.9272223
9018139629,-72.3903656
9018451827,-131.6861792
9018764024,-72.37861633
9019076221,-132.5725164
9019388418,-72.16327667
9019700616,-129.4196386
9020012813,-72.15225983
9020325010,-130.8902502
9020637207,-71.88695526
9020949405,-126.3373175
9021261602,-72.03982544
9021573799,-135.9120703
9021885996,-71.98690796
9022198194,-130.2942266
9022510391,-71.63928986
9022822588,-126.9539404
9023134785,-71.61945343
9023446983,-132.0044317
9023759180,-71.32106781
9024071377,-129.370429
9024383574,-71.65914917
9024695772,-138.6997137
9025007969,-71.570961
9025320166,-127.5242682
9025632364,-71.3078537
9025944561,-137.5620337
9026256758,-71.41589355
9026568955,-131.3158178
9026881153,-71.30638886
9027193350,-133.1921148
9027505547,-71.26818085
9027817744,-140.3797979
9028129942,-71.3688736
9028442139,-134.1328344
9028754336,-71.45191956
9029066533,-131.7825232
9029378731,-71.42105865
9029690928,-134.2599859
9030003125,-71.53498077
9030315322,-131.4944372
9030627520,-71.51660919
9030939717,-128.4231329
9031251914,-71.90539551
9031564111,-133.053977
9031876309,-71.83705139
9032188506,-138.4991217
9032500703,-71.8348465
9032812900,-128.3812475
9033125098,-71.86351776
9033437295,-131.7141943
9033749492,-72.10972595
9034061689,-135.325675
9034373887,-72.46984863
9034686084,-133.4273443
9034998281,-72.43457031
9035310478,-142.0069952
9035622676,-72.66313934
9035934873,-127.5625525
9036247070,-72.74913025
9036559267,-132.8842382
9036871465,-72.9666748
9037183662,-133.9660711
9037495859,-73.33635712
9037808057,-131.5341711
9038120254,-73.39956665
9038432451,-139.8198462
9038744648,-73.62519073
9039056846,-137.2887182
9039369043,-73.59726715
9039681240,-129.9114294
9039993437,-73.75528717
9040305635,-139.816184
9040617832,-73.56641388
9040930029,-132.9092474
9041242226,-73.94784546
9041554424,-137.756156
9041866621,-73.93976593
9042178818,-132.623374
9042491015,-73.66196442
9042803213,-127.6743078
9043115410,-73.8567276
9043427607,-135.6924658
9043739804,-73.91699219
9044052002,-134.490119
9044364199,-73.54953003
9044676396,-138.9394293
9044988593,-73.5759964
9045300791,-133.3223181
9045612988,-73.41210938
9045925185,-133.8051672
9046237382,-73.21808624
9046549580,-141.2919683
9046861777,-73.15267944
9047173974,-136.2921972
9047486171,-72.76831055
9047798369,-137.8201361
9048110566,-72.77566528
9048422763,-133.3943548
9048734960,-72.39570618
9049047158,-140.2108984
9049359355,-72.39203644
9049671552,-129.4889135
9049983749,-72.03707123
9050295947,-135.5946264
9050608144,-72.15362549
9050920341,-136.1815252
9051232539,-72.04528809
9051544736,-138.0435553
9051856933,-71.98838806
9052169130,-126.0145483
9052481328,-72.04320526
9052793525,-135.9447088
9053105722,-71.88415527
9053417919,-130.2486334
9053730117,-72.05509186
9054042314,-133.0866613
9054354511,-71.9482193
9054666708,-130.9506292
9054978906,-72.25805664
9055291103,-132.2415991
9055603300,-72.43854523
9055915497,-136.5480261
9056227695,-72.67415619
9056539892,-132.3703527
9056852089,-72.59080505
9057164286,-132.7147284
9057476484,-72.74703979
9057788681,-130.2068243
9058100878,-73.04512024
9058413075,-135.9044714
9058725273,-73.32261658
9059037470,-131.1307592
9059349667,-73.18782043
9059661864,-130.3470068
9059974062,-73.31245422
9060286259,-135.5787115
9060598456,-73.47971344
9060910653,-128.231986
9061222851,-73.54628754
9061535048,-126.0849295
9061847245,-73.66430664
9062159442,-134.1953802
9062471640,-73.26126099
9062783837,-134.7352667
9063096034,-73.10882568
9063408232,-131.7621374
9063720429,-73.37236023
9064032626,-127.1163015
9064344823,-73.00017548
9064657021,-135.2333746
9064969218,-72.63828278
9065281415,-137.0079412
9065593612,-72.56007385
9065905810,-132.7001715
9066218007,-72.21582031
9066530204,-129.6880865
9066842401,-72.30738068
9067154599,-153.3255529
9067466796,-72.01457214
9067778993,-137.5182257
9068091190,-71.90990448
9068403388,-141.809226
9068715585,-71.96472168
9069027782,-131.1016302
9069339979,-72.19151306
9069652177,-137.7370672
9069964374,-72.12065125
9070276571,-128.5632849
9070588768,-72.35699463
9070900966,-140.529212
9071213163,-72.49192047
9071525360,-132.1440191
9071837557,-72.5452652
9072149755,-132.8418951
9072461952,-72.67578125
9072774149,-129.3807745
9073086346,-73.05396271
9073398544,-127.1881552
9073710741,-73.3549881
9074022938,-128.4298925
9074335135,-73.11361694
9074647333,-131.4229803
9074959530,-73.40876007
9075271727,-130.3055792
9075583924,-73.46724701
9075896122,-130.7285986
9076208319,-73.24793243
9076520516,-135.8559484
9076832714,-73.13885498
9077144911,-145.098197
9077457108,-73.20910645
9077769305,-128.3089972
9078081503,-72.98758698
9078393700,-131.6335516
9078705897,-72.92040253
9079018094,-133.0935583
9079330292,-72.61436462
9079642489,-126.5692282
9079954686,-72.39871979
9080266883,-136.7551489
9080579081,-72.34329987
9080891278,-136.1713018
9081203475,-72.17762756
9081515672,-131.6680365
9081827870,-71.97815704
9082140067,-137.7155218
9082452264,-72.02562714
9082764461,-125.8812704
9083076659,-72.31782532
9083388856,-133.6521826
9083701053,-72.56887054
9084013250,-134.2883368
9084325448,-72.48551178
9084637645,-141.1236792
9084949842,-72.39922333
9085262039,-128.195838
9085574237,-72.94864655
9085886434,-129.8381109
9086198631,-73.06446075
9086510828,-134.4414587
9086823026,-73.21482086
9087135223,-133.1395788
9087447420,-73.33210754
9087759617,-130.5897741
9088071815,-73.11646271
9088384012,-131.4037848
9088696209,-73.12056732
9089008407,-128.6878881
9089320604,-73.16142273
9089632801,-129.5173254
9089944998,-72.91344452
9090257196,-137.0280676
9090569393,-72.8330307
9090881590,-130.3515997
9091193787,-72.72615814
9091505985,-127.5886679
9091818182,-72.28636169
9092130379,-129.9717627
9092442576,-72.32133484
9092754774,-134.0768194
9093066971,-72.32617188
9093379168,-130.6009893
9093691365,-72.04805756
9094003563,-138.6100225
9094315760,-72.40860748
9094627957,-133.5232306
9094940154,-72.29879761
9095252352,-142.9470129
9095564549,-72.70858765
9095876746,-133.0294714
9096188943,-72.74723816
9096501141,-127.6619253
9096813338,-72.77558899
9097125535,-133.6248999
9097437732,-73.04354095
9097749930,-132.5185156
9098062127,-73.3166275
9098374324,-137.0976019
9098686521,-73.19506073
9098998719,-138.465003
9099310916,-73.16756439
9099623113,-134.993598
9099935310,-73.06069183
9100247508,-136.1377478
9100559705,-72.93286133
9100871902,-134.566535
9101184100,-72.95940399
9101496297,-131.5776281
9101808494,-72.47148895
9102120691,-127.2695227
9102432889,-72.38411713
9102745086,-135.9352484
9103057283,-72.31364441
9103369480,-127.2006063
9103681678,-72.50408173
9103993875,-132.4077215
9104306072,-72.44537354
9104618269,-128.490592
9104930467,-72.46309662
9105242664,-125.1834631
9105554861,-72.52565002
9105867058,-133.3200293
9106179256,-72.7991333
9106491453,-130.3252478
9106803650,-72.99838257
9107115847,-135.9623022
9107428045,-73.13516998
9107740242,-134.1860418
9108052439,-73.23887634
9108364636,-133.964179
9108676834,-73.17575836
9108989031,-129.5142126
9109301228,-73.28167725
9109613425,-134.8793402
9109925623,-72.85696411
9110237820,-138.1146154
9110550017,-72.57483673
9110862214,-134.3474188
9111174412,-72.51171875
9111486609,-131.9119177
9111798806,-72.45961761
9112111003,-140.75109
9112423201,-72.22305298
9112735398,-134.181571
9113047595,-72.49507141
9113359792,-131.8813086
9113671990,-72.64801788
9113984187,-130.1285772
9114296384,-72.30342102
9114608582,-130.4454107
9114920779,-72.54456329
9115232976,-132.9215002
9115545173,-72.80995941
9115857371,-141.6254339
9116169568,-73.18706512
9116481765,-146.7686071
9116793962,-73.12100983
9117106160,-134.1674719
9117418357,-73.23207092
9117730554,-128.6878729
9118042751,-72.88085175
9118354949,-138.8822546
9118667146,-73.13596344
9118979343,-126.5243902
9119291540,-72.70023346
9119603738,-130.5269384
9119915935,-72.46881104
9120228132,-130.9841528
9120540329,-72.16757202
9120852527,-144.113883
9121164724,-72.44766998
9121476921,-132.5276861
9121789118,-72.10233307
9122101316,-132.083869
9122413513,-72.22515106
9122725710,-130.8367682
9123037907,-72.68383789
9123350105,-129.5455694
9123662302,-72.78460693
9123974499,-132.8616858
9124286696,-72.82731628
9124598894,-132.1128759
9124911091,-72.69511414
9125223288,-130.8282843
9125535485,-73.20892334
9125847683,-137.3891516
9126159880,-72.76142883
9126472077,-129.385047
9126784275,-72.79605865
9127096472,-125.8081961
9127408669,-72.64180756
9127720866,-126.7004919
9128033064,-72.41112518
9128345261,-137.1476965
9128657458,-72.09738922
9128969655,-128.3094397
9129281853,-72.1268692
9129594050,-133.0322332
9129906247,-72.07109833
9130218444,-139.7878485
9130530642,-72.16305542
9130842839,-128.8057775
9131155036,-72.52986908
9131467233,-135.6040258
9131779431,-72.63358307
9132091628,-137.9669256
9132403825,-72.77771759
9132716022,-133.679389
9133028220,-72.7520752
9133340417,-137.0175695
9133652614,-72.60443878
9133964811,-130.5186071
9134277009,-72.76841736
9134589206,-133.4488745
9134901403,-72.48775482
9135213600,-128.1949072
9135525798,-72.07627869
9135837995,-133.7084875
9136150192,-72.05872345
9136462389,-129.3445196
9136774587,-71.9500351
9137086784,-129.368125
9137398981,-72.14561462
9137711178,-133.8792486
9138023376,-72.19273376
9138335573,-132.7835455
9138647770,-72.50149536
9138959967,-132.3353186
9139272165,-72.39427948
9139584362,-141.6220617
9139896559,-72.66555786
9140208757,-134.6336279
9140520954,-72.63918304
9140833151,-133.3902044
9141145348,-72.87224579
9141457546,-130.5563726
9141769743,-72.54380798
9142081940,-133.9827337
9142394137,-72.44688416
9142706335,-127.7160101
9143018532,-72.12727356
9143330729,-132.9069586
9143642926,-72.4933548
9143955124,-127.5280371
9144267321,-72.31191254
9144579518,-136.6722021
9144891715,-72.27819061
9145203913,-129.3155737
9145516110,-72.80448914
9145828307,-129.0510778
9146140504,-72.58409119
9146452702,-126.6280813
9146764899,-72.72234344
9147077096,-134.566947
9147389293,-72.73345184
9147701491,-132.9729528
9148013688,-72.70340729
9148325885,-132.4666662
9148638082,-72.87767029
9148950280,-129.734992
9149262477,-72.72562408
9149574674,-129.6336584
9149886871,-72.27593231
9150199069,-126.6630087
9150511266,-72.37238312
9150823463,-134.8088293
9151135660,-72.3677597
9151447858,-130.6143408
9151760055,-72.43516541
9152072252,-134.8885107
9152384450,-72.61206818
9152696647,-144.5196447
9153008844,-72.9411087
9153321041,-141.7435675
9153633239,-73.06215668
9153945436,-138.7970037
9154257633,-73.07003021
9154569830,-131.4790258
9154882028,-72.98529816
9155194225,-134.1488409
9155506422,-72.49488831
9155818619,-133.542304
9156130817,-72.78497314
9156443014,-137.816474
9156755211,-72.67745972
9157067408,-136.1413488
9157379606,-72.52658081
9157691803,-145.9613562
9158004000,-72.72554016
9158316197,-128.7232122
9158628395,-72.53424072
9158940592,-132.1771917
9159252789,-72.6317749
9159564986,-130.8982
9159877184,-72.8204422
9160189381,-130.5356512
9160501578,-73.1627121
9160813775,-137.6327276
9161125973,-72.90673828
9161438170,-126.6496191
9161750367,-72.94180298
9162062564,-129.9779425
9162374762,-72.690979
9162686959,-137.7437963
9162999156,-72.62682343
9163311353,-128.2224798
9163623551,-72.52812958
9163935748,-133.8217535
9164247945,-72.40003967
9164560143,-129.7139807
9164872340,-72.84004974
9165184537,-139.4068365
9165496734,-72.59216309
9165808932,-129.0028753
9166121129,-73.08509827
9166433326,-131.5198126
9166745523,-72.88791657
9167057721,-137.0308905
9167369918,-72.78775787
9167682115,-130.4044867
9167994312,-72.7022934
9168306510,-138.7965155
9168618707,-72.4838028
9168930904,-141.3024359
9169243101,-72.31969452
9169555299,-134.8509588
9169867496,-72.4958725
9170179693,-135.0307989
9170491890,-72.44421387
9170804088,-133.1719275
9171116285,-72.42562866
9171428482,-128.6033545
9171740679,-72.62310791
9172052877,-131.7354345
9172365074,-72.81177521
9172677271,-127.3755865
9172989468,-72.93135834
9173301666,-131.5380468
9173613863,-72.31674194
9173926060,-132.586585
9174238257,-72.25920105
9174550455,-133.0111761
9174862652,-72.25751495
9175174849,-133.7914648
9175487046,-72.07650757
9175799244,-130.0812902
9176111441,-72.4378891
9176423638,-129.7136145
9176735835,-72.3171463
9177048033,-130.7004156
9177360230,-72.49919891
9177672427,-129.178153
9177984625,-72.52323914
9178296822,-138.4315252
9178609019,-72.48040009
9178921216,-129.681159
9179233414,-72.42212677
9179545611,-131.6674719
9179857808,-72.20657349
9180170005,-136.9595404
9180482203,-72.27397919
9180794400,-130.6984015
9181106597,-72.04225922
9181418794,-137.0649481
9181730992,-72.17212677
9182043189,-139.4422522
9182355386,-72.10282898
9182667583,-124.0958319
9182979781,-72.52741241
9183291978,-132.0748205
9183604175,-72.31407166
9183916372,-136.8289099
9184228570,-72.20140839
9184540767,-132.4742041
9184852964,-72.11888123
9185165161,-137.0974798
9185477359,-71.99226379
9185789556,-132.4208593
9186101753,-71.93766785
9186413950,-131.4248114
9186726148,-72.0579834
9187038345,-136.6308813
9187350542,-72.12317657
9187662739,-134.4060278
9187974937,-72.23614502
9188287134,-133.5084448
9188599331,-72.28223419
9188911528,-142.2701483
9189223726,-72.38638306
9189535923,-128.5839453
9189848120,-72.2480011
9190160318,-127.5166082
9190472515,-72.19487
9190784712,-137.2278509
9191096909,-71.75370026
9191409107,-139.399375
9191721304,-71.94530487
9192033501,-133.4270697
9192345698,-72.04136658
9192657896,-136.0917273
9192970093,-72.00881958
9193282290,-130.4420691
9193594487,-72.11884308
9193906685,-135.931098
9194218882,-72.21343994
9194531079,-129.5112066
9194843276,-72.38667297
9195155474,-140.0374975
9195467671,-72.30708313
9195779868,-134.7766027
9196092065,-72.12534332
9196404263,-128.5389776
9196716460,-71.72385406
9197028657,-135.8477087
9197340854,-72.21090698
9197653052,-128.6392431
9197965249,-72.08648682
9198277446,-142.582984
9198589643,-71.93561554
9198901841,-131.1530371
9199214038,-72.28596497
9199526235,-132.1721869
9199838432,-72.19682312
9200150630,-140.2048864
9200462827,-72.26808929
9200775024,-132.8584967
9201087221,-72.07704163
9201399419,-134.1755438
9201711616,-71.91098785
9202023813,-130.0378942
9202336011,-72.18663025
9202648208,-130.3502874
9202960405,-71.9654541
9203272602,-143.2793188
9203584800,-72.19625854
9203896997,-134.1073523
9204209194,-72.36607361
9204521391,-130.3393774
9204833589,-72.31172943
9205145786,-137.7872686
9205457983,-72.24782562
9205770180,-130.5136328
9206082378,-72.11116791
9206394575,-132.2319555
9206706772,-72.08842468
9207018969,-128.2787695
9207331167,-72.19650269
9207643364,-143.3508978
9207955561,-72.21417999
9208267758,-134.3156195
9208579956,-72.75218964
9208892153,-132.4334936
9209204350,-72.45605469
9209516547,-133.2897253
9209828745,-72.32380676
9210140942,-127.7806845
9210453139,-72.44510651
9210765336,-138.9804144
9211077534,-72.16146088
9211389731,-130.5463324
9211701928,-71.89618683
9212014125,-128.0049658
9212326323,-72.29309845
9212638520,-135.1610785
9212950717,-72.36515808
9213262914,-136.2355871
9213575112,-72.52468109
9213887309,-136.1481695
9214199506,-72.55338287
9214511703,-135.8182287
9214823901,-72.49388886
9215136098,-131.0183935
9215448295,-72.45791626
9215760493,-137.280097
9216072690,-72.37270355
9216384887,-132.6191626
9216697084,-72.33893585
9217009282,-130.9950018
9217321479,-72.50066376
9217633676,-130.8230658
9217945873,-72.63887024
9218258071,-133.7437353
9218570268,-73.0953064
9218882465,-135.4694128
9219194662,-72.73008728
9219506860,-128.0546789
9219819057,-72.76760864
9220131254,-130.2698126
9220443451,-72.36048889
9220755649,-133.1015692
9221067846,-72.47738647
9221380043,-132.3313971
9221692240,-72.53768921
9222004438,-134.4965582
9222316635,-72.77878571
9222628832,-132.9826269
9222941029,-72.83909607
9223253227,-132.3219519
9223565424,-72.78768921
9223877621,-130.0657415
9224189818,-72.67822266
9224502016,-134.0976477
9224814213,-72.69883728
9225126410,-147.6638708
9225438607,-72.65625
9225750805,-129.9181433
9226063002,-72.77755737
9226375199,-126.3970938
9226687396,-72.96353912
9226999594,-129.8381109
9227311791,-73.06132507
9227623988,-134.8026495
9227936186,-72.82397461
9228248383,-133.9501562
9228560580,-73.01289368
9228872777,-132.4303503
9229184975,-72.59916687
9229497172,-130.7628241
9229809369,-72.40370941
9230121566,-129.0269384
9230433764,-72.72124481
9230745961,-132.5914221
9231058158,-72.56253815
9231370355,-134.3773565
9231682553,-72.87566376
9231994750,-133.7879705
9232306947,-73.06972504
9232619144,-134.800025
9232931342,-72.77578735
9233243539,-127.3941107
9233555736,-72.59062195
9233867933,-131.8177252
9234180131,-72.68767548
9234492328,-134.4664831
9234804525,-72.65390778
9235116722,-139.2803564
9235428920,-72.87957764
9235741117,-132.0927191
9236053314,-72.82743073
9236365511,-127.9565344
9236677709,-72.74516296
9236989906,-132.815238
9237302103,-72.7077179
9237614300,-126.9203482
9237926498,-72.39394379
9238238695,-136.1100378
9238550892,-72.59314728
9238863089,-127.2687902
9239175287,-72.43444061
9239487484,-129.9579687
9239799681,-72.8894043
9240111878,-128.1618109
9240424076,-73.03717041
9240736273,-130.320365
9241048470,-72.80056
9241360668,-128.2684698
9241672865,-72.46252441
9241985062,-126.8309698
9242297259,-72.3508606
9242609457,-130.4079504
9242921654,-72.13041687
9243233851,-132.8156347
9243546048,-72.5001297
9243858246,-131.3876867
9244170443,-72.42299652
9244482640,-137.7390509
9244794837,-72.542099
9245107035,-128.3186712
9245419232,-72.53993225
9245731429,-136.9505529
9246043626,-72.21733856
9246355824,-130.8866186
9246668021,-72.08876038
9246980218,-132.4579535
9247292415,-72.27841949
9247604613,-130.8933172
9247916810,-72.63857269
9248229007,-129.0053015
9248541204,-72.58422852
9248853402,-133.6332464
9249165599,-72.20724487
9249477796,-136.8552465
9249789993,-72.094841
9250102191,-136.1294165
9250414388,-72.14215851
9250726585,-127.5534658
9251038782,-72.01430511
9251350980,-137.3105078
9251663177,-72.24436188
9251975374,-140.6625738
9252287571,-72.28553772
9252599769,-131.9719763
9252911966,-72.27380371
9253224163,-131.9690619
9253536361,-72.31204224
9253848558,-127.8931189
9254160755,-72.0158844
9254472952,-131.5567999
9254785150,-71.90346527
9255097347,-140.9375525
9255409544,-72.16953278
9255721741,-130.6903601
9256033939,-72.27685547
9256346136,-130.6514349
9256658333,-72.1379776
9256970530,-134.3136358
9257282728,-72.20414734
9257594925,-135.5476294
9257907122,-72.05497742
9258219319,-127.387641
9258531517,-71.97341919
9258843714,-129.3470068
9259155911,-71.88819122
9259468108,-133.1789923
9259780306,-72.08076477
9260092503,-127.5442572
9260404700,-72.1932373
9260716897,-134.7415075
9261029095,-72.00144196
9261341292,-141.3618383
9261653489,-71.85227203
9261965686,-133.6928015
9262277884,-71.90814972
9262590081,-134.7945013
9262902278,-71.92066956
9263214475,-144.5199347
9263526673,-72.26096344
9263838870,-129.6191168
9264151067,-72.12429047
9264463264,-132.4038153
9264775462,-71.92220306
9265087659,-129.9520941
9265399856,-72.0346756
9265712054,-131.7424231
9266024251,-71.9420929
9266336448,-131.5307837
9266648645,-71.9678421
9266960843,-131.6991034
9267273040,-72.14498138
9267585237,-135.5347662
9267897434,-72.07224274
9268209632,-146.4515295
9268521829,-72.35816193
9268834026,-133.9502783
9269146223,-71.87753296
9269458421,-132.3790045
9269770618,-71.76437378
9270082815,-133.7717352
9270395012,-71.89962769
9270707210,-133.1330938
9271019407,-72.19729614
9271331604,-134.9623785
9271643801,-72.32226563
9271955999,-141.290946
9272268196,-72.17603302
9272580393,-135.5481787
9272892590,-71.80638123
9273204788,-134.3818426
9273516985,-71.91885376
9273829182,-137.8720922
9274141379,-71.94680023
9274453577,-136.5940619
9274765774,-72.4282074
9275077971,-138.9723272
9275390168,-72.34371185
9275702366,-136.9240942
9276014563,-72.34887695
9276326760,-131.1460333
9276638957,-71.96012115
9276951155,-130.7977057
9277263352,-72.01011658
9277575549,-131.9148321
9277887746,-72.31661224
9278199944,-136.57656
9278512141,-72.23284912
9278824338,-131.3585272
9279136536,-72.34237671
9279448733,-132.790946
9279760930,-72.25053406
9280073127,-135.0699987
9280385325,-71.90219879
9280697522,-148.1709967
9281009719,-72.00363922
9281321916,-131.9671392
9281634114,-72.19254303
9281946311,-136.126914
9282258508,-72.32632446
9282570705,-139.1122503
9282882903,-72.43144226
9283195100,-140.2786169
9283507297,-72.15219116
9283819494,-129.5162268
9284131692,-72.2742157
9284443889,-131.7791204
9284756086,-72.29481506
9285068283,-132.5096655
9285380481,-72.51311493
9285692678,-132.9800482
9286004875,-72.58810425
9286317072,-139.16677
9286629270,-72.2985611
9286941467,-126.9528799
9287253664,-72.11705017
9287565861,-133.2366095
9287878059,-72.33167267
9288190256,-134.100913
9288502453,-72.49852753
9288814650,-128.1237097
9289126848,-72.95935822
9289439045,-137.8388586
9289751242,-72.52650452
9290063439,-128.4816656
9290375637,-72.77199554
9290687834,-137.0892553
9291000031,-72.19876862
9291312229,-130.9738836
9291624426,-72.46851349
9291936623,-130.2007513
9292248820,-72.77206421
9292561018,-137.3561163
9292873215,-72.66919708
9293185412,-129.2505255
9293497609,-72.44947052
9293809807,-132.9869604
9294122004,-72.33190155
9294434201,-133.9938421
9294746398,-72.35397339
9295058596,-128.7875738
9295370793,-72.49731445
9295682990,-130.6161261
9295995187,-72.82585144
9296307385,-130.9769964
9296619582,-72.64655304
9296931779,-133.0576239
9297243976,-72.36288452
9297556174,-138.8055944
9297868371,-72.37908173
9298180568,-130.3942633
9298492765,-72.39600372
9298804963,-140.0513525
9299117160,-72.86785889
9299429357,-130.4707403
9299741554,-72.73117828
9300053752,-137.0534735
9300365949,-72.49149323
9300678146,-138.7864752
9300990343,-72.31808472
9301302541,-135.3602362
9301614738,-72.52977753
9301926935,-138.9151525
9302239132,-72.91858673
9302551330,-125.9538488
9302863527,-72.74370575
9303175724,-136.5509405
9303487921,-72.58278656
9303800119,-130.1878881
9304112316,-72.62985992
9304424513,-133.9052343
9304736711,-72.56448364
9305048908,-137.0978308
9305361105,-72.82688904
9305673302,-134.6725683
9305985500,-72.67625427
9306297697,-134.6020422
9306609894,-72.7064209
9306922091,-132.7169714
9307234289,-72.58004761
9307546486,-132.9360113
9307858683,-72.52642822
9308170880,-129.8750372
9308483078,-72.58451843
9308795275,-133.5688543
9309107472,-72.88220215
9309419669,-142.6482916
9309731867,-72.94911194
9310044064,-127.3741369
9310356261,-72.84772491
9310668458,-136.5204535
9310980656,-72.52071381
9311292853,-138.9538641
9311605050,-72.73020172
9311917247,-132.3615179
9312229445,-72.76183319
9312541642,-127.3279715
9312853839,-73.04040527
9313166036,-131.2378607
9313478234,-72.41868591
9313790431,-128.7552862
9314102628,-72.39813995
9314414825,-142.1554174
9314727023,-72.63555908
9315039220,-128.2960119
9315351417,-72.864151
9315663614,-139.3347845
9315975812,-72.74806976
9316288009,-136.4259405
9316600206,-72.66431427
9316912404,-136.7905035
9317224601,-72.51000977
9317536798,-135.3067083
9317848995,-72.382164
9318161193,-131.4255285
9318473390,-72.8422699
9318785587,-139.4091864
9319097784,-72.66518402
9319409982,-133.489295
9319722179,-72.41313171
9320034376,-136.9699926
9320346573,-72.43080139
9320658771,-134.0905371
9320970968,-72.53813934
9321283165,-134.4668646
9321595362,-72.83361053
9321907560,-131.8674231
9322219757,-72.48014069
9322531954,-146.216361
9322844151,-72.68154907
9323156349,-137.6110144
9323468546,-72.20901489
9323780743,-136.7357397
9324092940,-72.47509766
9324405138,-129.7193365
9324717335,-72.50525665
9325029532,-135.9156256
9325341729,-72.67359161
9325653927,-128.2385015
9325966124,-72.27381897
9326278321,-139.1912909
9326590518,-72.15552521
9326902716,-131.5384283
9327214913,-72.49289703
9327527110,-130.5676184
9327839307,-72.50983429
9328151505,-127.7432852
9328463702,-72.38933563
9328775899,-135.8188086
9329088097,-72.05056
9329400294,-129.8879004
9329712491,-72.08145905
9330024688,-128.8751898
9330336886,-72.29462433
9330649083,-141.4029455
9330961280,-72.29980469
9331273477,-144.355216
9331585675,-72.30718231
9331897872,-136.2760992
9332210069,-71.94709778
9332522266,-133.6568213
9332834464,-72.22273254
9333146661,-131.847434
9333458858,-71.9324646
9333771055,-136.4878607
9334083253,-72.11402893
9334395450,-128.1140203
9334707647,-72.21621704
9335019844,-128.6579046
9335332042,-72.10233307
9335644239,-131.333106
9335956436,-71.8208847
9336268633,-134.9696112
9336580831,-72.07667542
9336893028,-132.0798712
9337205225,-72.29792023
9337517422,-133.5042028
9337829620,-72.11642456
9338141817,-136.9672613
9338454014,-71.78794098
9338766211,-132.2879553
9339078409,-71.995224
9339390606,-130.1169806
9339702803,-72.01804352
9340015000,-132.5342169
9340327198,-72.23855591
9340639395,-131.169486
9340951592,-71.79763031
9341263789,-156.3388891
9341575987,-71.77046967
9341888184,-135.881217
9342200381,-71.85134125
9342512579,-136.0245733
9342824776,-72.11742401
9343136973,-127.9939489
9343449170,-72.00427246
9343761368,-136.7588415
9344073565,-71.87863159
9344385762,-131.827445
9344697959,-71.8830719
9345010157,-133.155509
9345322354,-72.01833344
9345634551,-129.9100561
9345946748,-71.92649841
9346258946,-143.0610418
9346571143,-71.84716034
9346883340,-128.4512701
9347195537,-71.62671661
9347507735,-134.3851843
9347819932,-72.01111603
9348132129,-130.5370855
9348444326,-71.8119812
9348756524,-130.0050268
9349068721,-72.09790802
9349380918,-131.1559668
9349693115,-71.91126251
9350005313,-132.2819586
9350317510,-71.9502182
9350629707,-130.1740637
9350941904,-71.70170593
9351254102,-137.3123999
9351566299,-71.9522171
9351878496,-133.3120337
9352190693,-72.16156769
9352502891,-133.619132
9352815088,-71.92114258
9353127285,-135.1293249
9353439482,-71.94235229
9353751680,-135.3585272
9354063877,-72.22814178
9354376074,-137.2699957
9354688272,-72.53304291
9355000469,-130.906806
9355312666,-72.22720337
9355624863,-132.2398901
9355937061,-72.07055664
9356249258,-134.2792273
9356561455,-72.40705872
9356873652,-146.6157751
9357185850,-72.57157898
9357498047,-128.5046301
9357810244,-72.42816925
9358122441,-137.0466986
9358434639,-72.09072876
9358746836,-129.9118261
9359059033,-72.41179657
9359371230,-135.5214911
9359683428,-72.37347412
9359995625,-132.0892401
9360307822,-72.63648224
9360620019,-130.3789434
9360932217,-72.17410278
9361244414,-131.4525824
9361556611,-72.45915222
9361868808,-138.0308905
9362181006,-72.52005005
9362493203,-130.9136724
9362805400,-72.64268494
9363117597,-135.8244085
9363429795,-72.34125519
9363741992,-132.0313025
9364054189,-72.4852066
9364366386,-129.7448187
9364678584,-72.48143005
9364990781,-133.8662329
9365302978,-72.68784332
9365615175,-134.7708349
9365927373,-72.65393066
9366239570,-148.8748999
9366551767,-72.3841095
9366863964,-134.9264441
9367176162,-72.58023071
9367488359,-137.0547094
9367800556,-72.72932434
9368112754,-134.2060003
9368424951,-72.67483521
9368737148,-130.7039251
9369049345,-72.70413208
9369361543,-140.1940527
9369673740,-72.6907959
9369985937,-134.0682592
9370298134,-72.60250854
9370610332,-133.6507177
9370922529,-72.72366333
9371234726,-128.0202551
9371546923,-72.47882843
9371859121,-131.5052252
9372171318,-72.44786072
9372483515,-131.1479406
9372795712,-72.65427399
9373107910,-134.1044989
9373420107,-72.60860443
9373732304,-134.4784765
9374044501,-72.68788147
9374356699,-130.6765509
9374668896,-72.58561707
9374981093,-128.5091162
9375293290,-72.58110809
9375605488,-146.4708624
9375917685,-72.84484863
9376229882,-130.4917669
9376542079,-72.77272034
9376854277,-132.4429235
9377166474,-72.82112122
9377478671,-128.2771978
9377790868,-72.62479401
9378103066,-137.3182898
9378415263,-72.81283569
9378727460,-131.549674
9379039657,-72.85756683
9379351855,-127.8785543
9379664052,-72.71562195
9379976249,-129.2542486
9380288447,-72.69493866
9380600644,-135.074851
9380912841,-72.54785156
9381225038,-131.1185827
9381537236,-72.78954315
9381849433,-132.3965368
9382161630,-72.87615967
9382473827,-134.1926184
9382786025,-72.35351563
9383098222,-132.3235693
9383410419,-72.55993652
9383722616,-143.0807409
9384034814,-72.7641449
9384347011,-131.7949438
9384659208,-72.80005646
9384971405,-127.8078146
9385283603,-72.47584534
9385595800,-136.4152899
9385907997,-72.54850006
9386220194,-131.2272711
9386532392,-72.85339355
9386844589,-131.9018469
9387156786,-72.57622528
9387468983,-134.1807775
9387781181,-72.73339844
9388093378,-127.6184301
9388405575,-72.54294586
9388717772,-133.1046209
9389029970,-72.8742981
9389342167,-139.14643
9389654364,-72.70148468
9389966561,-138.5025244
9390278759,-72.63230133
9390590956,-134.10604
9390903153,-72.37055969
9391215350,-143.0398169
9391527548,-72.9201889
9391839745,-142.0144873
9392151942,-72.87819672
9392464140,-137.5621405
9392776337,-72.59955597
9393088534,-132.5549078
9393400731,-72.64428711
9393712929,-137.8478155
9394025126,-72.73972321
9394337323,-139.3242102
9394649520,-72.63599396
9394961718,-142.742301
9395273915,-72.50360107
9395586112,-130.7921209
9395898309,-72.31462097
9396210507,-133.9676886
9396522704,-72.73416901
9396834901,-130.605979
9397147098,-72.53195953
9397459296,-131.9544897
9397771493,-72.42602539
9398083690,-131.9316015
9398395887,-72.33699799
9398708085,-128.3604498
9399020282,-72.63233948
9399332479,-157.9966497
9399644676,-72.56903076
9399956874,-132.5537786
9400269071,-72.3041153
9400581268,-128.8256903
9400893465,-72.28238678
9401205663,-133.1003942
9401517860,-72.38632965
9401830057,-131.5191412
9402142254,-72.56376648
9402454452,-133.7477789
9402766649,-72.35316467
9403078846,-129.893363
9403391043,-72.23221588
9403703241,-141.8371344
9404015438,-72.38539886
9404327635,-133.091712
9404639832,-72.27474213
9404952030,-133.1669836
9405264227,-72.11411285
9405576424,-140.6210394
9405888622,-72.39297485
9406200819,-130.2822638
9406513016,-72.2793808
9406825213,-136.2208776
9407137411,-72.20619965
9407449608,-133.9164343
9407761805,-71.9882431
9408074002,-133.9902411
9408386200,-72.12379456
9408698397,-127.0189505
9409010594,-72.23508453
9409322791,-131.9668646
9409634989,-72.13986206
9409947186,-129.3405218
9410259383,-71.87634277
9410571580,-131.9733801
9410883778,-72.16622162
9411195975,-135.268424
9411508172,-72.02323151
9411820369,-134.2236547
9412132567,-72.14922333
9412444764,-136.5551977
9412756961,-71.95625305
9413069158,-133.9001989
9413381356,-71.97127533
9413693553,-131.4862432
9414005750,-72.10093689
9414317947,-143.3050756
9414630145,-72.01306915
9414942342,-144.3423986
9415254539,-71.70764923
9415566736,-140.0815496
9415878934,-71.84981537
9416191131,-131.6337652
9416503328,-71.90892792
9416815525,-135.4858923
9417127723,-71.95628357
9417439920,-131.9893866
9417752117,-71.75963593
9418064315,-145.9571753
9418376512,-71.89885712
9418688709,-131.9209356
9419000906,-71.9557724
9419313104,-133.1875525
9419625301,-71.93477631
9419937498,-135.0590277
9420249695,-71.78443146
9420561893,-133.2763891
9420874090,-71.81855774
9421186287,-131.9971838
9421498484,-71.81226349
9421810682,-133.6106787
9422122879,-72.02130127
9422435076,-130.5117712
9422747273,-71.58065796
9423059471,-135.5081854
9423371668,-71.93301392
9423683865,-136.0964575
9423996062,-71.98403931
9424308260,-135.7572393
9424620457,-71.99317932
9424932654,-130.612998
9425244851,-71.80976868
9425557049,-131.5268469
9425869246,-72.0526123
9426181443,-136.9833288
9426493640,-71.89492035
9426805838,-137.685523
9427118035,-72.05839539
9427430232,-138.988883
9427742429,-71.82132721
9428054627,-135.672431
9428366824,-72.17809296
9428679021,-131.2396154
9428991218,-72.40771484
9429303416,-132.1130285
9429615613,-72.1552124
9429927810,-129.6138372
9430240008,-72.07028198
9430552205,-130.1293402
9430864402,-72.429245
9431176599,-137.7840185
9431488797,-72.37297821
9431800994,-134.2081366
9432113191,-72.37329865
9432425388,-127.0964804
9432737586,-72.18547058
9433049783,-139.2533789
9433361980,-72.21224976
9433674177,-136.8725042
9433986375,-72.53152466
9434298572,-130.309104
9434610769,-72.38044739
9434922966,-131.832221
9435235164,-72.29992676
9435547361,-141.3992071
9435859558,-72.53028107
9436171755,-131.8997412
9436483953,-72.5519104
9436796150,-136.7043371
9437108347,-72.40744781
9437420544,-132.4170294
9437732742,-72.6466217
9438044939,-134.1451941
9438357136,-72.65428925
9438669333,-129.1148596
9438981531,-72.66122437
9439293728,-133.2447882
9439605925,-72.83572388
9439918122,-130.0532904
9440230320,-72.7985611
9440542517,-138.1349707
9440854714,-72.67687988
9441166911,-129.2712164
9441479109,-72.71688843
9441791306,-134.1838446
9442103503,-72.63121796
9442415700,-135.3277349
9442727898,-72.83511353
9443040095,-126.7447271
9443352292,-72.6524353
9443664490,-135.9192572
9443976687,-72.57925415
9444288884,-127.6353674
9444601081,-73.03009033
9444913279,-143.9997778
9445225476,-72.90914917
9445537673,-139.5919561
9445849870,-72.79187775
9446162068,-130.3188391
9446474265,-72.79366302
9446786462,-142.3478765
9447098659,-72.96743011
9447410857,-138.8712072
9447723054,-72.77225494
9448035251,-129.4569921
9448347448,-72.79756165
9448659646,-126.1030569
9448971843,-72.92502594
9449284040,-133.6254492
9449596237,-72.94592285
9449908435,-138.6814032
9450220632,-72.57570648
9450532829,-128.9395208
9450845026,-72.93885803
9451157224,-129.8987188
9451469421,-73.16531372
9451781618,-132.0110083
9452093815,-72.60317993
9452406013,-132.7298803
9452718210,-72.63193512
9453030407,-132.1346655
9453342604,-72.70626068
9453654802,-128.7797766
9453966999,-72.91213226
9454279196,-133.0432348
9454591393,-72.63221741
9454903591,-129.9565954
9455215788,-72.61688232
9455527985,-133.4255896
9455840183,-72.60227203
9456152380,-135.4357367
9456464577,-72.63617706
9456776774,-138.682044
9457088972,-72.51721191
9457401169,-141.285285
9457713366,-72.4923172
9458025563,-133.6559973
9458337761,-72.80328369
9458649958,-133.2584906
9458962155,-72.43517303
9459274352,-135.1488409
9459586550,-72.38162231
9459898747,-138.742774
9460210944,-72.50371552
9460523141,-131.5882635
9460835339,-72.5537796
9461147536,-131.6030645
9461459733,-72.20110321
9461771930,-134.9316778
9462084128,-72.43049622
9462396325,-137.7436438
9462708522,-72.27772522
9463020719,-134.2880621
9463332917,-72.02132416
9463645114,-132.7374334
9463957311,-72.15885162
9464269508,-130.5849066
9464581706,-72.2361145
9464893903,-127.998023
9465206100,-71.9760437
9465518297,-130.4028234
9465830495,-71.90190887
9466142692,-131.6096869
9466454889,-72.32826233
9466767086,-135.0029821
9467079284,-72.19974518
9467391481,-134.4173346
9467703678,-71.89704132
9468015875,-131.0315771
9468328073,-72.17861938
9468640270,-128.981925
9468952467,-72.08316803
9469264665,-132.1282873
9469576862,-72.08473206
9469889059,-132.4135351
9470201256,-71.79820251
9470513454,-131.7477789
9470825651,-72.057724
9471137848,-127.2544699
9471450045,-71.69255829
9471762243,-134.6347876
9472074440,-71.76026917
9472386637,-129.8423681
9472698834,-71.80886841
9473011032,-132.7351751
9473323229,-71.81998444
9473635426,-135.1046972
9473947623,-71.76054382
9474259821,-130.2872839
9474572018,-71.73123932
9474884215,-127.1881475
9475196412,-71.9598999
9475508610,-138.9626684
9475820807,-71.4021759
9476133004,-131.8595953
9476445201,-71.75063324
9476757399,-140.1549139
9477069596,-71.35606384
9477381793,-131.0653143
9477693990,-71.67218018
9478006188,-130.658988
9478318385,-71.39961243
9478630582,-137.2125158
9478942779,-71.65914154
9479254977,-136.7179937
9479567174,-71.8106308
9479879371,-135.0880041
9480191568,-71.50498962
9480503766,-137.6177435
9480815963,-71.64545441
9481128160,-136.024497
9481440358,-71.72344971
9481752555,-132.7107611
9482064752,-71.47367096
9482376949,-142.596488
9482689147,-71.33118439
9483001344,-139.8023443
9483313541,-71.81045532
9483625738,-127.4018545
9483937936,-71.70839691
9484250133,-132.6302862
9484562330,-71.37850189
9484874527,-128.6095495
9485186725,-71.52337646
9485498922,-129.3195868
9485811119,-71.34487915
9486123316,-130.5426092
9486435514,-71.51548004
9486747711,-131.3401098
9487059908,-71.76030731
9487372105,-134.8113165
9487684303,-71.57887268
9487996500,-133.4613256
9488308697,-71.45476532
9488620894,-134.6608343
9488933092,-71.39679718
9489245289,-138.9728003
9489557486,-71.71437836
9489869683,-138.1196356
9490181881,-71.43225861
9490494078,-141.8164587
9490806275,-71.50804901
9491118472,-136.2464666
9491430670,-71.72936249
9491742867,-137.6113501
9492055064,-71.52072906
9492367261,-133.251792
9492679459,-71.27829742
9492991656,-131.1418829
9493303853,-71.60617065
9493616051,-128.7416754
9493928248,-71.78559113
9494240445,-132.8581457
9494552642,-71.49832153
9494864840,-139.0368567
9495177037,-71.4513855
9495489234,-132.1226568
9495801431,-71.62638855
9496113629,-137.4525213
9496425826,-71.42658234
9496738023,-130.3501806
9497050220,-71.56557465
9497362418,-130.4531622
9497674615,-71.78541565
9497986812,-133.1005011
9498299009,-71.64073181
9498611207,-135.9602423
9498923404,-71.46076202
9499235601,-135.2342138
9499547798,-71.89888
9499859996,-130.1279669
9500172193,-71.79154968
9500484390,-131.3795996
9500796587,-71.60876465
9501108785,-130.1127691
9501420982,-71.79858398
9501733179,-140.3330145
9502045376,-71.87522888
9502357574,-135.2753973
9502669771,-71.53516388
9502981968,-139.4235907
9503294165,-71.97486877
9503606363,-136.744956
9503918560,-71.8868866
9504230757,-136.0873938
9504542954,-71.8731308
9504855152,-131.0150671
9505167349,-71.64992523
9505479546,-136.6191778
9505791743,-71.92794037
9506103941,-131.0559149
9506416138,-71.78630829
9506728335,-137.4846106
9507040533,-71.70126343
9507352730,-131.812583
9507664927,-71.90284729
9507977124,-138.7506018
9508289322,-71.69213104
9508601519,-129.684638
9508913716,-71.7673111
9509225913,-134.034934
9509538111,-71.89980316
9509850308,-131.1343451
9510162505,-71.89633942
9510474702,-133.2871923
9510786900,-72.02883911
9511099097,-137.9704199
9511411294,-71.79240417
9511723491,-137.8993292
9512035689,-71.95764923
9512347886,-137.1973639
9512660083,-71.59994507
9512972280,-132.3749151
9513284478,-72.13446045
9513596675,-132.0737982
9513908872,-72.01634216
9514221069,-128.8527899
9514533267,-71.68509674
9514845464,-132.6599646
9515157661,-71.9425354
9515469858,-139.0967474
9515782056,-71.79502106
9516094253,-128.5285711
9516406450,-71.84447479
9516718647,-127.4565115
9517030845,-71.82704926
9517343042,-139.7375097
9517655239,-71.78022003
9517967436,-129.7852087
9518279634,-71.55039978
9518591831,-132.0233068
9518904028,-71.85413361
9519216226,-139.3883123
9519528423,-71.86610413
9519840620,-134.9186468
9520152817,-71.55470276
9520465015,-136.53057
9520777212,-71.79670715
9521089409,-138.480567
9521401606,-72.13498688
9521713804,-136.1436834
9522026001,-71.63838196
9522338198,-132.6330938
9522650395,-71.67828369
9522962593,-136.0794287
9523274790,-71.97393799
9523586987,-131.2290564
9523899184,-71.65885925
9524211382,-134.4387274
9524523579,-71.81781769
9524835776,-126.0165701
9525147973,-71.80258942
9525460171,-133.1375799
9525772368,-71.82631683
9526084565,-133.7360296
9526396762,-71.80154419
9526708960,-130.3614111
9527021157,-71.56289673
9527333354,-129.0615149
9527645551,-71.66159058
9527957749,-129.6232214
9528269946,-71.70295715
9528582143,-132.9056616
9528894340,-71.84500885
9529206538,-127.5503836
9529518735,-71.5615387
9529830932,-131.1120977
9530143129,-71.67345428
9530455327,-140.0292883
9530767524,-72.01394653
9531079721,-129.9491186
9531391918,-71.68343353
9531704116,-132.0512457
9532016313,-71.51313782
9532328510,-133.391242
9532640708,-71.6941452
9532952905,-136.2283087
9533265102,-71.44815063
9533577299,-137.2250891
9533889497,-71.67692566
9534201694,-130.2808905
9534513891,-71.61392975
9534826088,-129.1463537
9535138286,-71.20404816
9535450483,-133.0292425
9535762680,-71.5217514
9536074877,-128.8697119
9536387075,-71.6446991
9536699272,-138.1845007
9537011469,-71.31859589
9537323666,-130.6839514
9537635864,-71.61204529
9537948061,-129.1180182
9538260258,-71.84816742
9538572455,-141.1373816
9538884653,-71.32804871
9539196850,-139.4898596
9539509047,-71.3282547
9539821244,-134.6541815
9540133442,-71.65184021
9540445639,-133.4674749
9540757836,-71.47272491
9541070033,-138.0639868
9541382231,-71.18410492
9541694428,-135.6036291
9542006625,-71.48123169
9542318822,-136.6643438
9542631020,-71.13234711
9542943217,-134.0996313
9543255414,-71.40154266
9543567611,-136.37815
9543879809,-71.66927338
9544192006,-129.9123754
9544504203,-71.12562561
9544816401,-132.0468512
9545128598,-71.48742676
9545440795,-138.0492926
9545752992,-71.24584198
9546065190,-131.3520269
9546377387,-70.98735809
9546689584,-134.9071112
9547001781,-71.32711029
9547313979,-130.8218145
9547626176,-71.17592621
9547938373,-137.0329809
9548250570,-70.99092865
9548562768,-130.9699621
9548874965,-71.42475128
9549187162,-129.5172033
9549499359,-71.22653198
9549811557,-129.2506323
9550123754,-71.20882416
9550435951,-127.6748877
9550748148,-71.08782196
9551060346,-132.7594366
9551372543,-71.10572815
9551684740,-131.2325048
9551996937,-70.94725037
9552309135,-134.3158331
9552621332,-71.12390137
9552933529,-129.0679235
9553245726,-71.11534882
9553557924,-147.9251928
9553870121,-71.08327484
9554182318,-128.6429205
9554494515,-71.15115356
9554806713,-132.1628027
9555118910,-71.15509796
9555431107,-134.1900244
9555743304,-71.00176239
9556055502,-131.7451544
9556367699,-71.18428802
9556679896,-131.7902441
9556992094,-71.0015564
9557304291,-129.8385229
9557616488,-71.06429291
9557928685,-128.0712652
9558240883,-71.16597748
9558553080,-132.7942419
9558865277,-71.16918945
9559177474,-130.6499548
9559489672,-71.06362152
9559801869,-128.6732397
9560114066,-71.17118835
9560426263,-140.241416
9560738461,-71.11927795
9561050658,-135.4601812
9561362855,-70.82336426
9561675052,-134.8489752
9561987250,-71.08306122
9562299447,-127.4432898
9562611644,-71.06495667
9562923841,-144.1413183
9563236039,-71.16737366
9563548236,-134.2023077
9563860433,-71.09855652
9564172630,-134.5119696
9564484828,-70.87026215
9564797025,-132.5073309
9565109222,-71.06895447
9565421419,-131.4860449
9565733617,-71.07363129
9566045814,-132.6989508
9566358011,-71.04229736
9566670208,-142.678916
9566982406,-71.06975555
9567294603,-141.439353
9567606800,-71.07884216
9567918997,-128.1291723
9568231195,-71.0746994
9568543392,-133.5834112
9568855589,-71.30573273
9569167786,-133.0662756
9569479984,-71.07082367
9569792181,-130.5853949
9570104378,-71.21587372
9570416576,-131.8291845
9570728773,-71.55934906
9571040970,-134.6493902
9571353167,-70.98563385
9571665365,-127.1966696
9571977562,-71.02632141
9572289759,-130.5761786
9572601956,-71.06112671
9572914154,-134.2489233
9573226351,-70.93865967
9573538548,-132.6536322
9573850745,-71.03226471
9574162943,-131.6418982
9574475140,-71.06707001
9574787337,-131.5422125
9575099534,-70.94239807
9575411732,-133.2541418
9575723929,-71.30718994
9576036126,-132.81565
9576348323,-71.07374573
9576660521,-137.034461
9576972718,-70.95422363
9577284915,-136.4114904
9577597112,-71.1654129
9577909310,-131.3289404
9578221507,-70.88713837
9578533704,-142.1202765
9578845901,-71.1042099
9579158099,-128.7366247
9579470296,-71.19193268
9579782493,-132.7797766
9580094690,-70.9217453
9580406888,-133.3224249
9580719085,-71.01828766
9581031282,-136.3616552
9581343479,-71.09645844
9581655677,-134.5069342
9581967874,-70.95340729
9582280071,-128.5013037
9582592269,-71.0580368
9582904466,-131.8006964
9583216663,-70.99583435
9583528860,-133.7845526
9583841058,-70.89394379
9584153255,-135.6574469
9584465452,-71.06471252
9584777649,-136.4668646
9585089847,-71.10760498
9585402044,-138.1824865
9585714241,-70.92487335
9586026438,-128.9945745
9586338636,-71.05596161
9586650833,-131.1489325
9586963030,-70.86734772
9587275227,-138.9079199
9587587425,-71.02121735
9587899622,-128.664649
9588211819,-70.82084656
9588524016,-130.3993597
9588836214,-70.87476349
9589148411,-134.7394323
9589460608,-70.80815125
9589772805,-128.811698
9590085003,-70.86132813
9590397200,-129.3572912
9590709397,-70.77854919
9591021594,-140.5484381
9591333792,-71.1815567
9591645989,-130.6101446
9591958186,-70.83493805
9592270383,-141.7733679
9592582581,-70.98733521
9592894778,-136.5306005
9593206975,-70.95746613
9593519172,-129.7745886
9593831370,-70.73651886
9594143567,-128.8517828
9594455764,-70.96167755
9594767961,-138.3606482
9595080159,-70.63269043
9595392356,-130.6330633
9595704553,-70.8762207
9596016751,-141.3619299
9596328948,-70.87795258
9596641145,-132.017478
9596953342,-70.72241211
9597265540,-128.9692297
9597577737,-71.02620697
9597889934,-135.6640387
9598202131,-70.91990662
9598514329,-128.2157202
9598826526,-70.7232132
9599138723,-137.6863775
9599450920,-70.91529846
9599763118,-135.2231359
9600075315,-70.8479538
9600387512,-135.4713659
9600699709,-70.60777283
9601011907,-128.5991583
9601324104,-70.82402802
9601636301,-134.3597784
9601948498,-70.72132874
9602260696,-130.1789007
9602572893,-70.71121979
9602885090,-137.3653021
9603197287,-70.67465973
9603509485,-141.4318914
9603821682,-70.66823578
9604133879,-133.539588
9604446076,-70.80879211
9604758274,-133.9292974
9605070471,-70.60246277
9605382668,-136.7942724
9605694865,-70.86354828
9606007063,-131.4250097
9606319260,-70.86153412
9606631457,-134.8448553
9606943654,-70.7610321
9607255852,-139.4266272
9607568049,-70.7538681
9607880246,-130.6075811
9608192444,-70.79373932
9608504641,-127.3380346
9608816838,-70.72337341
9609129035,-136.0824957
9609441233,-70.79999542
9609753430,-133.9756231
9610065627,-70.59807587
9610377824,-136.1071234
9610690022,-70.65779114
9611002219,-130.8098822
9611314416,-70.84024048
9611626613,-133.0237036
9611938811,-70.63317108
9612251008,-132.8585272
9612563205,-70.82223511
9612875402,-134.8202581
9613187600,-70.86798859
9613499797,-132.0056372
9613811994,-70.64622498
9614124191,-128.4964972
9614436389,-70.66625214
9614748586,-140.8340673
9615060783,-70.63851166
9615372980,-130.8008947
9615685178,-70.85477448
9615997375,-131.3052588
9616309572,-70.63741302
9616621769,-141.4380102
9616933967,-70.64347839
9617246164,-135.9188147
9617558361,-70.82666779
9617870558,-135.0356207
9618182756,-70.48290253
9618494953,-137.7910833
9618807150,-70.77559662
9619119347,-137.273139
9619431545,-70.70596313
9619743742,-128.3555975
9620055939,-70.54592896
9620368137,-130.9706945
9620680334,-70.70413208
9620992531,-127.5842886
9621304728,-70.90936279
9621616926,-128.850028
9621929123,-70.42669678
9622241320,-129.3676214
9622553517,-70.59077454
9622865715,-132.0297461
9623177912,-70.68576813
9623490109,-137.8462133
9623802306,-70.66684723
9624114504,-129.1307898
9624426701,-70.59280396
9624738898,-134.4181128
9625051095,-70.76055145
9625363293,-132.1679144
9625675490,-70.6563797
9625987687,-130.0301733
9626299884,-70.48679352
9626612082,-134.2724218
9626924279,-70.66116333
9627236476,-131.3673925
9627548673,-70.7862854
9627860871,-138.622138
9628173068,-70.5718689
9628485265,-138.2144384
9628797462,-70.72786713
9629109660,-133.0105352
9629421857,-70.70011902
9629734054,-140.9193792
9630046251,-70.4269104
9630358449,-132.9499121
9630670646,-70.76222992
9630982843,-135.235755
9631295040,-70.61469269
9631607238,-138.335166
9631919435,-70.45760345
9632231632,-128.6547613
9632543829,-70.64078522
9632856027,-131.6483526
9633168224,-70.87174225
9633480421,-134.4993505
9633792619,-70.72788239
9634104816,-132.5497503
9634417013,-70.58108521
9634729210,-126.6755972
9635041408,-70.67460632
9635353605,-132.7941198
9635665802,-70.57410431
9635977999,-128.5360937
9636290197,-70.4963913
9636602394,-133.4449224
9636914591,-70.63915253
9637226788,-135.1185522
9637538986,-70.58274841
9637851183,-134.733634
9638163380,-70.50576782
9638475577,-135.3658667
9638787775,-70.5610733
9639099972,-137.0960913
9639412169,-70.64871979
9639724366,-134.121253
9640036564,-70.56585693
9640348761,-143.2140722
9640660958,-70.49401855
9640973155,-137.2892065
9641285353,-70.66103363
9641597550,-134.4988317
9641909747,-70.65386963
9642221944,-130.0386877
9642534142,-70.55484009
9642846339,-137.8857946
9643158536,-70.77330017
9643470733,-131.2502356
9643782931,-70.73086548
9644095128,-134.4576941
9644407325,-70.63109589
9644719522,-135.111228
9645031720,-70.70478058
9645343917,-133.0183172
9645656114,-70.76890564
9645968312,-128.116477
9646280509,-70.79995728
9646592706,-132.7438269
9646904903,-70.60024261
9647217101,-133.9757757
9647529298,-70.89587402
9647841495,-130.1182775
9648153692,-70.78434753
9648465890,-130.4094915
9648778087,-70.89698029
9649090284,-127.1546469
9649402481,-70.7950058
9649714679,-127.0188665
9650026876,-70.73646545
9650339073,-130.198493
9650651270,-70.8491745
9650963468,-128.6289282
9651275665,-70.90455627
9651587862,-129.4288092
9651900059,-70.79825592
9652212257,-133.1654882
9652524454,-70.96240997
9652836651,-130.5537786
9653148848,-70.77599335
9653461046,-141.7434607
9653773243,-70.88282013
9654085440,-129.5871344
9654397637,-70.82355499
9654709835,-135.4345465
9655022032,-70.72974396
9655334229,-127.4754477
9655646426,-71.02618408
9655958624,-129.3990393
9656270821,-70.85888672
9656583018,-140.6070776
9656895215,-70.79447174
9657207413,-137.324378
9657519610,-70.68890381
9657831807,-131.8104162
9658144005,-70.7494278
9658456202,-140.5167456
9658768399,-70.78864288
9659080596,-131.7087927
9659392794,-70.74260712
9659704991,-129.0044775
9660017188,-70.77153015
9660329385,-136.9251623
9660641583,-70.82029724
9660953780,-131.0393133
9661265977,-70.95652008
9661578174,-135.9563055
9661890372,-70.83331299
9662202569,-135.632453
9662514766,-70.74097443
9662826963,-132.1028204
9663139161,-70.91909027
9663451358,-129.0538244
9663763555,-70.53792572
9664075752,-132.9705725
9664387950,-71.01442719
9664700147,-135.2822027
9665012344,-70.83021545
9665324541,-131.3314428
9665636739,-70.78050232
9665948936,-133.8400488
9666261133,-70.57131195
9666573330,-135.2565374
9666885528,-70.91772461
9667197725,-126.7469625
9667509922,-70.81215668
9667822119,-132.5098639
9668134317,-70.65955353
9668446514,-134.1696081
9668758711,-70.69288635
9669070908,-137.4366674
9669383106,-70.91436768
9669695303,-130.63729
9670007500,-70.90653992
9670319697,-133.6368322
9670631895,-70.87741089
9670944092,-134.7240667
9671256289,-70.67482758
9671568487,-130.335288
9671880684,-71.04109192
9672192881,-132.5646124
9672505078,-70.82675171
9672817276,-131.9372473
9673129473,-70.8409729
9673441670,-128.7625799
9673753867,-70.70748138
9674066065,-126.3816442
9674378262,-70.72978973
9674690459,-135.8875799
9675002656,-70.86528015
9675314854,-129.8892889
9675627051,-70.63991547
9675939248,-133.8354254
9676251445,-70.77613831
9676563643,-133.1955481
9676875840,-71.03951263
9677188037,-134.0534887
9677500234,-70.5407486
9677812432,-137.0618505
9678124629,-70.84454346
9678436826,-132.2637091
9678749023,-70.73823547
9679061221,-136.6816778
9679373418,-70.96044922
9679685615,-137.0641088
9679997812,-70.717453
9680310010,-132.7429419
9680622207,-70.88380432
9680934404,-141.8108435
9681246601,-70.78559113
9681558799,-126.2605886
9681870996,-70.70206451
9682183193,-127.6395864
9682495390,-70.74201965
9682807588,-136.8846197
9683119785,-70.84884644
9683431982,-127.54531
9683744180,-70.91011047
9684056377,-129.8069677
9684368574,-70.79425049
9684680771,-138.2641516
9684992969,-70.79084015
9685305166,-134.2215185
9685617363,-71.0762558
9685929560,-134.470191
9686241758,-70.83251953
9686553955,-134.7982397
9686866152,-71.00695801
9687178349,-137.730155
9687490547,-70.80731964
9687802744,-132.5696936
9688114941,-70.85681915
9688427138,-139.7973242
9688739336,-70.82621765
9689051533,-135.346076
9689363730,-70.91246796
9689675927,-128.9781103
9689988125,-71.04281616
9690300322,-131.1795111
9690612519,-70.88947296
9690924716,-127.410285
9691236914,-70.83608246
9691549111,-136.1878881
9691861308,-70.76726532
9692173505,-129.9794073
9692485703,-71.15042877
9692797900,-129.706275
9693110097,-71.04118347
9693422294,-132.382453
9693734492,-70.98706055
9694046689,-134.8888464
9694358886,-70.75949097
9694671083,-131.1152105
9694983281,-70.74726105
9695295478,-129.9292822
9695607675,-71.41337585
9695919872,-138.2041845
9696232070,-70.9462204
9696544267,-136.4773474
9696856464,-70.9905777
9697168662,-138.0606756
9697480859,-71.07829285
9697793056,-133.5763464
9698105253,-71.05136871
9698417451,-133.9558325
9698729648,-71.14349365
9699041845,-136.9362707
9699354042,-71.09451294
9699666240,-136.0854712
9699978437,-71.08448792
9700290634,-132.5681524
9700602831,-71.14673615
9700915029,-134.0251837
9701227226,-71.04718018
9701539423,-133.4905462
9701851620,-70.98436737
9702163818,-127.6048269
9702476015,-71.09867096
9702788212,-136.0202398
9703100409,-71.2137146
9703412607,-130.996604
9703724804,-71.11636353
9704037001,-127.0048285
9704349198,-71.01386261
9704661396,-131.1068945
9704973593,-71.08921814
9705285790,-129.6940069
9705597987,-71.29392242
9705910185,-137.3377447
9706222382,-71.10543823
9706534579,-136.652442
9706846776,-71.15874481
9707158974,-133.7343969
9707471171,-71.31788635
9707783368,-134.6159735
9708095565,-71.16908264
9708407763,-140.3349066
9708719960,-71.17168427
9709032157,-132.1436987
9709344355,-71.18530273
9709656552,-136.9983435
9709968749,-71.43997955
9710280946,-130.3144903
9710593144,-71.19564056
9710905341,-133.0525274
9711217538,-71.28863525
9711529735,-132.3510504
9711841933,-71.3037262
9712154130,-135.3213263
9712466327,-71.25341034
9712778524,-132.0431585
9713090722,-71.33317566
9713402919,-132.8732977
9713715116,-71.44454193
9714027313,-129.721549
9714339511,-71.21121979
9714651708,-134.5592871
9714963905,-71.44753265
9715276102,-148.5624304
9715588300,-71.52729797
9715900497,-137.8746405
9716212694,-71.27266693
9716524891,-132.106513
9716837089,-71.44282532
9717149286,-133.0505743
9717461483,-71.31754303
9717773680,-135.1264257
9718085878,-71.30176544
9718398075,-127.6833715
9718710272,-71.32862091
9719022469,-131.1115179
9719334667,-71.50466156
9719646864,-129.3811254
9719959061,-71.33307648
9720271258,-130.3420782
9720583456,-71.16884613
9720895653,-127.2425146
9721207850,-71.4551239
9721520048,-131.4790716
9721832245,-71.17182922
9722144442,-129.4958715
9722456639,-71.48384094
9722768837,-130.8397284
9723081034,-71.30784607
9723393231,-132.6943731
9723705428,-71.31705475
9724017626,-130.562705
9724329823,-71.35419464
9724642020,-132.1461554
9724954217,-71.23405457
9725266415,-133.5032415
9725578612,-71.5585556
9725890809,-130.1684942
9726203006,-71.25836182
9726515204,-139.0910101
9726827401,-71.27786255
9727139598,-138.0786657
9727451795,-71.30912018
9727763993,-128.4984198
9728076190,-71.57115173
9728388387,-132.4932013
9728700584,-71.24082184
9729012782,-133.319663
9729324979,-71.3588028
9729637176,-138.5902777
9729949373,-71.20044708
9730261571,-132.0460577
9730573768,-71.23023987
9730885965,-129.3080816
9731198162,-70.98957062
9731510360,-136.9598913
9731822557,-71.48016357
9732134754,-129.5124426
9732446951,-71.21083832
9732759149,-128.7043982
9733071346,-71.22225189
9733383543,-131.1183233
9733695740,-71.11387634
9734007938,-131.6750708
9734320135,-71.11867523
9734632332,-138.1612768
9734944530,-71.31603241
9735256727,-127.4242392
9735568924,-71.1650238
9735881121,-133.9810095
9736193319,-71.02577972
9736505516,-130.8498297
9736817713,-71.01441193
9737129910,-134.8049231
9737442108,-71.43151855
9737754305,-130.3655615
9738066502,-71.12103271
9738378699,-130.9156866
9738690897,-71.0721817
9739003094,-133.1319036
9739315291,-70.97776794
9739627488,-136.0117865
9739939686,-71.2515564
9740251883,-133.1451788
9740564080,-71.33499146
9740876277,-131.2362127
9741188475,-71.01054382
9741500672,-128.911994
9741812869,-71.14616394
9742125066,-134.1730719
9742437264,-71.18991852
9742749461,-134.9877691
9743061658,-71.2851181
9743373855,-137.2164984
9743686053,-71.00991058
9743998250,-136.6068792
9744310447,-71.02500153
9744622644,-130.7395391
9744934842,-70.94895935
9745247039,-131.4925146
9745559236,-71.05812073
9745871433,-134.8052588
9746183631,-71.06365967
9746495828,-141.2231207
9746808025,-71.46973419
9747120223,-133.4302435
9747432420,-71.03063965
9747744617,-134.9100714
9748056814,-71.04646301
9748369012,-131.5576849
9748681209,-71.05641174
9748993406,-136.6673498
9749305603,-71.447052
9749617801,-137.0219793
9749929998,-71.40702057
9750242195,-127.2517157
9750554392,-71.23261261
9750866590,-133.2972631
9751178787,-71.10689545
9751490984,-134.4033117
9751803181,-71.31484985
9752115379,-133.7771063
9752427576,-71.37213135
9752739773,-131.5097876
9753051970,-71.34049225
9753364168,-137.2187262
9753676365,-71.1214447
9753988562,-140.040122
9754300759,-71.35437775
9754612957,-130.17208
9754925154,-71.5711441
9755237351,-133.2426062
9755549548,-71.18894196
9755861746,-131.1582861
9756173943,-71.4101181
9756486140,-131.5801001
9756798337,-71.32335663
9757110535,-128.0134192
9757422732,-71.35124207
9757734929,-130.0609198
9758047126,-71.37031555
9758359324,-133.3658819
9758671521,-71.3401413
9758983718,-132.8609533
9759295915,-71.28792572
9759608113,-133.0049505
9759920310,-71.64506531
9760232507,-129.3912268
9760544705,-71.45100403
9760856902,-138.1479712
9761169099,-71.30691528
9761481296,-127.1745901
9761793494,-71.78899384
9762105691,-131.2630072
9762417888,-71.50233459
9762730085,-133.4949713
9763042283,-71.2384491
9763354480,-149.2607794
9763666677,-71.66467285
9763978874,-137.6561041
9764291072,-71.47135162
9764603269,-135.0690832
9764915466,-71.5352478
9765227663,-134.3113165
9765539861,-71.52859497
9765852058,-132.075614
9766164255,-71.57706451
9766476452,-138.0895605
9766788650,-71.65345764
9767100847,-136.2999487
9767413044,-71.43073273
9767725241,-134.0377722
9768037439,-71.59238434
9768349636,-146.4846258
9768661833,-71.60997772
9768974030,-136.6349554
9769286228,-71.87525177
9769598425,-133.9972296
9769910622,-71.45556641
9770222819,-127.7590551
9770535017,-71.49521637
9770847214,-130.659812
9771159411,-71.45842743
9771471608,-135.4971228
9771783806,-71.8758316
9772096003,-134.5622473
9772408200,-71.78540039
9772720398,-133.670722
9773032595,-71.58177948
9773344792,-133.8367834
9773656989,-71.54573059
9773969187,-128.6017981
9774281384,-71.92344666
9774593581,-137.0307379
9774905778,-71.71174622
9775217976,-127.746253
9775530173,-71.76315308
9775842370,-127.7969198
9776154567,-71.65140533
9776466765,-130.2736273
9776778962,-71.83951569
9777091159,-133.2037725
9777403356,-71.58444977
9777715554,-132.1998053
9778027751,-71.80857086
9778339948,-132.7884588
9778652145,-71.75561523
9778964343,-130.1617498
9779276540,-71.82759857
9779588737,-128.3486242
9779900934,-71.70188141
9780213132,-132.2782965
9780525329,-71.51222992
9780837526,-138.1878881
9781149723,-71.83115387
9781461921,-139.0286016
9781774118,-71.8303833
9782086315,-133.2923956
9782398512,-71.86782837
9782710710,-129.2163916
9783022907,-71.60541534
9783335104,-138.030448
9783647301,-71.50836182
9783959499,-131.0235205
9784271696,-71.77217102
9784583893,-132.1222143
9784896091,-71.8801651
9785208288,-130.6824408
9785520485,-71.49649048
9785832682,-134.1733465
9786144880,-71.57141113
9786457077,-129.2948065
9786769274,-71.70807648
9787081471,-129.277854
9787393669,-71.77124023
9787705866,-133.0634832
9788018063,-71.71607971
9788330260,-134.4392462
9788642458,-71.68296814
9788954655,-134.862525
9789266852,-71.66088104
9789579049,-131.1900091
9789891247,-71.84751892
9790203444,-128.9616461
9790515641,-71.40210724
9790827838,-132.6157141
9791140036,-71.65415192
9791452233,-133.3300238
9791764430,-71.59164429
9792076627,-127.8870459
9792388825,-71.7305069
9792701022,-137.9820929
9793013219,-71.61141205
9793325416,-133.0329962
9793637614,-71.64297485
9793949811,-129.3406439
9794262008,-71.56135559
9794574205,-128.4138403
9794886403,-71.67743683
9795198600,-136.7185888
9795510797,-71.62595367
9795822994,-130.4892187
9796135192,-71.79715729
9796447389,-130.6398535
9796759586,-71.50387573
9797071783,-135.400733
9797383981,-71.61260986
9797696178,-131.0197363
9798008375,-71.38988495
9798320573,-129.5895147
9798632770,-71.47289276
9798944967,-135.0074224
9799257164,-71.5235672
9799569362,-132.9693975
9799881559,-71.79104614
9800193756,-126.6396093
9800505953,-71.5623703
9800818151,-132.1957769
9801130348,-71.58446503
9801442545,-133.9295416
9801754742,-71.50807953
9802066940,-129.4038458
9802379137,-71.5007782
9802691334,-128.8754797
9803003531,-71.44276428
9803315729,-144.0064001
9803627926,-71.67945862
9803940123,-137.4596319
9804252320,-71.51268005
9804564518,-132.968482
9804876715,-71.53477478
9805188912,-132.0314856
9805501109,-71.50248718
9805813307,-139.6366644
9806125504,-71.62526703
9806437701,-144.3674841
9806749898,-71.42394257
9807062096,-127.6300955
9807374293,-71.92080688
9807686490,-139.4640875
9807998687,-71.47106934
9808310885,-130.0701818
9808623082,-71.3888092
9808935279,-136.1253729
9809247476,-71.39620209
9809559674,-133.381156
9809871871,-71.37493896
9810184068,-131.5416632
9810496266,-71.41835022
9810808463,-137.0125799
9811120660,-71.45440674
9811432857,-135.5780249
9811745055,-71.65361786
9812057252,-132.4920721
9812369449,-71.72496033
9812681646,-131.1751165
9812993844,-71.2568512
9813306041,-132.9948645
9813618238,-71.38478088
9813930435,-132.2923193
9814242633,-71.41642761
9814554830,-132.2695837
9814867027,-71.6288681
9815179224,-138.7767553
9815491422,-71.51794434
9815803619,-138.9612799
9816115816,-71.36438751
9816428013,-132.7687445
9816740211,-71.57536316
9817052408,-135.1227942
9817364605,-71.3813858
9817676802,-130.8719702
9817989000,-71.3417511
9818301197,-137.1079626
9818613394,-71.28887939
9818925591,-128.4526587
9819237789,-71.58805084
9819549986,-136.9382849
9819862183,-71.74536896
9820174380,-130.6965094
9820486578,-71.41543579
9820798775,-135.3237219
9821110972,-71.52498627
9821423169,-143.6035681
9821735367,-71.6867218
9822047564,-151.0661535
9822359761,-71.52875519
9822671958,-133.3424749
9822984156,-71.52659607
9823296353,-135.1666327
9823608550,-71.52811432
9823920748,-134.0767736
9824232945,-71.76334381
9824545142,-130.0508337
9824857339,-71.57230377
9825169537,-132.3615179
9825481734,-71.73256683
9825793931,-131.6479406
9826106128,-71.71865082
9826418326,-134.0086126
9826730523,-71.86274719
9827042720,-126.9334249
9827354917,-71.71066284
9827667115,-133.4104681
9827979312,-71.92311096
9828291509,-132.8093328
9828603706,-71.77984619
9828915904,-132.0119848
9829228101,-71.91365051
9829540298,-129.0267096
9829852495,-71.70497131
9830164693,-133.0674353
9830476890,-71.7233963
9830789087,-128.5351324
9831101284,-71.94245148
9831413482,-135.7897406
9831725679,-71.91751099
9832037876,-134.0002203
9832350073,-71.91020966
9832662271,-131.2523413
9832974468,-71.6603775
9833286665,-129.1129827
9833598862,-72.03083801
9833911060,-130.0309668
9834223257,-72.02794647
9834535454,-136.0589666
9834847651,-71.98022461
9835159849,-131.0710058
9835472046,-71.82152557
9835784243,-127.3581457
9836096441,-71.98913574
9836408638,-136.0546942
9836720835,-72.19275665
9837033032,-136.6449041
9837345230,-72.30157471
9837657427,-131.35781
9837969624,-72.00765228
9838281821,-142.831687
9838594019,-72.38912964
9838906216,-130.5164099
9839218413,-72.18560028
9839530610,-130.0460882
9839842808,-72.13935089
9840155005,-130.9008703
9840467202,-72.20994568
9840779399,-132.1356115
9841091597,-72.41945648
9841403794,-133.3747625
9841715991,-72.11670685
9842028188,-135.6487036
9842340386,-72.61650848
9842652583,-131.8322363
9842964780,-72.16825104
9843276977,-132.1651983
9843589175,-72.26163483
9843901372,-130.9415808
9844213569,-72.19553375
9844525766,-134.0518866
9844837964,-72.3506546
9845150161,-146.1556005
9845462358,-72.23972321
9845774555,-133.0252752
9846086753,-72.33237457
9846398950,-136.2472754
9846711147,-72.44633484
9847023344,-136.4839697
9847335542,-72.3126297
9847647739,-134.5143957
9847959936,-72.19655609
9848272134,-139.5906439
9848584331,-72.22232819
9848896528,-133.6817999
9849208725,-72.10404968
9849520923,-137.3432989
9849833120,-72.39880371
9850145317,-128.2576056
9850457514,-72.42712402
9850769712,-129.6497717
9851081909,-72.42437744
9851394106,-129.7675543
9851706303,-72.44734955
9852018501,-130.3233557
9852330698,-72.46885681
9852642895,-129.4930639
9852955092,-72.38599396
9853267290,-132.7747412
9853579487,-72.39868164
9853891684,-127.182807
9854203881,-72.41430664
9854516079,-136.6078253
9854828276,-72.06246185
9855140473,-140.356925
9855452670,-72.30812073
9855764868,-140.1579504
9856077065,-72.42002106
9856389262,-133.4628668
9856701459,-72.37097168
9857013657,-130.1639318
9857325854,-72.43657684
9857638051,-131.5612249
9857950248,-72.29051209
9858262446,-143.2733679
9858574643,-72.24073029
9858886840,-132.0165319
9859199037,-72.3687973
9859511235,-144.9560156
9859823432,-72.44174957
9860135629,-134.3922338
9860447826,-72.17515564
9860760024,-135.36695
9861072221,-72.28778839
9861384418,-131.9643927
9861696616,-72.26887512
9862008813,-136.8438177
9862321010,-72.4491272
9862633207,-136.4772711
9862945405,-72.13990784
9863257602,-132.5543737
9863569799,-71.95709991
9863881996,-135.9029455
9864194194,-72.18511963
9864506391,-139.4646368
9864818588,-72.16693878
9865130785,-131.2085485
9865442983,-71.89666748
9865755180,-138.9924536
9866067377,-72.15629578
9866379574,-131.3000555
9866691772,-72.10356903
9867003969,-132.7135382
9867316166,-72.14933014
9867628363,-134.5407782
9867940561,-72.04148102
9868252758,-131.4821539
9868564955,-72.03799438
9868877152,-134.7469397
9869189350,-72.03451538
9869501547,-130.4793615
9869813744,-72.18095398
9870125941,-127.479537
9870438139,-71.88056183
9870750336,-143.7806158
9871062533,-71.91529083
9871374730,-128.6234808
9871686928,-71.87358856
9871999125,-130.8586035
9872311322,-72.04428864
9872623519,-130.7955999
9872935717,-71.90851593
9873247914,-132.0238714
9873560111,-72.04760742
9873872309,-131.6977453
9874184506,-71.8625946
9874496703,-130.6594763
9874808900,-71.88115692
9875121098,-129.1978674
9875433295,-71.85783386
9875745492,-137.6696692
9876057689,-71.5927124
9876369887,-130.366065
9876682084,-71.82514191
9876994281,-132.871665
9877306478,-71.95615387
9877618676,-132.4749823
9877930873,-71.85785675
9878243070,-139.3269873
9878555267,-71.80513763
9878867465,-132.6943731
9879179662,-71.96186829
9879491859,-134.6296606
9879804056,-71.80404663
9880116254,-127.6729345
9880428451,-71.83731079
9880740648,-131.9776525
9881052845,-71.858078
9881365043,-133.2287054
9881677240,-71.79579926
9881989437,-132.9893103
9882301634,-71.55052185
9882613832,-135.308219
9882926029,-71.69329071
9883238226,-129.0305853
9883550423,-71.57736206
9883862621,-138.9597692
9884174818,-71.88401794
9884487015,-138.3771582
9884799212,-71.83937836
9885111410,-133.7185736
9885423607,-71.81017303
9885735804,-137.8123693
9886048002,-71.80154419
9886360199,-141.428443
9886672396,-71.98326874
9886984593,-126.114028
9887296791,-71.70417786
9887608988,-133.3974371
9887921185,-71.78447723
9888233382,-137.4037695
9888545580,-71.67663574
9888857777,-133.8167334
9889169974,-71.82381439
9889482171,-131.4011908
9889794369,-71.76153564
9890106566,-131.7776709
9890418763,-71.99323273
9890730960,-131.7220068
9891043158,-71.99562836
9891355355,-139.8902807
9891667552,-71.93187714
9891979749,-138.5830145
9892291947,-71.82402802
9892604144,-129.0253668
9892916341,-71.92932129
9893228538,-136.2477789
9893540736,-71.81044769
9893852933,-136.3324804
9894165130,-71.76139832
9894477327,-127.7089224
9894789525,-71.90710449
9895101722,-128.8835516
9895413919,-71.76766205
9895726116,-136.4366827
9896038314,-71.78769684
9896350511,-134.755332
9896662708,-71.82169342
9896974905,-130.2121496
9897287103,-71.89390564
9897599300,-130.3020086
9897911497,-71.71183014
9898223694,-128.476615
9898535892,-71.71863556
9898848089,-132.0103827
9899160286,-71.77762604
9899472484,-132.4338903
9899784681,-71.85277557
9900096878,-129.7679358
9900409075,-72.09123993
9900721273,-128.6766272
9901033470,-71.64666748
9901345667,-137.5907354
9901657864,-71.9318924
9901970062,-132.0052862
9902282259,-71.76660156
9902594456,-139.9823523
9902906653,-71.67259216
9903218851,-129.4346228
9903531048,-71.77334595
9903843245,-132.8315649
9904155442,-71.67420197
9904467640,-132.1716528
9904779837,-71.80435181
9905092034,-134.2714453
9905404231,-71.95507813
9905716429,-129.5370398
9906028626,-71.85666656
9906340823,-130.7012548
9906653020,-71.77662659
9906965218,-134.4377356
9907277415,-71.8428421
9907589612,-135.6239843
9907901809,-72.05310059
9908214007,-131.740653
9908526204,-71.88192749
9908838401,-130.7397375
9909150598,-71.99591064
9909462796,-138.5066137
9909774993,-71.83869934
9910087190,-136.54
9910399387,-71.91740417
9910711585,-128.7203436
9911023782,-72.12766266
9911335979,-128.855628
9911648177,-71.76246643
9911960374,-130.931159
9912272571,-71.93377686
9912584768,-130.0434332
9912896966,-72.15065002
9913209163,-129.0741186
9913521360,-72.08677673
9913833557,-134.0298529
9914145755,-72.19341278
9914457952,-134.2393866
9914770149,-72.0942688
9915082346,-131.8707495
9915394544,-72.35890961
9915706741,-129.2963324
9916018938,-72.17377472
9916331135,-133.3290014
9916643333,-72.21426392
9916955530,-129.2023993
9917267727,-72.05925751
9917579924,-124.2151861
9917892122,-72.21219635
9918204319,-133.5959845
9918516516,-72.51138306
9918828713,-132.9662085
9919140911,-72.266716
9919453108,-127.5549383
9919765305,-72.24546814
9920077502,-130.3249884
9920389700,-72.19482422
9920701897,-135.44242
9921014094,-72.40582275
9921326291,-131.5656958
9921638489,-72.12073517
9921950686,-133.6941442
9922262883,-72.2670517
9922575080,-131.8340826
9922887278,-72.65957642
9923199475,-131.7922583
9923511672,-72.42593384
9923823869,-137.1830816
9924136067,-72.46201324
9924448264,-130.7701025
9924760461,-72.44591522
9925072659,-133.8127966
9925384856,-72.42539978
9925697053,-137.1899023
9926009250,-72.30934906
9926321448,-131.7191076
9926633645,-72.42553711
9926945842,-137.9146795
9927258039,-72.51380157
9927570237,-133.257453
9927882434,-72.32646179
9928194631,-131.7362127
9928506828,-72.52349091
9928819026,-138.4837255
9929131223,-72.4103775
9929443420,-135.4352789
9929755617,-72.27742004
9930067815,-128.3828955
9930380012,-72.15769196
9930692209,-129.1120214
9931004406,-72.59210968
9931316604,-134.1552191
9931628801,-72.59070587
9931940998,-137.3801947
9932253195,-72.42541504
9932565393,-129.496604
9932877590,-72.37770844
9933189787,-133.6255407
9933501984,-72.60119629
9933814182,-148.3250647
9934126379,-72.64756775
9934438576,-132.9701147
9934750773,-72.56679535
9935062971,-137.9897985
9935375168,-72.55216217
9935687365,-131.279151
9935999562,-72.27075195
9936311760,-133.8845739
9936623957,-72.31785583
9936936154,-130.1812963
9937248352,-72.22605133
9937560549,-128.0515203
9937872746,-72.49951935
9938184943,-129.2899542
9938497141,-72.32907867
9938809338,-130.8253088
9939121535,-72.42689514
9939433732,-139.2014379
9939745930,-72.23220062
9940058127,-141.0021124
9940370324,-72.26167297
9940682521,-129.3813543
9940994719,-72.45796204
9941306916,-133.8469
9941619113,-72.10894012
9941931310,-131.3254004
9942243508,-72.30082703
9942555705,-137.1255865
9942867902,-72.35748291
9943180099,-130.7589025
9943492297,-72.12236786
9943804494,-131.5247717
9944116691,-72.21797943
9944428888,-136.8884039
9944741086,-71.99756622
9945053283,-134.7615728
9945365480,-72.2004776
9945677677,-127.7966452
9945989875,-72.13072205
9946302072,-127.2991552
9946614269,-72.18223572
9946926466,-136.455802
9947238664,-72.06912994
9947550861,-141.69596
9947863058,-72.22058868
9948175255,-134.9155035
9948487453,-71.99282837
9948799650,-136.2994604
9949111847,-71.98040009
9949424045,-131.0454626
9949736242,-72.17155457
9950048439,-131.5097876
9950360636,-71.88252258
9950672834,-136.6330328
9950985031,-71.97659302
9951297228,-137.5406713
9951609425,-71.95822144
9951921623,-128.7728796
9952233820,-71.74435425
9952546017,-130.9019842
9952858214,-72.19120026
9953170412,-127.9806204
9953482609,-71.90898132
9953794806,-130.9945898
9954107003,-71.98174286
9954419201,-134.970603
9954731398,-71.76273346
9955043595,-130.1699896
9955355792,-71.61721802
9955667990,-131.2621069
9955980187,-72.07875824
9956292384,-134.3165045
9956604581,-71.59737396
9956916779,-128.9448614
9957228976,-71.78110504
9957541173,-137.6781073
9957853370,-71.86341858
9958165568,-139.2038336
9958477765,-71.65322876
9958789962,-132.0308599
9959102159,-71.95308685
9959414357,-126.4548941
9959726554,-71.84431458
9960038751,-132.185935
9960350948,-71.75024414
9960663146,-130.8637762
9960975343,-71.74656677
9961287540,-132.2043066
9961599737,-71.81712341
9961911935,-143.1769018
9962224132,-71.72819519
9962536329,-129.0139532
9962848527,-71.73628235
9963160724,-128.6119299
9963472921,-71.81491852
9963785118,-130.4228277
9964097316,-71.69659424
9964409513,-133.2244024
9964721710,-71.69659424
9965033907,-137.0909033
9965346105,-71.9310379
9965658302,-132.8451757
9965970499,-71.72158051
9966282696,-128.4127722
9966594894,-72.10595703
9966907091,-132.4850531
9967219288,-71.58856201
9967531485,-129.3600988
9967843683,-71.73921967
9968155880,-134.9147558
9968468077,-72.02658081
9968780274,-129.3439398
9969092472,-71.8465271
9969404669,-134.0159216
9969716866,-71.79728699
9970029063,-138.9069281
9970341261,-71.94794464
9970653458,-130.9012671
9970965655,-71.94794464
9971277852,-126.9068899
9971590050,-72.05010223
9971902247,-141.582099
9972214444,-71.79801941
9972526641,-137.0107946
9972838839,-72.03834534
9973151036,-129.3520269
9973463233,-71.9883728
9973775430,-134.4943762
9974087628,-71.76274109
9974399825,-130.6940222
9974712022,-71.62310791
9975024220,-131.5884314
9975336417,-72.01703644
9975648614,-140.5936193
9975960811,-71.78700256
9976273009,-133.8299932
9976585206,-71.75392914
9976897403,-135.6959906
9977209600,-71.85829163
9977521798,-133.1825171
9977833995,-71.78993988
9978146192,-149.0351019
9978458389,-71.72820282
9978770587,-130.3485937
9979082784,-71.91561127
9979394981,-137.4892492
9979707178,-71.84506226
9980019376,-132.1234808
9980331573,-71.95970917
9980643770,-132.471839
9980955967,-72.02658844
9981268165,-132.7283239
9981580362,-72.06333923
9981892559,-129.385108
9982204756,-71.96852875
9982516954,-130.5992193
9982829151,-72.05378723
9983141348,-134.3804693
9983453545,-72.03541565
9983765743,-134.9346075
9984077940,-72.0765686
9984390137,-133.7035894
9984702334,-71.93399048
9985014532,-133.1979589
9985326729,-72.1419754
9985638926,-129.6864233
9985951123,-72.08245087
9986263321,-127.4184103
9986575518,-72.11184692
9986887715,-134.0019751
9987199912,-71.66794586
9987512110,-131.630332
9987824307,-72.09274292
9988136504,-134.4561682
9988448702,-71.8061142
9988760899,-131.136466
9989073096,-72.06040192
9989385293,-132.3542547
9989697491,-71.94061279
9990009688,-132.7386236
9990321885,-71.86123657
9990634082,-129.301322
9990946280,-71.96118927
9991258477,-133.6087866
9991570674,-72.05819702
9991882871,-134.6876745
9992195069,-71.98103333
9992507266,-145.8469458
9992819463,-72.09715271
9993131660,-131.2547827
9993443858,-71.89798737
9993756055,-133.0215673
9994068252,-72.25737
9994380449,-132.4328833
9994692647,-71.96045685
9995004844,-128.9066687
9995317041,-72.01778412
9995629238,-138.0132666
9995941436,-72.14125061
9996253633,-131.2305365
9996565830,-72.11405945
9996878027,-126.8216543
9997190225,-71.92591858
9997502422,-129.2344427
9997814619,-72.21327209
9998126816,-133.4257879
9998439014,-72.09862518
9998751211,-133.4316778
9999063408,-72.14051819
9999375605,-128.193778
9999687803,-72.30808258
10000000000,-131.4965887